,id,size_id,parameter_name,parameter_value
0,1,1,Kragenweite,36.0
1,2,1,Oberweite,98.0
2,3,1,Taillenweite,86.0
3,4,1,Rückenbreite,38.0
4,5,1,Hemdenlänge:,
5,6,1,bei Armlänge extra kurz,76.0
6,7,1,bei Armlänge normal,76.0
7,8,1,bei Armlänge extra lang,79.0
8,9,2,Kragenweite,37.5
9,10,2,Oberweite,104.0
10,11,2,Taillenweite,92.0
11,12,2,Rückenbreite,40.0
12,13,2,Hemdenlänge:,
13,14,2,bei Armlänge extra kurz,78.0
14,15,2,bei Armlänge normal,78.0
15,16,2,bei Armlänge extra lang,81.0
16,17,3,Kragenweite,39.5
17,18,3,Oberweite,110.0
18,19,3,Taillenweite,98.0
19,20,3,Rückenbreite,42.0
20,21,3,Hemdenlänge:,
21,22,3,bei Armlänge extra kurz,80.0
22,23,3,bei Armlänge normal,80.0
23,24,3,bei Armlänge extra lang,83.0
24,25,4,Kragenweite,41.5
25,26,4,Oberweite,116.0
26,27,4,Taillenweite,104.0
27,28,4,Rückenbreite,44.0
28,29,4,Hemdenlänge:,
29,30,4,bei Armlänge extra kurz,80.0
30,31,4,bei Armlänge normal,80.0
31,32,4,bei Armlänge extra lang,83.0
32,33,5,Kragenweite,43.5
33,34,5,Oberweite,124.0
34,35,5,Taillenweite,112.0
35,36,5,Rückenbreite,46.0
36,37,5,Hemdenlänge:,
37,38,5,bei Armlänge extra kurz,83.0
38,39,5,bei Armlänge normal,83.0
39,40,5,bei Armlänge extra lang,87.0
40,41,6,Kragenweite,45.5
41,42,6,Oberweite,132.0
42,43,6,Taillenweite,120.0
43,44,6,Rückenbreite,48.0
44,45,6,Hemdenlänge:,
45,46,6,bei Armlänge extra kurz,85.0
46,47,6,bei Armlänge normal,85.0
47,48,6,bei Armlänge extra lang,89.0
48,49,7,Kragenweite,47.5
49,50,7,Oberweite,
50,51,7,Taillenweite,
51,52,7,Rückenbreite,
52,53,7,Hemdenlänge:,
53,54,7,bei Armlänge extra kurz,
54,55,7,bei Armlänge normal,
55,56,7,bei Armlänge extra lang,
56,57,8,Kragenweite,49.5
57,58,8,Oberweite,
58,59,8,Taillenweite,
59,60,8,Rückenbreite,
60,61,8,Hemdenlänge:,
61,62,8,bei Armlänge extra kurz,
62,63,8,bei Armlänge normal,
63,64,8,bei Armlänge extra lang,
64,65,9,Kragenweite,52.0
65,66,9,Oberweite,
66,67,9,Taillenweite,
67,68,9,Rückenbreite,
68,69,9,Hemdenlänge:,
69,70,9,bei Armlänge extra kurz,
70,71,9,bei Armlänge normal,
71,72,9,bei Armlänge extra lang,
72,73,10,Kragenweite,54.0
73,74,10,Oberweite,
74,75,10,Taillenweite,
75,76,10,Rückenbreite,
76,77,10,Hemdenlänge:,
77,78,10,bei Armlänge extra kurz,
78,79,10,bei Armlänge normal,
79,80,10,bei Armlänge extra lang,
80,81,11,Kragenweite,36.0
81,82,11,Oberweite,
82,83,11,Taillenweite,
83,84,11,Rückenbreite,
84,85,11,Hemdenlänge:,
85,86,11,bei Armlänge normal,
86,87,11,bei Armlänge extra lang,
87,88,12,Kragenweite,37.5
88,89,12,Oberweite,114.0
89,90,12,Taillenweite,102.0
90,91,12,Rückenbreite,47.0
91,92,12,Hemdenlänge:,
92,93,12,bei Armlänge normal,82.0
93,94,12,bei Armlänge extra lang,85.0
94,95,13,Kragenweite,39.5
95,96,13,Oberweite,120.0
96,97,13,Taillenweite,106.0
97,98,13,Rückenbreite,485.0
98,99,13,Hemdenlänge:,
99,100,13,bei Armlänge normal,82.0
100,101,13,bei Armlänge extra lang,85.0
101,102,14,Kragenweite,41.5
102,103,14,Oberweite,126.0
103,104,14,Taillenweite,112.0
104,105,14,Rückenbreite,50.0
105,106,14,Hemdenlänge:,
106,107,14,bei Armlänge normal,82.0
107,108,14,bei Armlänge extra lang,85.0
108,109,15,Kragenweite,43.5
109,110,15,Oberweite,132.0
110,111,15,Taillenweite,122.0
111,112,15,Rückenbreite,515.0
112,113,15,Hemdenlänge:,
113,114,15,bei Armlänge normal,85.0
114,115,15,bei Armlänge extra lang,90.0
115,116,16,Kragenweite,45.5
116,117,16,Oberweite,138.0
117,118,16,Taillenweite,130.0
118,119,16,Rückenbreite,53.0
119,120,16,Hemdenlänge:,
120,121,16,bei Armlänge normal,85.0
121,122,16,bei Armlänge extra lang,90.0
122,123,17,Kragenweite,47.5
123,124,17,Oberweite,
124,125,17,Taillenweite,
125,126,17,Rückenbreite,
126,127,17,Hemdenlänge:,
127,128,17,bei Armlänge normal,
128,129,17,bei Armlänge extra lang,
129,130,18,Kragenweite,49.5
130,131,18,Oberweite,
131,132,18,Taillenweite,
132,133,18,Rückenbreite,
133,134,18,Hemdenlänge:,
134,135,18,bei Armlänge normal,
135,136,18,bei Armlänge extra lang,
136,137,19,Kragenweite,52.0
137,138,19,Oberweite,
138,139,19,Taillenweite,
139,140,19,Rückenbreite,
140,141,19,Hemdenlänge:,
141,142,19,bei Armlänge normal,
142,143,19,bei Armlänge extra lang,
143,144,20,Kragenweite,54.0
144,145,20,Oberweite,
145,146,20,Taillenweite,
146,147,20,Rückenbreite,
147,148,20,Hemdenlänge:,
148,149,20,bei Armlänge normal,
149,150,20,bei Armlänge extra lang,
150,151,21,Kragenweite,36.0
151,152,21,Oberweite,108.0
152,153,21,Taillenweite,98.0
153,154,21,Hüftweite,
154,155,21,Rückenbreite,455.0
155,156,21,Hemdenlänge:,
156,157,21,bei Armlänge extra kurz,82.0
157,158,21,bei Armlänge normal,82.0
158,159,21,bei Armlänge extra lang,85.0
159,160,22,Kragenweite,37.5
160,161,22,Oberweite,114.0
161,162,22,Taillenweite,102.0
162,163,22,Hüftweite,106.0
163,164,22,Rückenbreite,47.0
164,165,22,Hemdenlänge:,
165,166,22,bei Armlänge extra kurz,82.0
166,167,22,bei Armlänge normal,82.0
167,168,22,bei Armlänge extra lang,85.0
168,169,23,Kragenweite,39.5
169,170,23,Oberweite,120.0
170,171,23,Taillenweite,106.0
171,172,23,Hüftweite,112.0
172,173,23,Rückenbreite,485.0
173,174,23,Hemdenlänge:,
174,175,23,bei Armlänge extra kurz,82.0
175,176,23,bei Armlänge normal,82.0
176,177,23,bei Armlänge extra lang,85.0
177,178,24,Kragenweite,41.5
178,179,24,Oberweite,126.0
179,180,24,Taillenweite,112.0
180,181,24,Hüftweite,118.0
181,182,24,Rückenbreite,50.0
182,183,24,Hemdenlänge:,
183,184,24,bei Armlänge extra kurz,82.0
184,185,24,bei Armlänge normal,82.0
185,186,24,bei Armlänge extra lang,85.0
186,187,25,Kragenweite,43.5
187,188,25,Oberweite,132.0
188,189,25,Taillenweite,122.0
189,190,25,Hüftweite,124.0
190,191,25,Rückenbreite,515.0
191,192,25,Hemdenlänge:,
192,193,25,bei Armlänge extra kurz,82.0
193,194,25,bei Armlänge normal,85.0
194,195,25,bei Armlänge extra lang,90.0
195,196,26,Kragenweite,45.5
196,197,26,Oberweite,138.0
197,198,26,Taillenweite,130.0
198,199,26,Hüftweite,130.0
199,200,26,Rückenbreite,53.0
200,201,26,Hemdenlänge:,
201,202,26,bei Armlänge extra kurz,84.0
202,203,26,bei Armlänge normal,85.0
203,204,26,bei Armlänge extra lang,90.0
204,205,27,Kragenweite,47.5
205,206,27,Oberweite,144.0
206,207,27,Taillenweite,138.0
207,208,27,Hüftweite,136.0
208,209,27,Rückenbreite,545.0
209,210,27,Hemdenlänge:,
210,211,27,bei Armlänge extra kurz,84.0
211,212,27,bei Armlänge normal,90.0
212,213,27,bei Armlänge extra lang,90.0
213,214,28,Kragenweite,49.5
214,215,28,Oberweite,152.0
215,216,28,Taillenweite,144.0
216,217,28,Hüftweite,
217,218,28,Rückenbreite,565.0
218,219,28,Hemdenlänge:,
219,220,28,bei Armlänge extra kurz,86.0
220,221,28,bei Armlänge normal,95.0
221,222,28,bei Armlänge extra lang,95.0
222,223,29,Kragenweite,52.0
223,224,29,Oberweite,
224,225,29,Taillenweite,
225,226,29,Hüftweite,
226,227,29,Rückenbreite,
227,228,29,Hemdenlänge:,
228,229,29,bei Armlänge extra kurz,
229,230,29,bei Armlänge normal,
230,231,29,bei Armlänge extra lang,
231,232,30,Kragenweite,54.0
232,233,30,Oberweite,
233,234,30,Taillenweite,
234,235,30,Hüftweite,
235,236,30,Rückenbreite,
236,237,30,Hemdenlänge:,
237,238,30,bei Armlänge extra kurz,
238,239,30,bei Armlänge normal,
239,240,30,bei Armlänge extra lang,
240,241,31,Kragenweite,36.0
241,242,31,Oberweite,108.0
242,243,31,Taillenweite,98.0
243,244,31,Hüftweite,
244,245,31,Rückenbreite,455.0
245,246,31,Hemdenlänge:,
246,247,31,bei Armlänge extra kurz,82.0
247,248,31,bei Armlänge normal,82.0
248,249,31,bei Armlänge extra lang,85.0
249,250,32,Kragenweite,37.5
250,251,32,Oberweite,114.0
251,252,32,Taillenweite,102.0
252,253,32,Hüftweite,106.0
253,254,32,Rückenbreite,47.0
254,255,32,Hemdenlänge:,
255,256,32,bei Armlänge extra kurz,82.0
256,257,32,bei Armlänge normal,82.0
257,258,32,bei Armlänge extra lang,85.0
258,259,33,Kragenweite,39.5
259,260,33,Oberweite,120.0
260,261,33,Taillenweite,106.0
261,262,33,Hüftweite,112.0
262,263,33,Rückenbreite,485.0
263,264,33,Hemdenlänge:,
264,265,33,bei Armlänge extra kurz,82.0
265,266,33,bei Armlänge normal,82.0
266,267,33,bei Armlänge extra lang,85.0
267,268,34,Kragenweite,41.5
268,269,34,Oberweite,126.0
269,270,34,Taillenweite,112.0
270,271,34,Hüftweite,118.0
271,272,34,Rückenbreite,50.0
272,273,34,Hemdenlänge:,
273,274,34,bei Armlänge extra kurz,82.0
274,275,34,bei Armlänge normal,82.0
275,276,34,bei Armlänge extra lang,85.0
276,277,35,Kragenweite,43.5
277,278,35,Oberweite,132.0
278,279,35,Taillenweite,122.0
279,280,35,Hüftweite,124.0
280,281,35,Rückenbreite,515.0
281,282,35,Hemdenlänge:,
282,283,35,bei Armlänge extra kurz,82.0
283,284,35,bei Armlänge normal,85.0
284,285,35,bei Armlänge extra lang,90.0
285,286,36,Kragenweite,45.5
286,287,36,Oberweite,138.0
287,288,36,Taillenweite,130.0
288,289,36,Hüftweite,130.0
289,290,36,Rückenbreite,53.0
290,291,36,Hemdenlänge:,
291,292,36,bei Armlänge extra kurz,84.0
292,293,36,bei Armlänge normal,85.0
293,294,36,bei Armlänge extra lang,90.0
294,295,37,Kragenweite,47.5
295,296,37,Oberweite,144.0
296,297,37,Taillenweite,138.0
297,298,37,Hüftweite,136.0
298,299,37,Rückenbreite,545.0
299,300,37,Hemdenlänge:,
300,301,37,bei Armlänge extra kurz,84.0
301,302,37,bei Armlänge normal,90.0
302,303,37,bei Armlänge extra lang,90.0
303,304,38,Kragenweite,49.5
304,305,38,Oberweite,152.0
305,306,38,Taillenweite,144.0
306,307,38,Hüftweite,
307,308,38,Rückenbreite,565.0
308,309,38,Hemdenlänge:,
309,310,38,bei Armlänge extra kurz,86.0
310,311,38,bei Armlänge normal,95.0
311,312,38,bei Armlänge extra lang,95.0
312,313,39,Kragenweite,52.0
313,314,39,Oberweite,
314,315,39,Taillenweite,
315,316,39,Hüftweite,
316,317,39,Rückenbreite,
317,318,39,Hemdenlänge:,
318,319,39,bei Armlänge extra kurz,
319,320,39,bei Armlänge normal,
320,321,39,bei Armlänge extra lang,
321,322,40,Kragenweite,54.0
322,323,40,Oberweite,
323,324,40,Taillenweite,
324,325,40,Hüftweite,
325,326,40,Rückenbreite,
326,327,40,Hemdenlänge:,
327,328,40,bei Armlänge extra kurz,
328,329,40,bei Armlänge normal,
329,330,40,bei Armlänge extra lang,
330,331,41,Kragenweite,36.0
331,332,41,Oberweite,
332,333,41,Taillenweite,
333,334,41,Rückenbreite,
334,335,41,Hemdenlänge:,
335,336,41,bei Armlänge normal,
336,337,41,bei Armlänge extra lang,
337,338,42,Kragenweite,37.5
338,339,42,Oberweite,114.0
339,340,42,Taillenweite,108.0
340,341,42,Rückenbreite,48.0
341,342,42,Hemdenlänge:,
342,343,42,bei Armlänge normal,82.0
343,344,42,bei Armlänge extra lang,85.0
344,345,43,Kragenweite,39.5
345,346,43,Oberweite,122.0
346,347,43,Taillenweite,116.0
347,348,43,Rückenbreite,51.0
348,349,43,Hemdenlänge:,
349,350,43,bei Armlänge normal,82.0
350,351,43,bei Armlänge extra lang,85.0
351,352,44,Kragenweite,41.5
352,353,44,Oberweite,128.0
353,354,44,Taillenweite,124.0
354,355,44,Rückenbreite,525.0
355,356,44,Hemdenlänge:,
356,357,44,bei Armlänge normal,82.0
357,358,44,bei Armlänge extra lang,85.0
358,359,45,Kragenweite,43.5
359,360,45,Oberweite,136.0
360,361,45,Taillenweite,136.0
361,362,45,Rückenbreite,54.0
362,363,45,Hemdenlänge:,
363,364,45,bei Armlänge normal,85.0
364,365,45,bei Armlänge extra lang,90.0
365,366,46,Kragenweite,45.5
366,367,46,Oberweite,148.0
367,368,46,Taillenweite,148.0
368,369,46,Rückenbreite,56.0
369,370,46,Hemdenlänge:,
370,371,46,bei Armlänge normal,85.0
371,372,46,bei Armlänge extra lang,90.0
372,373,47,Kragenweite,47.5
373,374,47,Oberweite,154.0
374,375,47,Taillenweite,154.0
375,376,47,Rückenbreite,58.0
376,377,47,Hemdenlänge:,
377,378,47,bei Armlänge normal,90.0
378,379,47,bei Armlänge extra lang,90.0
379,380,48,Kragenweite,49.5
380,381,48,Oberweite,160.0
381,382,48,Taillenweite,160.0
382,383,48,Rückenbreite,60.0
383,384,48,Hemdenlänge:,
384,385,48,bei Armlänge normal,95.0
385,386,48,bei Armlänge extra lang,95.0
386,387,49,Kragenweite,52.0
387,388,49,Oberweite,
388,389,49,Taillenweite,
389,390,49,Rückenbreite,
390,391,49,Hemdenlänge:,
391,392,49,bei Armlänge normal,
392,393,49,bei Armlänge extra lang,
393,394,50,Kragenweite,54.0
394,395,50,Oberweite,
395,396,50,Taillenweite,
396,397,50,Rückenbreite,
397,398,50,Hemdenlänge:,
398,399,50,bei Armlänge normal,
399,400,50,bei Armlänge extra lang,
400,401,51,Kragenweite,36.0
401,402,51,Oberweite,98.0
402,403,51,Taillenweite,86.0
403,404,51,Rückenbreite,38.0
404,405,51,Hemdenlänge:,
405,406,51,bei Armlänge extra kurz,76.0
406,407,51,bei Armlänge normal,76.0
407,408,51,bei Armlänge extra lang,79.0
408,409,52,Kragenweite,37.5
409,410,52,Oberweite,104.0
410,411,52,Taillenweite,92.0
411,412,52,Rückenbreite,40.0
412,413,52,Hemdenlänge:,
413,414,52,bei Armlänge extra kurz,78.0
414,415,52,bei Armlänge normal,78.0
415,416,52,bei Armlänge extra lang,81.0
416,417,53,Kragenweite,39.5
417,418,53,Oberweite,110.0
418,419,53,Taillenweite,98.0
419,420,53,Rückenbreite,42.0
420,421,53,Hemdenlänge:,
421,422,53,bei Armlänge extra kurz,80.0
422,423,53,bei Armlänge normal,80.0
423,424,53,bei Armlänge extra lang,83.0
424,425,54,Kragenweite,41.5
425,426,54,Oberweite,116.0
426,427,54,Taillenweite,104.0
427,428,54,Rückenbreite,44.0
428,429,54,Hemdenlänge:,
429,430,54,bei Armlänge extra kurz,80.0
430,431,54,bei Armlänge normal,80.0
431,432,54,bei Armlänge extra lang,83.0
432,433,55,Kragenweite,43.5
433,434,55,Oberweite,124.0
434,435,55,Taillenweite,112.0
435,436,55,Rückenbreite,46.0
436,437,55,Hemdenlänge:,
437,438,55,bei Armlänge extra kurz,83.0
438,439,55,bei Armlänge normal,83.0
439,440,55,bei Armlänge extra lang,87.0
440,441,56,Kragenweite,45.5
441,442,56,Oberweite,132.0
442,443,56,Taillenweite,120.0
443,444,56,Rückenbreite,48.0
444,445,56,Hemdenlänge:,
445,446,56,bei Armlänge extra kurz,85.0
446,447,56,bei Armlänge normal,85.0
447,448,56,bei Armlänge extra lang,89.0
448,449,57,Kragenweite,47.5
449,450,57,Oberweite,
450,451,57,Taillenweite,
451,452,57,Rückenbreite,
452,453,57,Hemdenlänge:,
453,454,57,bei Armlänge extra kurz,
454,455,57,bei Armlänge normal,
455,456,57,bei Armlänge extra lang,
456,457,58,Kragenweite,49.5
457,458,58,Oberweite,
458,459,58,Taillenweite,
459,460,58,Rückenbreite,
460,461,58,Hemdenlänge:,
461,462,58,bei Armlänge extra kurz,
462,463,58,bei Armlänge normal,
463,464,58,bei Armlänge extra lang,
464,465,59,Kragenweite,52.0
465,466,59,Oberweite,
466,467,59,Taillenweite,
467,468,59,Rückenbreite,
468,469,59,Hemdenlänge:,
469,470,59,bei Armlänge extra kurz,
470,471,59,bei Armlänge normal,
471,472,59,bei Armlänge extra lang,
472,473,60,Kragenweite,54.0
473,474,60,Oberweite,
474,475,60,Taillenweite,
475,476,60,Rückenbreite,
476,477,60,Hemdenlänge:,
477,478,60,bei Armlänge extra kurz,
478,479,60,bei Armlänge normal,
479,480,60,bei Armlänge extra lang,
480,481,61,Kragenweite,36.0
481,482,61,Oberweite,108.0
482,483,61,Taillenweite,98.0
483,484,61,Hüftweite,
484,485,61,Rückenbreite,455.0
485,486,61,Hemdenlänge:,
486,487,61,bei Armlänge extra kurz,82.0
487,488,61,bei Armlänge normal,82.0
488,489,61,bei Armlänge extra lang,85.0
489,490,62,Kragenweite,37.5
490,491,62,Oberweite,114.0
491,492,62,Taillenweite,102.0
492,493,62,Hüftweite,106.0
493,494,62,Rückenbreite,47.0
494,495,62,Hemdenlänge:,
495,496,62,bei Armlänge extra kurz,82.0
496,497,62,bei Armlänge normal,82.0
497,498,62,bei Armlänge extra lang,85.0
498,499,63,Kragenweite,39.5
499,500,63,Oberweite,120.0
500,501,63,Taillenweite,106.0
501,502,63,Hüftweite,112.0
502,503,63,Rückenbreite,485.0
503,504,63,Hemdenlänge:,
504,505,63,bei Armlänge extra kurz,82.0
505,506,63,bei Armlänge normal,82.0
506,507,63,bei Armlänge extra lang,85.0
507,508,64,Kragenweite,41.5
508,509,64,Oberweite,126.0
509,510,64,Taillenweite,112.0
510,511,64,Hüftweite,118.0
511,512,64,Rückenbreite,50.0
512,513,64,Hemdenlänge:,
513,514,64,bei Armlänge extra kurz,82.0
514,515,64,bei Armlänge normal,82.0
515,516,64,bei Armlänge extra lang,85.0
516,517,65,Kragenweite,43.5
517,518,65,Oberweite,132.0
518,519,65,Taillenweite,122.0
519,520,65,Hüftweite,124.0
520,521,65,Rückenbreite,515.0
521,522,65,Hemdenlänge:,
522,523,65,bei Armlänge extra kurz,82.0
523,524,65,bei Armlänge normal,85.0
524,525,65,bei Armlänge extra lang,90.0
525,526,66,Kragenweite,45.5
526,527,66,Oberweite,138.0
527,528,66,Taillenweite,130.0
528,529,66,Hüftweite,130.0
529,530,66,Rückenbreite,53.0
530,531,66,Hemdenlänge:,
531,532,66,bei Armlänge extra kurz,84.0
532,533,66,bei Armlänge normal,85.0
533,534,66,bei Armlänge extra lang,90.0
534,535,67,Kragenweite,47.5
535,536,67,Oberweite,144.0
536,537,67,Taillenweite,138.0
537,538,67,Hüftweite,136.0
538,539,67,Rückenbreite,545.0
539,540,67,Hemdenlänge:,
540,541,67,bei Armlänge extra kurz,84.0
541,542,67,bei Armlänge normal,90.0
542,543,67,bei Armlänge extra lang,90.0
543,544,68,Kragenweite,49.5
544,545,68,Oberweite,152.0
545,546,68,Taillenweite,144.0
546,547,68,Hüftweite,
547,548,68,Rückenbreite,565.0
548,549,68,Hemdenlänge:,
549,550,68,bei Armlänge extra kurz,86.0
550,551,68,bei Armlänge normal,95.0
551,552,68,bei Armlänge extra lang,95.0
552,553,69,Kragenweite,52.0
553,554,69,Oberweite,
554,555,69,Taillenweite,
555,556,69,Hüftweite,
556,557,69,Rückenbreite,
557,558,69,Hemdenlänge:,
558,559,69,bei Armlänge extra kurz,
559,560,69,bei Armlänge normal,
560,561,69,bei Armlänge extra lang,
561,562,70,Kragenweite,54.0
562,563,70,Oberweite,
563,564,70,Taillenweite,
564,565,70,Hüftweite,
565,566,70,Rückenbreite,
566,567,70,Hemdenlänge:,
567,568,70,bei Armlänge extra kurz,
568,569,70,bei Armlänge normal,
569,570,70,bei Armlänge extra lang,
570,571,71,Kragenweite,36.0
571,572,71,Oberweite,98.0
572,573,71,Taillenweite,86.0
573,574,71,Rückenbreite,38.0
574,575,71,Hemdenlänge:,
575,576,71,bei Armlänge normal,76.0
576,577,71,bei Armlänge extra lang,
577,578,72,Kragenweite,37.5
578,579,72,Oberweite,104.0
579,580,72,Taillenweite,92.0
580,581,72,Rückenbreite,40.0
581,582,72,Hemdenlänge:,
582,583,72,bei Armlänge normal,78.0
583,584,72,bei Armlänge extra lang,81.0
584,585,73,Kragenweite,39.5
585,586,73,Oberweite,110.0
586,587,73,Taillenweite,98.0
587,588,73,Rückenbreite,42.0
588,589,73,Hemdenlänge:,
589,590,73,bei Armlänge normal,80.0
590,591,73,bei Armlänge extra lang,83.0
591,592,74,Kragenweite,41.5
592,593,74,Oberweite,116.0
593,594,74,Taillenweite,104.0
594,595,74,Rückenbreite,44.0
595,596,74,Hemdenlänge:,
596,597,74,bei Armlänge normal,80.0
597,598,74,bei Armlänge extra lang,83.0
598,599,75,Kragenweite,43.5
599,600,75,Oberweite,124.0
600,601,75,Taillenweite,112.0
601,602,75,Rückenbreite,46.0
602,603,75,Hemdenlänge:,
603,604,75,bei Armlänge normal,83.0
604,605,75,bei Armlänge extra lang,87.0
605,606,76,Kragenweite,45.5
606,607,76,Oberweite,
607,608,76,Taillenweite,
608,609,76,Rückenbreite,
609,610,76,Hemdenlänge:,
610,611,76,bei Armlänge normal,
611,612,76,bei Armlänge extra lang,
612,613,77,Kragenweite,47.5
613,614,77,Oberweite,
614,615,77,Taillenweite,
615,616,77,Rückenbreite,
616,617,77,Hemdenlänge:,
617,618,77,bei Armlänge normal,
618,619,77,bei Armlänge extra lang,
619,620,78,Kragenweite,49.5
620,621,78,Oberweite,
621,622,78,Taillenweite,
622,623,78,Rückenbreite,
623,624,78,Hemdenlänge:,
624,625,78,bei Armlänge normal,
625,626,78,bei Armlänge extra lang,
626,627,79,Kragenweite,52.0
627,628,79,Oberweite,
628,629,79,Taillenweite,
629,630,79,Rückenbreite,
630,631,79,Hemdenlänge:,
631,632,79,bei Armlänge normal,
632,633,79,bei Armlänge extra lang,
633,634,80,Kragenweite,54.0
634,635,80,Oberweite,
635,636,80,Taillenweite,
636,637,80,Rückenbreite,
637,638,80,Hemdenlänge:,
638,639,80,bei Armlänge normal,
639,640,80,bei Armlänge extra lang,
640,641,81,Kragenweite,36.0
641,642,81,Oberweite,108.0
642,643,81,Taillenweite,98.0
643,644,81,Hüftweite,
644,645,81,Rückenbreite,455.0
645,646,81,Hemdenlänge:,
646,647,81,bei Armlänge extra kurz,82.0
647,648,81,bei Armlänge normal,82.0
648,649,81,bei Armlänge extra lang,85.0
649,650,82,Kragenweite,37.5
650,651,82,Oberweite,114.0
651,652,82,Taillenweite,102.0
652,653,82,Hüftweite,106.0
653,654,82,Rückenbreite,47.0
654,655,82,Hemdenlänge:,
655,656,82,bei Armlänge extra kurz,82.0
656,657,82,bei Armlänge normal,82.0
657,658,82,bei Armlänge extra lang,85.0
658,659,83,Kragenweite,39.5
659,660,83,Oberweite,120.0
660,661,83,Taillenweite,106.0
661,662,83,Hüftweite,112.0
662,663,83,Rückenbreite,485.0
663,664,83,Hemdenlänge:,
664,665,83,bei Armlänge extra kurz,82.0
665,666,83,bei Armlänge normal,82.0
666,667,83,bei Armlänge extra lang,85.0
667,668,84,Kragenweite,41.5
668,669,84,Oberweite,126.0
669,670,84,Taillenweite,112.0
670,671,84,Hüftweite,118.0
671,672,84,Rückenbreite,50.0
672,673,84,Hemdenlänge:,
673,674,84,bei Armlänge extra kurz,82.0
674,675,84,bei Armlänge normal,82.0
675,676,84,bei Armlänge extra lang,85.0
676,677,85,Kragenweite,43.5
677,678,85,Oberweite,132.0
678,679,85,Taillenweite,122.0
679,680,85,Hüftweite,124.0
680,681,85,Rückenbreite,515.0
681,682,85,Hemdenlänge:,
682,683,85,bei Armlänge extra kurz,82.0
683,684,85,bei Armlänge normal,85.0
684,685,85,bei Armlänge extra lang,90.0
685,686,86,Kragenweite,45.5
686,687,86,Oberweite,138.0
687,688,86,Taillenweite,130.0
688,689,86,Hüftweite,130.0
689,690,86,Rückenbreite,53.0
690,691,86,Hemdenlänge:,
691,692,86,bei Armlänge extra kurz,84.0
692,693,86,bei Armlänge normal,85.0
693,694,86,bei Armlänge extra lang,90.0
694,695,87,Kragenweite,47.5
695,696,87,Oberweite,144.0
696,697,87,Taillenweite,138.0
697,698,87,Hüftweite,136.0
698,699,87,Rückenbreite,545.0
699,700,87,Hemdenlänge:,
700,701,87,bei Armlänge extra kurz,84.0
701,702,87,bei Armlänge normal,90.0
702,703,87,bei Armlänge extra lang,90.0
703,704,88,Kragenweite,49.5
704,705,88,Oberweite,152.0
705,706,88,Taillenweite,144.0
706,707,88,Hüftweite,
707,708,88,Rückenbreite,565.0
708,709,88,Hemdenlänge:,
709,710,88,bei Armlänge extra kurz,86.0
710,711,88,bei Armlänge normal,95.0
711,712,88,bei Armlänge extra lang,95.0
712,713,89,Kragenweite,52.0
713,714,89,Oberweite,
714,715,89,Taillenweite,
715,716,89,Hüftweite,
716,717,89,Rückenbreite,
717,718,89,Hemdenlänge:,
718,719,89,bei Armlänge extra kurz,
719,720,89,bei Armlänge normal,
720,721,89,bei Armlänge extra lang,
721,722,90,Kragenweite,54.0
722,723,90,Oberweite,
723,724,90,Taillenweite,
724,725,90,Hüftweite,
725,726,90,Rückenbreite,
726,727,90,Hemdenlänge:,
727,728,90,bei Armlänge extra kurz,
728,729,90,bei Armlänge normal,
729,730,90,bei Armlänge extra lang,
730,731,91,Kragenweite,36.0
731,732,91,Oberweite,108.0
732,733,91,Taillenweite,98.0
733,734,91,Hüftweite,
734,735,91,Rückenbreite,455.0
735,736,91,Hemdenlänge:,
736,737,91,bei Armlänge extra kurz,82.0
737,738,91,bei Armlänge normal,82.0
738,739,91,bei Armlänge extra lang,85.0
739,740,92,Kragenweite,37.5
740,741,92,Oberweite,114.0
741,742,92,Taillenweite,102.0
742,743,92,Hüftweite,106.0
743,744,92,Rückenbreite,47.0
744,745,92,Hemdenlänge:,
745,746,92,bei Armlänge extra kurz,82.0
746,747,92,bei Armlänge normal,82.0
747,748,92,bei Armlänge extra lang,85.0
748,749,93,Kragenweite,39.5
749,750,93,Oberweite,120.0
750,751,93,Taillenweite,106.0
751,752,93,Hüftweite,112.0
752,753,93,Rückenbreite,485.0
753,754,93,Hemdenlänge:,
754,755,93,bei Armlänge extra kurz,82.0
755,756,93,bei Armlänge normal,82.0
756,757,93,bei Armlänge extra lang,85.0
757,758,94,Kragenweite,41.5
758,759,94,Oberweite,126.0
759,760,94,Taillenweite,112.0
760,761,94,Hüftweite,118.0
761,762,94,Rückenbreite,50.0
762,763,94,Hemdenlänge:,
763,764,94,bei Armlänge extra kurz,82.0
764,765,94,bei Armlänge normal,82.0
765,766,94,bei Armlänge extra lang,85.0
766,767,95,Kragenweite,43.5
767,768,95,Oberweite,132.0
768,769,95,Taillenweite,122.0
769,770,95,Hüftweite,124.0
770,771,95,Rückenbreite,515.0
771,772,95,Hemdenlänge:,
772,773,95,bei Armlänge extra kurz,82.0
773,774,95,bei Armlänge normal,85.0
774,775,95,bei Armlänge extra lang,90.0
775,776,96,Kragenweite,45.5
776,777,96,Oberweite,138.0
777,778,96,Taillenweite,130.0
778,779,96,Hüftweite,130.0
779,780,96,Rückenbreite,53.0
780,781,96,Hemdenlänge:,
781,782,96,bei Armlänge extra kurz,84.0
782,783,96,bei Armlänge normal,85.0
783,784,96,bei Armlänge extra lang,90.0
784,785,97,Kragenweite,47.5
785,786,97,Oberweite,144.0
786,787,97,Taillenweite,138.0
787,788,97,Hüftweite,136.0
788,789,97,Rückenbreite,545.0
789,790,97,Hemdenlänge:,
790,791,97,bei Armlänge extra kurz,84.0
791,792,97,bei Armlänge normal,90.0
792,793,97,bei Armlänge extra lang,90.0
793,794,98,Kragenweite,49.5
794,795,98,Oberweite,152.0
795,796,98,Taillenweite,144.0
796,797,98,Hüftweite,
797,798,98,Rückenbreite,565.0
798,799,98,Hemdenlänge:,
799,800,98,bei Armlänge extra kurz,86.0
800,801,98,bei Armlänge normal,95.0
801,802,98,bei Armlänge extra lang,95.0
802,803,99,Kragenweite,52.0
803,804,99,Oberweite,
804,805,99,Taillenweite,
805,806,99,Hüftweite,
806,807,99,Rückenbreite,
807,808,99,Hemdenlänge:,
808,809,99,bei Armlänge extra kurz,
809,810,99,bei Armlänge normal,
810,811,99,bei Armlänge extra lang,
811,812,100,Kragenweite,54.0
812,813,100,Oberweite,
813,814,100,Taillenweite,
814,815,100,Hüftweite,
815,816,100,Rückenbreite,
816,817,100,Hemdenlänge:,
817,818,100,bei Armlänge extra kurz,
818,819,100,bei Armlänge normal,
819,820,100,bei Armlänge extra lang,
820,821,101,Kragenweite,36.0
821,822,101,Oberweite,98.0
822,823,101,Taillenweite,86.0
823,824,101,Rückenbreite,38.0
824,825,101,Hemdenlänge:,
825,826,101,bei Armlänge extra kurz,76.0
826,827,101,bei Armlänge normal,76.0
827,828,101,bei Armlänge extra lang,79.0
828,829,102,Kragenweite,37.5
829,830,102,Oberweite,104.0
830,831,102,Taillenweite,92.0
831,832,102,Rückenbreite,40.0
832,833,102,Hemdenlänge:,
833,834,102,bei Armlänge extra kurz,78.0
834,835,102,bei Armlänge normal,78.0
835,836,102,bei Armlänge extra lang,81.0
836,837,103,Kragenweite,39.5
837,838,103,Oberweite,110.0
838,839,103,Taillenweite,98.0
839,840,103,Rückenbreite,42.0
840,841,103,Hemdenlänge:,
841,842,103,bei Armlänge extra kurz,80.0
842,843,103,bei Armlänge normal,80.0
843,844,103,bei Armlänge extra lang,83.0
844,845,104,Kragenweite,41.5
845,846,104,Oberweite,116.0
846,847,104,Taillenweite,104.0
847,848,104,Rückenbreite,44.0
848,849,104,Hemdenlänge:,
849,850,104,bei Armlänge extra kurz,80.0
850,851,104,bei Armlänge normal,80.0
851,852,104,bei Armlänge extra lang,83.0
852,853,105,Kragenweite,43.5
853,854,105,Oberweite,124.0
854,855,105,Taillenweite,112.0
855,856,105,Rückenbreite,46.0
856,857,105,Hemdenlänge:,
857,858,105,bei Armlänge extra kurz,83.0
858,859,105,bei Armlänge normal,83.0
859,860,105,bei Armlänge extra lang,87.0
860,861,106,Kragenweite,45.5
861,862,106,Oberweite,132.0
862,863,106,Taillenweite,120.0
863,864,106,Rückenbreite,48.0
864,865,106,Hemdenlänge:,
865,866,106,bei Armlänge extra kurz,85.0
866,867,106,bei Armlänge normal,85.0
867,868,106,bei Armlänge extra lang,89.0
868,869,107,Kragenweite,47.5
869,870,107,Oberweite,
870,871,107,Taillenweite,
871,872,107,Rückenbreite,
872,873,107,Hemdenlänge:,
873,874,107,bei Armlänge extra kurz,
874,875,107,bei Armlänge normal,
875,876,107,bei Armlänge extra lang,
876,877,108,Kragenweite,49.5
877,878,108,Oberweite,
878,879,108,Taillenweite,
879,880,108,Rückenbreite,
880,881,108,Hemdenlänge:,
881,882,108,bei Armlänge extra kurz,
882,883,108,bei Armlänge normal,
883,884,108,bei Armlänge extra lang,
884,885,109,Kragenweite,52.0
885,886,109,Oberweite,
886,887,109,Taillenweite,
887,888,109,Rückenbreite,
888,889,109,Hemdenlänge:,
889,890,109,bei Armlänge extra kurz,
890,891,109,bei Armlänge normal,
891,892,109,bei Armlänge extra lang,
892,893,110,Kragenweite,54.0
893,894,110,Oberweite,
894,895,110,Taillenweite,
895,896,110,Rückenbreite,
896,897,110,Hemdenlänge:,
897,898,110,bei Armlänge extra kurz,
898,899,110,bei Armlänge normal,
899,900,110,bei Armlänge extra lang,
900,901,111,Kragenweite,36.0
901,902,111,Oberweite,108.0
902,903,111,Taillenweite,98.0
903,904,111,Hüftweite,
904,905,111,Rückenbreite,455.0
905,906,111,Hemdenlänge:,
906,907,111,bei Armlänge extra kurz,82.0
907,908,111,bei Armlänge normal,82.0
908,909,111,bei Armlänge extra lang,85.0
909,910,112,Kragenweite,37.5
910,911,112,Oberweite,114.0
911,912,112,Taillenweite,102.0
912,913,112,Hüftweite,106.0
913,914,112,Rückenbreite,47.0
914,915,112,Hemdenlänge:,
915,916,112,bei Armlänge extra kurz,82.0
916,917,112,bei Armlänge normal,82.0
917,918,112,bei Armlänge extra lang,85.0
918,919,113,Kragenweite,39.5
919,920,113,Oberweite,120.0
920,921,113,Taillenweite,106.0
921,922,113,Hüftweite,112.0
922,923,113,Rückenbreite,485.0
923,924,113,Hemdenlänge:,
924,925,113,bei Armlänge extra kurz,82.0
925,926,113,bei Armlänge normal,82.0
926,927,113,bei Armlänge extra lang,85.0
927,928,114,Kragenweite,41.5
928,929,114,Oberweite,126.0
929,930,114,Taillenweite,112.0
930,931,114,Hüftweite,118.0
931,932,114,Rückenbreite,50.0
932,933,114,Hemdenlänge:,
933,934,114,bei Armlänge extra kurz,82.0
934,935,114,bei Armlänge normal,82.0
935,936,114,bei Armlänge extra lang,85.0
936,937,115,Kragenweite,43.5
937,938,115,Oberweite,132.0
938,939,115,Taillenweite,122.0
939,940,115,Hüftweite,124.0
940,941,115,Rückenbreite,515.0
941,942,115,Hemdenlänge:,
942,943,115,bei Armlänge extra kurz,82.0
943,944,115,bei Armlänge normal,85.0
944,945,115,bei Armlänge extra lang,90.0
945,946,116,Kragenweite,45.5
946,947,116,Oberweite,138.0
947,948,116,Taillenweite,130.0
948,949,116,Hüftweite,130.0
949,950,116,Rückenbreite,53.0
950,951,116,Hemdenlänge:,
951,952,116,bei Armlänge extra kurz,84.0
952,953,116,bei Armlänge normal,85.0
953,954,116,bei Armlänge extra lang,90.0
954,955,117,Kragenweite,47.5
955,956,117,Oberweite,144.0
956,957,117,Taillenweite,138.0
957,958,117,Hüftweite,136.0
958,959,117,Rückenbreite,545.0
959,960,117,Hemdenlänge:,
960,961,117,bei Armlänge extra kurz,84.0
961,962,117,bei Armlänge normal,90.0
962,963,117,bei Armlänge extra lang,90.0
963,964,118,Kragenweite,49.5
964,965,118,Oberweite,152.0
965,966,118,Taillenweite,144.0
966,967,118,Hüftweite,
967,968,118,Rückenbreite,565.0
968,969,118,Hemdenlänge:,
969,970,118,bei Armlänge extra kurz,86.0
970,971,118,bei Armlänge normal,95.0
971,972,118,bei Armlänge extra lang,95.0
972,973,119,Kragenweite,52.0
973,974,119,Oberweite,
974,975,119,Taillenweite,
975,976,119,Hüftweite,
976,977,119,Rückenbreite,
977,978,119,Hemdenlänge:,
978,979,119,bei Armlänge extra kurz,
979,980,119,bei Armlänge normal,
980,981,119,bei Armlänge extra lang,
981,982,120,Kragenweite,54.0
982,983,120,Oberweite,
983,984,120,Taillenweite,
984,985,120,Hüftweite,
985,986,120,Rückenbreite,
986,987,120,Hemdenlänge:,
987,988,120,bei Armlänge extra kurz,
988,989,120,bei Armlänge normal,
989,990,120,bei Armlänge extra lang,
990,991,121,Kragenweite,36.0
991,992,121,Oberweite,98.0
992,993,121,Taillenweite,86.0
993,994,121,Rückenbreite,38.0
994,995,121,Hemdenlänge:,
995,996,121,bei Armlänge extra kurz,76.0
996,997,121,bei Armlänge normal,76.0
997,998,121,bei Armlänge extra lang,79.0
998,999,122,Kragenweite,37.5
999,1000,122,Oberweite,104.0
1000,1001,122,Taillenweite,92.0
1001,1002,122,Rückenbreite,40.0
1002,1003,122,Hemdenlänge:,
1003,1004,122,bei Armlänge extra kurz,78.0
1004,1005,122,bei Armlänge normal,78.0
1005,1006,122,bei Armlänge extra lang,81.0
1006,1007,123,Kragenweite,39.5
1007,1008,123,Oberweite,110.0
1008,1009,123,Taillenweite,98.0
1009,1010,123,Rückenbreite,42.0
1010,1011,123,Hemdenlänge:,
1011,1012,123,bei Armlänge extra kurz,80.0
1012,1013,123,bei Armlänge normal,80.0
1013,1014,123,bei Armlänge extra lang,83.0
1014,1015,124,Kragenweite,41.5
1015,1016,124,Oberweite,116.0
1016,1017,124,Taillenweite,104.0
1017,1018,124,Rückenbreite,44.0
1018,1019,124,Hemdenlänge:,
1019,1020,124,bei Armlänge extra kurz,80.0
1020,1021,124,bei Armlänge normal,80.0
1021,1022,124,bei Armlänge extra lang,83.0
1022,1023,125,Kragenweite,43.5
1023,1024,125,Oberweite,124.0
1024,1025,125,Taillenweite,112.0
1025,1026,125,Rückenbreite,46.0
1026,1027,125,Hemdenlänge:,
1027,1028,125,bei Armlänge extra kurz,83.0
1028,1029,125,bei Armlänge normal,83.0
1029,1030,125,bei Armlänge extra lang,87.0
1030,1031,126,Kragenweite,45.5
1031,1032,126,Oberweite,132.0
1032,1033,126,Taillenweite,120.0
1033,1034,126,Rückenbreite,48.0
1034,1035,126,Hemdenlänge:,
1035,1036,126,bei Armlänge extra kurz,85.0
1036,1037,126,bei Armlänge normal,85.0
1037,1038,126,bei Armlänge extra lang,89.0
1038,1039,127,Kragenweite,47.5
1039,1040,127,Oberweite,
1040,1041,127,Taillenweite,
1041,1042,127,Rückenbreite,
1042,1043,127,Hemdenlänge:,
1043,1044,127,bei Armlänge extra kurz,
1044,1045,127,bei Armlänge normal,
1045,1046,127,bei Armlänge extra lang,
1046,1047,128,Kragenweite,49.5
1047,1048,128,Oberweite,
1048,1049,128,Taillenweite,
1049,1050,128,Rückenbreite,
1050,1051,128,Hemdenlänge:,
1051,1052,128,bei Armlänge extra kurz,
1052,1053,128,bei Armlänge normal,
1053,1054,128,bei Armlänge extra lang,
1054,1055,129,Kragenweite,52.0
1055,1056,129,Oberweite,
1056,1057,129,Taillenweite,
1057,1058,129,Rückenbreite,
1058,1059,129,Hemdenlänge:,
1059,1060,129,bei Armlänge extra kurz,
1060,1061,129,bei Armlänge normal,
1061,1062,129,bei Armlänge extra lang,
1062,1063,130,Kragenweite,54.0
1063,1064,130,Oberweite,
1064,1065,130,Taillenweite,
1065,1066,130,Rückenbreite,
1066,1067,130,Hemdenlänge:,
1067,1068,130,bei Armlänge extra kurz,
1068,1069,130,bei Armlänge normal,
1069,1070,130,bei Armlänge extra lang,
1070,1071,131,Kragenweite,36.0
1071,1072,131,Oberweite,
1072,1073,131,Taillenweite,
1073,1074,131,Rückenbreite,
1074,1075,131,Hemdenlänge:,
1075,1076,131,bei Armlänge normal,
1076,1077,131,bei Armlänge extra lang,
1077,1078,132,Kragenweite,37.5
1078,1079,132,Oberweite,114.0
1079,1080,132,Taillenweite,108.0
1080,1081,132,Rückenbreite,48.0
1081,1082,132,Hemdenlänge:,
1082,1083,132,bei Armlänge normal,82.0
1083,1084,132,bei Armlänge extra lang,85.0
1084,1085,133,Kragenweite,39.5
1085,1086,133,Oberweite,122.0
1086,1087,133,Taillenweite,116.0
1087,1088,133,Rückenbreite,51.0
1088,1089,133,Hemdenlänge:,
1089,1090,133,bei Armlänge normal,82.0
1090,1091,133,bei Armlänge extra lang,85.0
1091,1092,134,Kragenweite,41.5
1092,1093,134,Oberweite,128.0
1093,1094,134,Taillenweite,124.0
1094,1095,134,Rückenbreite,525.0
1095,1096,134,Hemdenlänge:,
1096,1097,134,bei Armlänge normal,82.0
1097,1098,134,bei Armlänge extra lang,85.0
1098,1099,135,Kragenweite,43.5
1099,1100,135,Oberweite,136.0
1100,1101,135,Taillenweite,136.0
1101,1102,135,Rückenbreite,54.0
1102,1103,135,Hemdenlänge:,
1103,1104,135,bei Armlänge normal,85.0
1104,1105,135,bei Armlänge extra lang,90.0
1105,1106,136,Kragenweite,45.5
1106,1107,136,Oberweite,148.0
1107,1108,136,Taillenweite,148.0
1108,1109,136,Rückenbreite,56.0
1109,1110,136,Hemdenlänge:,
1110,1111,136,bei Armlänge normal,85.0
1111,1112,136,bei Armlänge extra lang,90.0
1112,1113,137,Kragenweite,47.5
1113,1114,137,Oberweite,154.0
1114,1115,137,Taillenweite,154.0
1115,1116,137,Rückenbreite,58.0
1116,1117,137,Hemdenlänge:,
1117,1118,137,bei Armlänge normal,90.0
1118,1119,137,bei Armlänge extra lang,90.0
1119,1120,138,Kragenweite,49.5
1120,1121,138,Oberweite,160.0
1121,1122,138,Taillenweite,160.0
1122,1123,138,Rückenbreite,60.0
1123,1124,138,Hemdenlänge:,
1124,1125,138,bei Armlänge normal,95.0
1125,1126,138,bei Armlänge extra lang,95.0
1126,1127,139,Kragenweite,52.0
1127,1128,139,Oberweite,
1128,1129,139,Taillenweite,
1129,1130,139,Rückenbreite,
1130,1131,139,Hemdenlänge:,
1131,1132,139,bei Armlänge normal,
1132,1133,139,bei Armlänge extra lang,
1133,1134,140,Kragenweite,54.0
1134,1135,140,Oberweite,
1135,1136,140,Taillenweite,
1136,1137,140,Rückenbreite,
1137,1138,140,Hemdenlänge:,
1138,1139,140,bei Armlänge normal,
1139,1140,140,bei Armlänge extra lang,
1140,1141,141,Kragenweite,39.5
1141,1142,141,Oberweite,122.0
1142,1143,141,Taillenweite,118.0
1143,1144,141,Hüftweite,116.0
1144,1145,141,Rückenbreite,495.0
1145,1146,141,Hemdenlänge:,
1146,1147,141,bei Armlänge extra kurz,80.0
1147,1148,141,bei Armlänge normal,80.0
1148,1149,141,bei Armlänge extra lang,84.0
1149,1150,142,Kragenweite,41.5
1150,1151,142,Oberweite,128.0
1151,1152,142,Taillenweite,124.0
1152,1153,142,Hüftweite,122.0
1153,1154,142,Rückenbreite,51.0
1154,1155,142,Hemdenlänge:,
1155,1156,142,bei Armlänge extra kurz,82.0
1156,1157,142,bei Armlänge normal,82.0
1157,1158,142,bei Armlänge extra lang,86.0
1158,1159,143,Kragenweite,43.5
1159,1160,143,Oberweite,134.0
1160,1161,143,Taillenweite,132.0
1161,1162,143,Hüftweite,128.0
1162,1163,143,Rückenbreite,525.0
1163,1164,143,Hemdenlänge:,
1164,1165,143,bei Armlänge extra kurz,82.0
1165,1166,143,bei Armlänge normal,82.0
1166,1167,143,bei Armlänge extra lang,86.0
1167,1168,144,Kragenweite,45.5
1168,1169,144,Oberweite,140.0
1169,1170,144,Taillenweite,140.0
1170,1171,144,Hüftweite,136.0
1171,1172,144,Rückenbreite,54.0
1172,1173,144,Hemdenlänge:,
1173,1174,144,bei Armlänge extra kurz,84.0
1174,1175,144,bei Armlänge normal,84.0
1175,1176,144,bei Armlänge extra lang,88.0
1176,1177,145,Kragenweite,47.5
1177,1178,145,Oberweite,148.0
1178,1179,145,Taillenweite,148.0
1179,1180,145,Hüftweite,144.0
1180,1181,145,Rückenbreite,555.0
1181,1182,145,Hemdenlänge:,
1182,1183,145,bei Armlänge extra kurz,84.0
1183,1184,145,bei Armlänge normal,84.0
1184,1185,145,bei Armlänge extra lang,88.0
1185,1186,146,Kragenweite,49.5
1186,1187,146,Oberweite,156.0
1187,1188,146,Taillenweite,156.0
1188,1189,146,Hüftweite,152.0
1189,1190,146,Rückenbreite,575.0
1190,1191,146,Hemdenlänge:,
1191,1192,146,bei Armlänge extra kurz,86.0
1192,1193,146,bei Armlänge normal,86.0
1193,1194,146,bei Armlänge extra lang,
1194,1195,147,Kragenweite,52.0
1195,1196,147,Oberweite,164.0
1196,1197,147,Taillenweite,164.0
1197,1198,147,Hüftweite,160.0
1198,1199,147,Rückenbreite,595.0
1199,1200,147,Hemdenlänge:,
1200,1201,147,bei Armlänge extra kurz,
1201,1202,147,bei Armlänge normal,86.0
1202,1203,147,bei Armlänge extra lang,
1203,1204,148,Kragenweite,54.0
1204,1205,148,Oberweite,172.0
1205,1206,148,Taillenweite,172.0
1206,1207,148,Hüftweite,168.0
1207,1208,148,Rückenbreite,615.0
1208,1209,148,Hemdenlänge:,
1209,1210,148,bei Armlänge extra kurz,
1210,1211,148,bei Armlänge normal,88.0
1211,1212,148,bei Armlänge extra lang,
1212,1213,149,Kragenweite,
1213,1214,149,Oberweite,
1214,1215,149,Taillenweite,
1215,1216,149,Hüftweite,
1216,1217,149,Rückenbreite,
1217,1218,149,Hemdenlänge:,
1218,1219,149,bei Armlänge extra kurz,
1219,1220,149,bei Armlänge normal,
1220,1221,149,bei Armlänge extra lang,
1221,1222,150,Kragenweite,
1222,1223,150,Oberweite,
1223,1224,150,Taillenweite,
1224,1225,150,Hüftweite,
1225,1226,150,Rückenbreite,
1226,1227,150,Hemdenlänge:,
1227,1228,150,bei Armlänge extra kurz,
1228,1229,150,bei Armlänge normal,
1229,1230,150,bei Armlänge extra lang,
1230,1231,151,Kragenweite,36.0
1231,1232,151,Oberweite,98.0
1232,1233,151,Taillenweite,86.0
1233,1234,151,Rückenbreite,38.0
1234,1235,151,Hemdenlänge:,
1235,1236,151,bei Armlänge extra kurz,76.0
1236,1237,151,bei Armlänge normal,76.0
1237,1238,151,bei Armlänge extra lang,79.0
1238,1239,152,Kragenweite,37.5
1239,1240,152,Oberweite,104.0
1240,1241,152,Taillenweite,92.0
1241,1242,152,Rückenbreite,40.0
1242,1243,152,Hemdenlänge:,
1243,1244,152,bei Armlänge extra kurz,78.0
1244,1245,152,bei Armlänge normal,78.0
1245,1246,152,bei Armlänge extra lang,81.0
1246,1247,153,Kragenweite,39.5
1247,1248,153,Oberweite,110.0
1248,1249,153,Taillenweite,98.0
1249,1250,153,Rückenbreite,42.0
1250,1251,153,Hemdenlänge:,
1251,1252,153,bei Armlänge extra kurz,80.0
1252,1253,153,bei Armlänge normal,80.0
1253,1254,153,bei Armlänge extra lang,83.0
1254,1255,154,Kragenweite,41.5
1255,1256,154,Oberweite,116.0
1256,1257,154,Taillenweite,104.0
1257,1258,154,Rückenbreite,44.0
1258,1259,154,Hemdenlänge:,
1259,1260,154,bei Armlänge extra kurz,80.0
1260,1261,154,bei Armlänge normal,80.0
1261,1262,154,bei Armlänge extra lang,83.0
1262,1263,155,Kragenweite,43.5
1263,1264,155,Oberweite,124.0
1264,1265,155,Taillenweite,112.0
1265,1266,155,Rückenbreite,46.0
1266,1267,155,Hemdenlänge:,
1267,1268,155,bei Armlänge extra kurz,83.0
1268,1269,155,bei Armlänge normal,83.0
1269,1270,155,bei Armlänge extra lang,87.0
1270,1271,156,Kragenweite,45.5
1271,1272,156,Oberweite,132.0
1272,1273,156,Taillenweite,120.0
1273,1274,156,Rückenbreite,48.0
1274,1275,156,Hemdenlänge:,
1275,1276,156,bei Armlänge extra kurz,85.0
1276,1277,156,bei Armlänge normal,85.0
1277,1278,156,bei Armlänge extra lang,89.0
1278,1279,157,Kragenweite,47.5
1279,1280,157,Oberweite,
1280,1281,157,Taillenweite,
1281,1282,157,Rückenbreite,
1282,1283,157,Hemdenlänge:,
1283,1284,157,bei Armlänge extra kurz,
1284,1285,157,bei Armlänge normal,
1285,1286,157,bei Armlänge extra lang,
1286,1287,158,Kragenweite,49.5
1287,1288,158,Oberweite,
1288,1289,158,Taillenweite,
1289,1290,158,Rückenbreite,
1290,1291,158,Hemdenlänge:,
1291,1292,158,bei Armlänge extra kurz,
1292,1293,158,bei Armlänge normal,
1293,1294,158,bei Armlänge extra lang,
1294,1295,159,Kragenweite,52.0
1295,1296,159,Oberweite,
1296,1297,159,Taillenweite,
1297,1298,159,Rückenbreite,
1298,1299,159,Hemdenlänge:,
1299,1300,159,bei Armlänge extra kurz,
1300,1301,159,bei Armlänge normal,
1301,1302,159,bei Armlänge extra lang,
1302,1303,160,Kragenweite,54.0
1303,1304,160,Oberweite,
1304,1305,160,Taillenweite,
1305,1306,160,Rückenbreite,
1306,1307,160,Hemdenlänge:,
1307,1308,160,bei Armlänge extra kurz,
1308,1309,160,bei Armlänge normal,
1309,1310,160,bei Armlänge extra lang,
1310,1311,161,Kragenweite,36.0
1311,1312,161,Oberweite,102.0
1312,1313,161,Taillenweite,98.0
1313,1314,161,Schulterbreite,145.0
1314,1315,161,Hemdenlänge:,
1315,1316,161,bei Armlänge normal,81.0
1316,1317,161,bei Armlänge extra lang,88.0
1317,1318,162,Kragenweite,37.5
1318,1319,162,Oberweite,110.0
1319,1320,162,Taillenweite,106.0
1320,1321,162,Schulterbreite,153.0
1321,1322,162,Hemdenlänge:,
1322,1323,162,bei Armlänge normal,82.0
1323,1324,162,bei Armlänge extra lang,89.0
1324,1325,163,Kragenweite,39.5
1325,1326,163,Oberweite,118.0
1326,1327,163,Taillenweite,114.0
1327,1328,163,Schulterbreite,16.0
1328,1329,163,Hemdenlänge:,
1329,1330,163,bei Armlänge normal,82.0
1330,1331,163,bei Armlänge extra lang,89.0
1331,1332,164,Kragenweite,41.5
1332,1333,164,Oberweite,126.0
1333,1334,164,Taillenweite,122.0
1334,1335,164,Schulterbreite,168.0
1335,1336,164,Hemdenlänge:,
1336,1337,164,bei Armlänge normal,83.0
1337,1338,164,bei Armlänge extra lang,90.0
1338,1339,165,Kragenweite,43.5
1339,1340,165,Oberweite,134.0
1340,1341,165,Taillenweite,134.0
1341,1342,165,Schulterbreite,175.0
1342,1343,165,Hemdenlänge:,
1343,1344,165,bei Armlänge normal,85.0
1344,1345,165,bei Armlänge extra lang,92.0
1345,1346,166,Kragenweite,45.5
1346,1347,166,Oberweite,144.0
1347,1348,166,Taillenweite,144.0
1348,1349,166,Schulterbreite,189.0
1349,1350,166,Hemdenlänge:,
1350,1351,166,bei Armlänge normal,88.0
1351,1352,166,bei Armlänge extra lang,95.0
1352,1353,167,Kragenweite,47.5
1353,1354,167,Oberweite,154.0
1354,1355,167,Taillenweite,154.0
1355,1356,167,Schulterbreite,199.0
1356,1357,167,Hemdenlänge:,
1357,1358,167,bei Armlänge normal,90.0
1358,1359,167,bei Armlänge extra lang,95.0
1359,1360,168,Kragenweite,49.5
1360,1361,168,Oberweite,164.0
1361,1362,168,Taillenweite,164.0
1362,1363,168,Schulterbreite,209.0
1363,1364,168,Hemdenlänge:,
1364,1365,168,bei Armlänge normal,90.0
1365,1366,168,bei Armlänge extra lang,95.0
1366,1367,169,Kragenweite,52.0
1367,1368,169,Oberweite,170.0
1368,1369,169,Taillenweite,172.0
1369,1370,169,Schulterbreite,219.0
1370,1371,169,Hemdenlänge:,
1371,1372,169,bei Armlänge normal,93.0
1372,1373,169,bei Armlänge extra lang,95.0
1373,1374,170,Kragenweite,54.0
1374,1375,170,Oberweite,180.0
1375,1376,170,Taillenweite,182.0
1376,1377,170,Schulterbreite,229.0
1377,1378,170,Hemdenlänge:,
1378,1379,170,bei Armlänge normal,93.0
1379,1380,170,bei Armlänge extra lang,95.0
1380,1381,171,Kragenweite,56.0
1381,1382,171,Oberweite,192.0
1382,1383,171,Taillenweite,194.0
1383,1384,171,Schulterbreite,237.0
1384,1385,171,Hemdenlänge:,
1385,1386,171,bei Armlänge normal,93.0
1386,1387,171,bei Armlänge extra lang,95.0
1387,1388,172,Kragenweite,39.5
1388,1389,172,Oberweite,122.0
1389,1390,172,Taillenweite,118.0
1390,1391,172,Hüftweite,116.0
1391,1392,172,Rückenbreite,495.0
1392,1393,172,Hemdenlänge:,
1393,1394,172,bei Armlänge extra kurz,80.0
1394,1395,172,bei Armlänge normal,80.0
1395,1396,172,bei Armlänge extra lang,84.0
1396,1397,173,Kragenweite,41.5
1397,1398,173,Oberweite,128.0
1398,1399,173,Taillenweite,124.0
1399,1400,173,Hüftweite,122.0
1400,1401,173,Rückenbreite,51.0
1401,1402,173,Hemdenlänge:,
1402,1403,173,bei Armlänge extra kurz,82.0
1403,1404,173,bei Armlänge normal,82.0
1404,1405,173,bei Armlänge extra lang,86.0
1405,1406,174,Kragenweite,43.5
1406,1407,174,Oberweite,134.0
1407,1408,174,Taillenweite,132.0
1408,1409,174,Hüftweite,128.0
1409,1410,174,Rückenbreite,525.0
1410,1411,174,Hemdenlänge:,
1411,1412,174,bei Armlänge extra kurz,82.0
1412,1413,174,bei Armlänge normal,82.0
1413,1414,174,bei Armlänge extra lang,86.0
1414,1415,175,Kragenweite,45.5
1415,1416,175,Oberweite,140.0
1416,1417,175,Taillenweite,140.0
1417,1418,175,Hüftweite,136.0
1418,1419,175,Rückenbreite,54.0
1419,1420,175,Hemdenlänge:,
1420,1421,175,bei Armlänge extra kurz,84.0
1421,1422,175,bei Armlänge normal,84.0
1422,1423,175,bei Armlänge extra lang,88.0
1423,1424,176,Kragenweite,47.5
1424,1425,176,Oberweite,148.0
1425,1426,176,Taillenweite,148.0
1426,1427,176,Hüftweite,144.0
1427,1428,176,Rückenbreite,555.0
1428,1429,176,Hemdenlänge:,
1429,1430,176,bei Armlänge extra kurz,84.0
1430,1431,176,bei Armlänge normal,84.0
1431,1432,176,bei Armlänge extra lang,88.0
1432,1433,177,Kragenweite,49.5
1433,1434,177,Oberweite,156.0
1434,1435,177,Taillenweite,156.0
1435,1436,177,Hüftweite,152.0
1436,1437,177,Rückenbreite,575.0
1437,1438,177,Hemdenlänge:,
1438,1439,177,bei Armlänge extra kurz,86.0
1439,1440,177,bei Armlänge normal,86.0
1440,1441,177,bei Armlänge extra lang,
1441,1442,178,Kragenweite,52.0
1442,1443,178,Oberweite,164.0
1443,1444,178,Taillenweite,164.0
1444,1445,178,Hüftweite,160.0
1445,1446,178,Rückenbreite,595.0
1446,1447,178,Hemdenlänge:,
1447,1448,178,bei Armlänge extra kurz,
1448,1449,178,bei Armlänge normal,86.0
1449,1450,178,bei Armlänge extra lang,
1450,1451,179,Kragenweite,54.0
1451,1452,179,Oberweite,172.0
1452,1453,179,Taillenweite,172.0
1453,1454,179,Hüftweite,168.0
1454,1455,179,Rückenbreite,615.0
1455,1456,179,Hemdenlänge:,
1456,1457,179,bei Armlänge extra kurz,
1457,1458,179,bei Armlänge normal,88.0
1458,1459,179,bei Armlänge extra lang,
1459,1460,180,Kragenweite,
1460,1461,180,Oberweite,
1461,1462,180,Taillenweite,
1462,1463,180,Hüftweite,
1463,1464,180,Rückenbreite,
1464,1465,180,Hemdenlänge:,
1465,1466,180,bei Armlänge extra kurz,
1466,1467,180,bei Armlänge normal,
1467,1468,180,bei Armlänge extra lang,
1468,1469,181,Kragenweite,
1469,1470,181,Oberweite,
1470,1471,181,Taillenweite,
1471,1472,181,Hüftweite,
1472,1473,181,Rückenbreite,
1473,1474,181,Hemdenlänge:,
1474,1475,181,bei Armlänge extra kurz,
1475,1476,181,bei Armlänge normal,
1476,1477,181,bei Armlänge extra lang,
1477,1478,182,Kragenweite,36.0
1478,1479,182,Oberweite,108.0
1479,1480,182,Taillenweite,98.0
1480,1481,182,Hüftweite,
1481,1482,182,Rückenbreite,455.0
1482,1483,182,Hemdenlänge:,
1483,1484,182,bei Armlänge extra kurz,82.0
1484,1485,182,bei Armlänge normal,82.0
1485,1486,182,bei Armlänge extra lang,85.0
1486,1487,183,Kragenweite,37.5
1487,1488,183,Oberweite,114.0
1488,1489,183,Taillenweite,102.0
1489,1490,183,Hüftweite,106.0
1490,1491,183,Rückenbreite,47.0
1491,1492,183,Hemdenlänge:,
1492,1493,183,bei Armlänge extra kurz,82.0
1493,1494,183,bei Armlänge normal,82.0
1494,1495,183,bei Armlänge extra lang,85.0
1495,1496,184,Kragenweite,39.5
1496,1497,184,Oberweite,120.0
1497,1498,184,Taillenweite,106.0
1498,1499,184,Hüftweite,112.0
1499,1500,184,Rückenbreite,485.0
1500,1501,184,Hemdenlänge:,
1501,1502,184,bei Armlänge extra kurz,82.0
1502,1503,184,bei Armlänge normal,82.0
1503,1504,184,bei Armlänge extra lang,85.0
1504,1505,185,Kragenweite,41.5
1505,1506,185,Oberweite,126.0
1506,1507,185,Taillenweite,112.0
1507,1508,185,Hüftweite,118.0
1508,1509,185,Rückenbreite,50.0
1509,1510,185,Hemdenlänge:,
1510,1511,185,bei Armlänge extra kurz,82.0
1511,1512,185,bei Armlänge normal,82.0
1512,1513,185,bei Armlänge extra lang,85.0
1513,1514,186,Kragenweite,43.5
1514,1515,186,Oberweite,132.0
1515,1516,186,Taillenweite,122.0
1516,1517,186,Hüftweite,124.0
1517,1518,186,Rückenbreite,515.0
1518,1519,186,Hemdenlänge:,
1519,1520,186,bei Armlänge extra kurz,82.0
1520,1521,186,bei Armlänge normal,85.0
1521,1522,186,bei Armlänge extra lang,90.0
1522,1523,187,Kragenweite,45.5
1523,1524,187,Oberweite,138.0
1524,1525,187,Taillenweite,130.0
1525,1526,187,Hüftweite,130.0
1526,1527,187,Rückenbreite,53.0
1527,1528,187,Hemdenlänge:,
1528,1529,187,bei Armlänge extra kurz,84.0
1529,1530,187,bei Armlänge normal,85.0
1530,1531,187,bei Armlänge extra lang,90.0
1531,1532,188,Kragenweite,47.5
1532,1533,188,Oberweite,144.0
1533,1534,188,Taillenweite,138.0
1534,1535,188,Hüftweite,136.0
1535,1536,188,Rückenbreite,545.0
1536,1537,188,Hemdenlänge:,
1537,1538,188,bei Armlänge extra kurz,84.0
1538,1539,188,bei Armlänge normal,90.0
1539,1540,188,bei Armlänge extra lang,90.0
1540,1541,189,Kragenweite,49.5
1541,1542,189,Oberweite,152.0
1542,1543,189,Taillenweite,144.0
1543,1544,189,Hüftweite,
1544,1545,189,Rückenbreite,565.0
1545,1546,189,Hemdenlänge:,
1546,1547,189,bei Armlänge extra kurz,86.0
1547,1548,189,bei Armlänge normal,95.0
1548,1549,189,bei Armlänge extra lang,95.0
1549,1550,190,Kragenweite,52.0
1550,1551,190,Oberweite,
1551,1552,190,Taillenweite,
1552,1553,190,Hüftweite,
1553,1554,190,Rückenbreite,
1554,1555,190,Hemdenlänge:,
1555,1556,190,bei Armlänge extra kurz,
1556,1557,190,bei Armlänge normal,
1557,1558,190,bei Armlänge extra lang,
1558,1559,191,Kragenweite,54.0
1559,1560,191,Oberweite,
1560,1561,191,Taillenweite,
1561,1562,191,Hüftweite,
1562,1563,191,Rückenbreite,
1563,1564,191,Hemdenlänge:,
1564,1565,191,bei Armlänge extra kurz,
1565,1566,191,bei Armlänge normal,
1566,1567,191,bei Armlänge extra lang,
1567,1568,192,Kragenweite,36.0
1568,1569,192,Oberweite,98.0
1569,1570,192,Taillenweite,86.0
1570,1571,192,Rückenbreite,38.0
1571,1572,192,Hemdenlänge:,
1572,1573,192,bei Armlänge extra kurz,76.0
1573,1574,192,bei Armlänge normal,76.0
1574,1575,192,bei Armlänge extra lang,79.0
1575,1576,193,Kragenweite,37.5
1576,1577,193,Oberweite,104.0
1577,1578,193,Taillenweite,92.0
1578,1579,193,Rückenbreite,40.0
1579,1580,193,Hemdenlänge:,
1580,1581,193,bei Armlänge extra kurz,78.0
1581,1582,193,bei Armlänge normal,78.0
1582,1583,193,bei Armlänge extra lang,81.0
1583,1584,194,Kragenweite,39.5
1584,1585,194,Oberweite,110.0
1585,1586,194,Taillenweite,98.0
1586,1587,194,Rückenbreite,42.0
1587,1588,194,Hemdenlänge:,
1588,1589,194,bei Armlänge extra kurz,80.0
1589,1590,194,bei Armlänge normal,80.0
1590,1591,194,bei Armlänge extra lang,83.0
1591,1592,195,Kragenweite,41.5
1592,1593,195,Oberweite,116.0
1593,1594,195,Taillenweite,104.0
1594,1595,195,Rückenbreite,44.0
1595,1596,195,Hemdenlänge:,
1596,1597,195,bei Armlänge extra kurz,80.0
1597,1598,195,bei Armlänge normal,80.0
1598,1599,195,bei Armlänge extra lang,83.0
1599,1600,196,Kragenweite,43.5
1600,1601,196,Oberweite,124.0
1601,1602,196,Taillenweite,112.0
1602,1603,196,Rückenbreite,46.0
1603,1604,196,Hemdenlänge:,
1604,1605,196,bei Armlänge extra kurz,83.0
1605,1606,196,bei Armlänge normal,83.0
1606,1607,196,bei Armlänge extra lang,87.0
1607,1608,197,Kragenweite,45.5
1608,1609,197,Oberweite,132.0
1609,1610,197,Taillenweite,120.0
1610,1611,197,Rückenbreite,48.0
1611,1612,197,Hemdenlänge:,
1612,1613,197,bei Armlänge extra kurz,85.0
1613,1614,197,bei Armlänge normal,85.0
1614,1615,197,bei Armlänge extra lang,89.0
1615,1616,198,Kragenweite,47.5
1616,1617,198,Oberweite,
1617,1618,198,Taillenweite,
1618,1619,198,Rückenbreite,
1619,1620,198,Hemdenlänge:,
1620,1621,198,bei Armlänge extra kurz,
1621,1622,198,bei Armlänge normal,
1622,1623,198,bei Armlänge extra lang,
1623,1624,199,Kragenweite,49.5
1624,1625,199,Oberweite,
1625,1626,199,Taillenweite,
1626,1627,199,Rückenbreite,
1627,1628,199,Hemdenlänge:,
1628,1629,199,bei Armlänge extra kurz,
1629,1630,199,bei Armlänge normal,
1630,1631,199,bei Armlänge extra lang,
1631,1632,200,Kragenweite,52.0
1632,1633,200,Oberweite,
1633,1634,200,Taillenweite,
1634,1635,200,Rückenbreite,
1635,1636,200,Hemdenlänge:,
1636,1637,200,bei Armlänge extra kurz,
1637,1638,200,bei Armlänge normal,
1638,1639,200,bei Armlänge extra lang,
1639,1640,201,Kragenweite,54.0
1640,1641,201,Oberweite,
1641,1642,201,Taillenweite,
1642,1643,201,Rückenbreite,
1643,1644,201,Hemdenlänge:,
1644,1645,201,bei Armlänge extra kurz,
1645,1646,201,bei Armlänge normal,
1646,1647,201,bei Armlänge extra lang,
1647,1648,202,Kragenweite,36.0
1648,1649,202,Oberweite,98.0
1649,1650,202,Taillenweite,86.0
1650,1651,202,Rückenbreite,38.0
1651,1652,202,Hemdenlänge:,
1652,1653,202,bei Armlänge extra kurz,76.0
1653,1654,202,bei Armlänge normal,76.0
1654,1655,202,bei Armlänge extra lang,79.0
1655,1656,203,Kragenweite,37.5
1656,1657,203,Oberweite,104.0
1657,1658,203,Taillenweite,92.0
1658,1659,203,Rückenbreite,40.0
1659,1660,203,Hemdenlänge:,
1660,1661,203,bei Armlänge extra kurz,78.0
1661,1662,203,bei Armlänge normal,78.0
1662,1663,203,bei Armlänge extra lang,81.0
1663,1664,204,Kragenweite,39.5
1664,1665,204,Oberweite,110.0
1665,1666,204,Taillenweite,98.0
1666,1667,204,Rückenbreite,42.0
1667,1668,204,Hemdenlänge:,
1668,1669,204,bei Armlänge extra kurz,80.0
1669,1670,204,bei Armlänge normal,80.0
1670,1671,204,bei Armlänge extra lang,83.0
1671,1672,205,Kragenweite,41.5
1672,1673,205,Oberweite,116.0
1673,1674,205,Taillenweite,104.0
1674,1675,205,Rückenbreite,44.0
1675,1676,205,Hemdenlänge:,
1676,1677,205,bei Armlänge extra kurz,80.0
1677,1678,205,bei Armlänge normal,80.0
1678,1679,205,bei Armlänge extra lang,83.0
1679,1680,206,Kragenweite,43.5
1680,1681,206,Oberweite,124.0
1681,1682,206,Taillenweite,112.0
1682,1683,206,Rückenbreite,46.0
1683,1684,206,Hemdenlänge:,
1684,1685,206,bei Armlänge extra kurz,83.0
1685,1686,206,bei Armlänge normal,83.0
1686,1687,206,bei Armlänge extra lang,87.0
1687,1688,207,Kragenweite,45.5
1688,1689,207,Oberweite,132.0
1689,1690,207,Taillenweite,120.0
1690,1691,207,Rückenbreite,48.0
1691,1692,207,Hemdenlänge:,
1692,1693,207,bei Armlänge extra kurz,85.0
1693,1694,207,bei Armlänge normal,85.0
1694,1695,207,bei Armlänge extra lang,89.0
1695,1696,208,Kragenweite,47.5
1696,1697,208,Oberweite,
1697,1698,208,Taillenweite,
1698,1699,208,Rückenbreite,
1699,1700,208,Hemdenlänge:,
1700,1701,208,bei Armlänge extra kurz,
1701,1702,208,bei Armlänge normal,
1702,1703,208,bei Armlänge extra lang,
1703,1704,209,Kragenweite,49.5
1704,1705,209,Oberweite,
1705,1706,209,Taillenweite,
1706,1707,209,Rückenbreite,
1707,1708,209,Hemdenlänge:,
1708,1709,209,bei Armlänge extra kurz,
1709,1710,209,bei Armlänge normal,
1710,1711,209,bei Armlänge extra lang,
1711,1712,210,Kragenweite,52.0
1712,1713,210,Oberweite,
1713,1714,210,Taillenweite,
1714,1715,210,Rückenbreite,
1715,1716,210,Hemdenlänge:,
1716,1717,210,bei Armlänge extra kurz,
1717,1718,210,bei Armlänge normal,
1718,1719,210,bei Armlänge extra lang,
1719,1720,211,Kragenweite,54.0
1720,1721,211,Oberweite,
1721,1722,211,Taillenweite,
1722,1723,211,Rückenbreite,
1723,1724,211,Hemdenlänge:,
1724,1725,211,bei Armlänge extra kurz,
1725,1726,211,bei Armlänge normal,
1726,1727,211,bei Armlänge extra lang,
1727,1728,212,Kragenweite,36.0
1728,1729,212,Oberweite,108.0
1729,1730,212,Taillenweite,98.0
1730,1731,212,Hüftweite,
1731,1732,212,Rückenbreite,455.0
1732,1733,212,Hemdenlänge:,
1733,1734,212,bei Armlänge extra kurz,82.0
1734,1735,212,bei Armlänge normal,82.0
1735,1736,212,bei Armlänge extra lang,85.0
1736,1737,213,Kragenweite,37.5
1737,1738,213,Oberweite,114.0
1738,1739,213,Taillenweite,102.0
1739,1740,213,Hüftweite,106.0
1740,1741,213,Rückenbreite,47.0
1741,1742,213,Hemdenlänge:,
1742,1743,213,bei Armlänge extra kurz,82.0
1743,1744,213,bei Armlänge normal,82.0
1744,1745,213,bei Armlänge extra lang,85.0
1745,1746,214,Kragenweite,39.5
1746,1747,214,Oberweite,120.0
1747,1748,214,Taillenweite,106.0
1748,1749,214,Hüftweite,112.0
1749,1750,214,Rückenbreite,485.0
1750,1751,214,Hemdenlänge:,
1751,1752,214,bei Armlänge extra kurz,82.0
1752,1753,214,bei Armlänge normal,82.0
1753,1754,214,bei Armlänge extra lang,85.0
1754,1755,215,Kragenweite,41.5
1755,1756,215,Oberweite,126.0
1756,1757,215,Taillenweite,112.0
1757,1758,215,Hüftweite,118.0
1758,1759,215,Rückenbreite,50.0
1759,1760,215,Hemdenlänge:,
1760,1761,215,bei Armlänge extra kurz,82.0
1761,1762,215,bei Armlänge normal,82.0
1762,1763,215,bei Armlänge extra lang,85.0
1763,1764,216,Kragenweite,43.5
1764,1765,216,Oberweite,132.0
1765,1766,216,Taillenweite,122.0
1766,1767,216,Hüftweite,124.0
1767,1768,216,Rückenbreite,515.0
1768,1769,216,Hemdenlänge:,
1769,1770,216,bei Armlänge extra kurz,82.0
1770,1771,216,bei Armlänge normal,85.0
1771,1772,216,bei Armlänge extra lang,90.0
1772,1773,217,Kragenweite,45.5
1773,1774,217,Oberweite,138.0
1774,1775,217,Taillenweite,130.0
1775,1776,217,Hüftweite,130.0
1776,1777,217,Rückenbreite,53.0
1777,1778,217,Hemdenlänge:,
1778,1779,217,bei Armlänge extra kurz,84.0
1779,1780,217,bei Armlänge normal,85.0
1780,1781,217,bei Armlänge extra lang,90.0
1781,1782,218,Kragenweite,47.5
1782,1783,218,Oberweite,144.0
1783,1784,218,Taillenweite,138.0
1784,1785,218,Hüftweite,136.0
1785,1786,218,Rückenbreite,545.0
1786,1787,218,Hemdenlänge:,
1787,1788,218,bei Armlänge extra kurz,84.0
1788,1789,218,bei Armlänge normal,90.0
1789,1790,218,bei Armlänge extra lang,90.0
1790,1791,219,Kragenweite,49.5
1791,1792,219,Oberweite,152.0
1792,1793,219,Taillenweite,144.0
1793,1794,219,Hüftweite,
1794,1795,219,Rückenbreite,565.0
1795,1796,219,Hemdenlänge:,
1796,1797,219,bei Armlänge extra kurz,86.0
1797,1798,219,bei Armlänge normal,95.0
1798,1799,219,bei Armlänge extra lang,95.0
1799,1800,220,Kragenweite,52.0
1800,1801,220,Oberweite,
1801,1802,220,Taillenweite,
1802,1803,220,Hüftweite,
1803,1804,220,Rückenbreite,
1804,1805,220,Hemdenlänge:,
1805,1806,220,bei Armlänge extra kurz,
1806,1807,220,bei Armlänge normal,
1807,1808,220,bei Armlänge extra lang,
1808,1809,221,Kragenweite,54.0
1809,1810,221,Oberweite,
1810,1811,221,Taillenweite,
1811,1812,221,Hüftweite,
1812,1813,221,Rückenbreite,
1813,1814,221,Hemdenlänge:,
1814,1815,221,bei Armlänge extra kurz,
1815,1816,221,bei Armlänge normal,
1816,1817,221,bei Armlänge extra lang,
1817,1818,222,Kragenweite,36.0
1818,1819,222,Oberweite,
1819,1820,222,Taillenweite,
1820,1821,222,Rückenbreite,
1821,1822,222,Hemdenlänge:,
1822,1823,222,bei Armlänge normal,
1823,1824,222,bei Armlänge extra lang,
1824,1825,223,Kragenweite,37.5
1825,1826,223,Oberweite,114.0
1826,1827,223,Taillenweite,108.0
1827,1828,223,Rückenbreite,48.0
1828,1829,223,Hemdenlänge:,
1829,1830,223,bei Armlänge normal,82.0
1830,1831,223,bei Armlänge extra lang,85.0
1831,1832,224,Kragenweite,39.5
1832,1833,224,Oberweite,122.0
1833,1834,224,Taillenweite,116.0
1834,1835,224,Rückenbreite,51.0
1835,1836,224,Hemdenlänge:,
1836,1837,224,bei Armlänge normal,82.0
1837,1838,224,bei Armlänge extra lang,85.0
1838,1839,225,Kragenweite,41.5
1839,1840,225,Oberweite,128.0
1840,1841,225,Taillenweite,124.0
1841,1842,225,Rückenbreite,525.0
1842,1843,225,Hemdenlänge:,
1843,1844,225,bei Armlänge normal,82.0
1844,1845,225,bei Armlänge extra lang,85.0
1845,1846,226,Kragenweite,43.5
1846,1847,226,Oberweite,136.0
1847,1848,226,Taillenweite,136.0
1848,1849,226,Rückenbreite,54.0
1849,1850,226,Hemdenlänge:,
1850,1851,226,bei Armlänge normal,85.0
1851,1852,226,bei Armlänge extra lang,90.0
1852,1853,227,Kragenweite,45.5
1853,1854,227,Oberweite,148.0
1854,1855,227,Taillenweite,148.0
1855,1856,227,Rückenbreite,56.0
1856,1857,227,Hemdenlänge:,
1857,1858,227,bei Armlänge normal,85.0
1858,1859,227,bei Armlänge extra lang,90.0
1859,1860,228,Kragenweite,47.5
1860,1861,228,Oberweite,154.0
1861,1862,228,Taillenweite,154.0
1862,1863,228,Rückenbreite,58.0
1863,1864,228,Hemdenlänge:,
1864,1865,228,bei Armlänge normal,90.0
1865,1866,228,bei Armlänge extra lang,90.0
1866,1867,229,Kragenweite,49.5
1867,1868,229,Oberweite,160.0
1868,1869,229,Taillenweite,160.0
1869,1870,229,Rückenbreite,60.0
1870,1871,229,Hemdenlänge:,
1871,1872,229,bei Armlänge normal,95.0
1872,1873,229,bei Armlänge extra lang,95.0
1873,1874,230,Kragenweite,52.0
1874,1875,230,Oberweite,
1875,1876,230,Taillenweite,
1876,1877,230,Rückenbreite,
1877,1878,230,Hemdenlänge:,
1878,1879,230,bei Armlänge normal,
1879,1880,230,bei Armlänge extra lang,
1880,1881,231,Kragenweite,54.0
1881,1882,231,Oberweite,
1882,1883,231,Taillenweite,
1883,1884,231,Rückenbreite,
1884,1885,231,Hemdenlänge:,
1885,1886,231,bei Armlänge normal,
1886,1887,231,bei Armlänge extra lang,
1887,1888,232,Kragenweite,36.0
1888,1889,232,Oberweite,108.0
1889,1890,232,Taillenweite,98.0
1890,1891,232,Hüftweite,
1891,1892,232,Rückenbreite,455.0
1892,1893,232,Hemdenlänge:,
1893,1894,232,bei Armlänge extra kurz,82.0
1894,1895,232,bei Armlänge normal,82.0
1895,1896,232,bei Armlänge extra lang,85.0
1896,1897,233,Kragenweite,37.5
1897,1898,233,Oberweite,114.0
1898,1899,233,Taillenweite,102.0
1899,1900,233,Hüftweite,106.0
1900,1901,233,Rückenbreite,47.0
1901,1902,233,Hemdenlänge:,
1902,1903,233,bei Armlänge extra kurz,82.0
1903,1904,233,bei Armlänge normal,82.0
1904,1905,233,bei Armlänge extra lang,85.0
1905,1906,234,Kragenweite,39.5
1906,1907,234,Oberweite,120.0
1907,1908,234,Taillenweite,106.0
1908,1909,234,Hüftweite,112.0
1909,1910,234,Rückenbreite,485.0
1910,1911,234,Hemdenlänge:,
1911,1912,234,bei Armlänge extra kurz,82.0
1912,1913,234,bei Armlänge normal,82.0
1913,1914,234,bei Armlänge extra lang,85.0
1914,1915,235,Kragenweite,41.5
1915,1916,235,Oberweite,126.0
1916,1917,235,Taillenweite,112.0
1917,1918,235,Hüftweite,118.0
1918,1919,235,Rückenbreite,50.0
1919,1920,235,Hemdenlänge:,
1920,1921,235,bei Armlänge extra kurz,82.0
1921,1922,235,bei Armlänge normal,82.0
1922,1923,235,bei Armlänge extra lang,85.0
1923,1924,236,Kragenweite,43.5
1924,1925,236,Oberweite,132.0
1925,1926,236,Taillenweite,122.0
1926,1927,236,Hüftweite,124.0
1927,1928,236,Rückenbreite,515.0
1928,1929,236,Hemdenlänge:,
1929,1930,236,bei Armlänge extra kurz,82.0
1930,1931,236,bei Armlänge normal,85.0
1931,1932,236,bei Armlänge extra lang,90.0
1932,1933,237,Kragenweite,45.5
1933,1934,237,Oberweite,138.0
1934,1935,237,Taillenweite,130.0
1935,1936,237,Hüftweite,130.0
1936,1937,237,Rückenbreite,53.0
1937,1938,237,Hemdenlänge:,
1938,1939,237,bei Armlänge extra kurz,84.0
1939,1940,237,bei Armlänge normal,85.0
1940,1941,237,bei Armlänge extra lang,90.0
1941,1942,238,Kragenweite,47.5
1942,1943,238,Oberweite,144.0
1943,1944,238,Taillenweite,138.0
1944,1945,238,Hüftweite,136.0
1945,1946,238,Rückenbreite,545.0
1946,1947,238,Hemdenlänge:,
1947,1948,238,bei Armlänge extra kurz,84.0
1948,1949,238,bei Armlänge normal,90.0
1949,1950,238,bei Armlänge extra lang,90.0
1950,1951,239,Kragenweite,49.5
1951,1952,239,Oberweite,152.0
1952,1953,239,Taillenweite,144.0
1953,1954,239,Hüftweite,
1954,1955,239,Rückenbreite,565.0
1955,1956,239,Hemdenlänge:,
1956,1957,239,bei Armlänge extra kurz,86.0
1957,1958,239,bei Armlänge normal,95.0
1958,1959,239,bei Armlänge extra lang,95.0
1959,1960,240,Kragenweite,52.0
1960,1961,240,Oberweite,
1961,1962,240,Taillenweite,
1962,1963,240,Hüftweite,
1963,1964,240,Rückenbreite,
1964,1965,240,Hemdenlänge:,
1965,1966,240,bei Armlänge extra kurz,
1966,1967,240,bei Armlänge normal,
1967,1968,240,bei Armlänge extra lang,
1968,1969,241,Kragenweite,54.0
1969,1970,241,Oberweite,
1970,1971,241,Taillenweite,
1971,1972,241,Hüftweite,
1972,1973,241,Rückenbreite,
1973,1974,241,Hemdenlänge:,
1974,1975,241,bei Armlänge extra kurz,
1975,1976,241,bei Armlänge normal,
1976,1977,241,bei Armlänge extra lang,
1977,1978,242,Kragenweite,36.0
1978,1979,242,Oberweite,108.0
1979,1980,242,Taillenweite,98.0
1980,1981,242,Hüftweite,
1981,1982,242,Rückenbreite,455.0
1982,1983,242,Hemdenlänge:,
1983,1984,242,bei Armlänge extra kurz,82.0
1984,1985,242,bei Armlänge normal,82.0
1985,1986,242,bei Armlänge extra lang,85.0
1986,1987,243,Kragenweite,37.5
1987,1988,243,Oberweite,114.0
1988,1989,243,Taillenweite,102.0
1989,1990,243,Hüftweite,106.0
1990,1991,243,Rückenbreite,47.0
1991,1992,243,Hemdenlänge:,
1992,1993,243,bei Armlänge extra kurz,82.0
1993,1994,243,bei Armlänge normal,82.0
1994,1995,243,bei Armlänge extra lang,85.0
1995,1996,244,Kragenweite,39.5
1996,1997,244,Oberweite,120.0
1997,1998,244,Taillenweite,106.0
1998,1999,244,Hüftweite,112.0
1999,2000,244,Rückenbreite,485.0
2000,2001,244,Hemdenlänge:,
2001,2002,244,bei Armlänge extra kurz,82.0
2002,2003,244,bei Armlänge normal,82.0
2003,2004,244,bei Armlänge extra lang,85.0
2004,2005,245,Kragenweite,41.5
2005,2006,245,Oberweite,126.0
2006,2007,245,Taillenweite,112.0
2007,2008,245,Hüftweite,118.0
2008,2009,245,Rückenbreite,50.0
2009,2010,245,Hemdenlänge:,
2010,2011,245,bei Armlänge extra kurz,82.0
2011,2012,245,bei Armlänge normal,82.0
2012,2013,245,bei Armlänge extra lang,85.0
2013,2014,246,Kragenweite,43.5
2014,2015,246,Oberweite,132.0
2015,2016,246,Taillenweite,122.0
2016,2017,246,Hüftweite,124.0
2017,2018,246,Rückenbreite,515.0
2018,2019,246,Hemdenlänge:,
2019,2020,246,bei Armlänge extra kurz,82.0
2020,2021,246,bei Armlänge normal,85.0
2021,2022,246,bei Armlänge extra lang,90.0
2022,2023,247,Kragenweite,45.5
2023,2024,247,Oberweite,138.0
2024,2025,247,Taillenweite,130.0
2025,2026,247,Hüftweite,130.0
2026,2027,247,Rückenbreite,53.0
2027,2028,247,Hemdenlänge:,
2028,2029,247,bei Armlänge extra kurz,84.0
2029,2030,247,bei Armlänge normal,85.0
2030,2031,247,bei Armlänge extra lang,90.0
2031,2032,248,Kragenweite,47.5
2032,2033,248,Oberweite,144.0
2033,2034,248,Taillenweite,138.0
2034,2035,248,Hüftweite,136.0
2035,2036,248,Rückenbreite,545.0
2036,2037,248,Hemdenlänge:,
2037,2038,248,bei Armlänge extra kurz,84.0
2038,2039,248,bei Armlänge normal,90.0
2039,2040,248,bei Armlänge extra lang,90.0
2040,2041,249,Kragenweite,49.5
2041,2042,249,Oberweite,152.0
2042,2043,249,Taillenweite,144.0
2043,2044,249,Hüftweite,
2044,2045,249,Rückenbreite,565.0
2045,2046,249,Hemdenlänge:,
2046,2047,249,bei Armlänge extra kurz,86.0
2047,2048,249,bei Armlänge normal,95.0
2048,2049,249,bei Armlänge extra lang,95.0
2049,2050,250,Kragenweite,52.0
2050,2051,250,Oberweite,
2051,2052,250,Taillenweite,
2052,2053,250,Hüftweite,
2053,2054,250,Rückenbreite,
2054,2055,250,Hemdenlänge:,
2055,2056,250,bei Armlänge extra kurz,
2056,2057,250,bei Armlänge normal,
2057,2058,250,bei Armlänge extra lang,
2058,2059,251,Kragenweite,54.0
2059,2060,251,Oberweite,
2060,2061,251,Taillenweite,
2061,2062,251,Hüftweite,
2062,2063,251,Rückenbreite,
2063,2064,251,Hemdenlänge:,
2064,2065,251,bei Armlänge extra kurz,
2065,2066,251,bei Armlänge normal,
2066,2067,251,bei Armlänge extra lang,
2067,2068,252,Kragenweite,36.0
2068,2069,252,Oberweite,108.0
2069,2070,252,Taillenweite,98.0
2070,2071,252,Hüftweite,
2071,2072,252,Rückenbreite,455.0
2072,2073,252,Hemdenlänge:,
2073,2074,252,bei Armlänge extra kurz,82.0
2074,2075,252,bei Armlänge normal,82.0
2075,2076,252,bei Armlänge extra lang,85.0
2076,2077,253,Kragenweite,37.5
2077,2078,253,Oberweite,114.0
2078,2079,253,Taillenweite,102.0
2079,2080,253,Hüftweite,106.0
2080,2081,253,Rückenbreite,47.0
2081,2082,253,Hemdenlänge:,
2082,2083,253,bei Armlänge extra kurz,82.0
2083,2084,253,bei Armlänge normal,82.0
2084,2085,253,bei Armlänge extra lang,85.0
2085,2086,254,Kragenweite,39.5
2086,2087,254,Oberweite,120.0
2087,2088,254,Taillenweite,106.0
2088,2089,254,Hüftweite,112.0
2089,2090,254,Rückenbreite,485.0
2090,2091,254,Hemdenlänge:,
2091,2092,254,bei Armlänge extra kurz,82.0
2092,2093,254,bei Armlänge normal,82.0
2093,2094,254,bei Armlänge extra lang,85.0
2094,2095,255,Kragenweite,41.5
2095,2096,255,Oberweite,126.0
2096,2097,255,Taillenweite,112.0
2097,2098,255,Hüftweite,118.0
2098,2099,255,Rückenbreite,50.0
2099,2100,255,Hemdenlänge:,
2100,2101,255,bei Armlänge extra kurz,82.0
2101,2102,255,bei Armlänge normal,82.0
2102,2103,255,bei Armlänge extra lang,85.0
2103,2104,256,Kragenweite,43.5
2104,2105,256,Oberweite,132.0
2105,2106,256,Taillenweite,122.0
2106,2107,256,Hüftweite,124.0
2107,2108,256,Rückenbreite,515.0
2108,2109,256,Hemdenlänge:,
2109,2110,256,bei Armlänge extra kurz,82.0
2110,2111,256,bei Armlänge normal,85.0
2111,2112,256,bei Armlänge extra lang,90.0
2112,2113,257,Kragenweite,45.5
2113,2114,257,Oberweite,138.0
2114,2115,257,Taillenweite,130.0
2115,2116,257,Hüftweite,130.0
2116,2117,257,Rückenbreite,53.0
2117,2118,257,Hemdenlänge:,
2118,2119,257,bei Armlänge extra kurz,84.0
2119,2120,257,bei Armlänge normal,85.0
2120,2121,257,bei Armlänge extra lang,90.0
2121,2122,258,Kragenweite,47.5
2122,2123,258,Oberweite,144.0
2123,2124,258,Taillenweite,138.0
2124,2125,258,Hüftweite,136.0
2125,2126,258,Rückenbreite,545.0
2126,2127,258,Hemdenlänge:,
2127,2128,258,bei Armlänge extra kurz,84.0
2128,2129,258,bei Armlänge normal,90.0
2129,2130,258,bei Armlänge extra lang,90.0
2130,2131,259,Kragenweite,49.5
2131,2132,259,Oberweite,152.0
2132,2133,259,Taillenweite,144.0
2133,2134,259,Hüftweite,
2134,2135,259,Rückenbreite,565.0
2135,2136,259,Hemdenlänge:,
2136,2137,259,bei Armlänge extra kurz,86.0
2137,2138,259,bei Armlänge normal,95.0
2138,2139,259,bei Armlänge extra lang,95.0
2139,2140,260,Kragenweite,52.0
2140,2141,260,Oberweite,
2141,2142,260,Taillenweite,
2142,2143,260,Hüftweite,
2143,2144,260,Rückenbreite,
2144,2145,260,Hemdenlänge:,
2145,2146,260,bei Armlänge extra kurz,
2146,2147,260,bei Armlänge normal,
2147,2148,260,bei Armlänge extra lang,
2148,2149,261,Kragenweite,54.0
2149,2150,261,Oberweite,
2150,2151,261,Taillenweite,
2151,2152,261,Hüftweite,
2152,2153,261,Rückenbreite,
2153,2154,261,Hemdenlänge:,
2154,2155,261,bei Armlänge extra kurz,
2155,2156,261,bei Armlänge normal,
2156,2157,261,bei Armlänge extra lang,
2157,2158,262,Kragenweite,36.0
2158,2159,262,Oberweite,108.0
2159,2160,262,Taillenweite,98.0
2160,2161,262,Hüftweite,
2161,2162,262,Rückenbreite,455.0
2162,2163,262,Hemdenlänge:,
2163,2164,262,bei Armlänge extra kurz,82.0
2164,2165,262,bei Armlänge normal,82.0
2165,2166,262,bei Armlänge extra lang,85.0
2166,2167,263,Kragenweite,37.5
2167,2168,263,Oberweite,114.0
2168,2169,263,Taillenweite,102.0
2169,2170,263,Hüftweite,106.0
2170,2171,263,Rückenbreite,47.0
2171,2172,263,Hemdenlänge:,
2172,2173,263,bei Armlänge extra kurz,82.0
2173,2174,263,bei Armlänge normal,82.0
2174,2175,263,bei Armlänge extra lang,85.0
2175,2176,264,Kragenweite,39.5
2176,2177,264,Oberweite,120.0
2177,2178,264,Taillenweite,106.0
2178,2179,264,Hüftweite,112.0
2179,2180,264,Rückenbreite,485.0
2180,2181,264,Hemdenlänge:,
2181,2182,264,bei Armlänge extra kurz,82.0
2182,2183,264,bei Armlänge normal,82.0
2183,2184,264,bei Armlänge extra lang,85.0
2184,2185,265,Kragenweite,41.5
2185,2186,265,Oberweite,126.0
2186,2187,265,Taillenweite,112.0
2187,2188,265,Hüftweite,118.0
2188,2189,265,Rückenbreite,50.0
2189,2190,265,Hemdenlänge:,
2190,2191,265,bei Armlänge extra kurz,82.0
2191,2192,265,bei Armlänge normal,82.0
2192,2193,265,bei Armlänge extra lang,85.0
2193,2194,266,Kragenweite,43.5
2194,2195,266,Oberweite,132.0
2195,2196,266,Taillenweite,122.0
2196,2197,266,Hüftweite,124.0
2197,2198,266,Rückenbreite,515.0
2198,2199,266,Hemdenlänge:,
2199,2200,266,bei Armlänge extra kurz,82.0
2200,2201,266,bei Armlänge normal,85.0
2201,2202,266,bei Armlänge extra lang,90.0
2202,2203,267,Kragenweite,45.5
2203,2204,267,Oberweite,138.0
2204,2205,267,Taillenweite,130.0
2205,2206,267,Hüftweite,130.0
2206,2207,267,Rückenbreite,53.0
2207,2208,267,Hemdenlänge:,
2208,2209,267,bei Armlänge extra kurz,84.0
2209,2210,267,bei Armlänge normal,85.0
2210,2211,267,bei Armlänge extra lang,90.0
2211,2212,268,Kragenweite,47.5
2212,2213,268,Oberweite,144.0
2213,2214,268,Taillenweite,138.0
2214,2215,268,Hüftweite,136.0
2215,2216,268,Rückenbreite,545.0
2216,2217,268,Hemdenlänge:,
2217,2218,268,bei Armlänge extra kurz,84.0
2218,2219,268,bei Armlänge normal,90.0
2219,2220,268,bei Armlänge extra lang,90.0
2220,2221,269,Kragenweite,49.5
2221,2222,269,Oberweite,152.0
2222,2223,269,Taillenweite,144.0
2223,2224,269,Hüftweite,
2224,2225,269,Rückenbreite,565.0
2225,2226,269,Hemdenlänge:,
2226,2227,269,bei Armlänge extra kurz,86.0
2227,2228,269,bei Armlänge normal,95.0
2228,2229,269,bei Armlänge extra lang,95.0
2229,2230,270,Kragenweite,52.0
2230,2231,270,Oberweite,
2231,2232,270,Taillenweite,
2232,2233,270,Hüftweite,
2233,2234,270,Rückenbreite,
2234,2235,270,Hemdenlänge:,
2235,2236,270,bei Armlänge extra kurz,
2236,2237,270,bei Armlänge normal,
2237,2238,270,bei Armlänge extra lang,
2238,2239,271,Kragenweite,54.0
2239,2240,271,Oberweite,
2240,2241,271,Taillenweite,
2241,2242,271,Hüftweite,
2242,2243,271,Rückenbreite,
2243,2244,271,Hemdenlänge:,
2244,2245,271,bei Armlänge extra kurz,
2245,2246,271,bei Armlänge normal,
2246,2247,271,bei Armlänge extra lang,
2247,2248,272,Kragenweite,39.5
2248,2249,272,Oberweite,122.0
2249,2250,272,Taillenweite,118.0
2250,2251,272,Hüftweite,116.0
2251,2252,272,Rückenbreite,495.0
2252,2253,272,Hemdenlänge:,
2253,2254,272,bei Armlänge extra kurz,80.0
2254,2255,272,bei Armlänge normal,80.0
2255,2256,272,bei Armlänge extra lang,84.0
2256,2257,273,Kragenweite,41.5
2257,2258,273,Oberweite,128.0
2258,2259,273,Taillenweite,124.0
2259,2260,273,Hüftweite,122.0
2260,2261,273,Rückenbreite,51.0
2261,2262,273,Hemdenlänge:,
2262,2263,273,bei Armlänge extra kurz,82.0
2263,2264,273,bei Armlänge normal,82.0
2264,2265,273,bei Armlänge extra lang,86.0
2265,2266,274,Kragenweite,43.5
2266,2267,274,Oberweite,134.0
2267,2268,274,Taillenweite,132.0
2268,2269,274,Hüftweite,128.0
2269,2270,274,Rückenbreite,525.0
2270,2271,274,Hemdenlänge:,
2271,2272,274,bei Armlänge extra kurz,82.0
2272,2273,274,bei Armlänge normal,82.0
2273,2274,274,bei Armlänge extra lang,86.0
2274,2275,275,Kragenweite,45.5
2275,2276,275,Oberweite,140.0
2276,2277,275,Taillenweite,140.0
2277,2278,275,Hüftweite,136.0
2278,2279,275,Rückenbreite,54.0
2279,2280,275,Hemdenlänge:,
2280,2281,275,bei Armlänge extra kurz,84.0
2281,2282,275,bei Armlänge normal,84.0
2282,2283,275,bei Armlänge extra lang,88.0
2283,2284,276,Kragenweite,47.5
2284,2285,276,Oberweite,148.0
2285,2286,276,Taillenweite,148.0
2286,2287,276,Hüftweite,144.0
2287,2288,276,Rückenbreite,555.0
2288,2289,276,Hemdenlänge:,
2289,2290,276,bei Armlänge extra kurz,84.0
2290,2291,276,bei Armlänge normal,84.0
2291,2292,276,bei Armlänge extra lang,88.0
2292,2293,277,Kragenweite,49.5
2293,2294,277,Oberweite,156.0
2294,2295,277,Taillenweite,156.0
2295,2296,277,Hüftweite,152.0
2296,2297,277,Rückenbreite,575.0
2297,2298,277,Hemdenlänge:,
2298,2299,277,bei Armlänge extra kurz,86.0
2299,2300,277,bei Armlänge normal,86.0
2300,2301,277,bei Armlänge extra lang,
2301,2302,278,Kragenweite,52.0
2302,2303,278,Oberweite,164.0
2303,2304,278,Taillenweite,164.0
2304,2305,278,Hüftweite,160.0
2305,2306,278,Rückenbreite,595.0
2306,2307,278,Hemdenlänge:,
2307,2308,278,bei Armlänge extra kurz,
2308,2309,278,bei Armlänge normal,86.0
2309,2310,278,bei Armlänge extra lang,
2310,2311,279,Kragenweite,54.0
2311,2312,279,Oberweite,172.0
2312,2313,279,Taillenweite,172.0
2313,2314,279,Hüftweite,168.0
2314,2315,279,Rückenbreite,615.0
2315,2316,279,Hemdenlänge:,
2316,2317,279,bei Armlänge extra kurz,
2317,2318,279,bei Armlänge normal,88.0
2318,2319,279,bei Armlänge extra lang,
2319,2320,280,Kragenweite,
2320,2321,280,Oberweite,
2321,2322,280,Taillenweite,
2322,2323,280,Hüftweite,
2323,2324,280,Rückenbreite,
2324,2325,280,Hemdenlänge:,
2325,2326,280,bei Armlänge extra kurz,
2326,2327,280,bei Armlänge normal,
2327,2328,280,bei Armlänge extra lang,
2328,2329,281,Kragenweite,
2329,2330,281,Oberweite,
2330,2331,281,Taillenweite,
2331,2332,281,Hüftweite,
2332,2333,281,Rückenbreite,
2333,2334,281,Hemdenlänge:,
2334,2335,281,bei Armlänge extra kurz,
2335,2336,281,bei Armlänge normal,
2336,2337,281,bei Armlänge extra lang,
2337,2338,282,Kragenweite,36.0
2338,2339,282,Oberweite,98.0
2339,2340,282,Taillenweite,86.0
2340,2341,282,Rückenbreite,38.0
2341,2342,282,Hemdenlänge:,
2342,2343,282,bei Armlänge extra kurz,76.0
2343,2344,282,bei Armlänge normal,76.0
2344,2345,282,bei Armlänge extra lang,79.0
2345,2346,283,Kragenweite,37.5
2346,2347,283,Oberweite,104.0
2347,2348,283,Taillenweite,92.0
2348,2349,283,Rückenbreite,40.0
2349,2350,283,Hemdenlänge:,
2350,2351,283,bei Armlänge extra kurz,78.0
2351,2352,283,bei Armlänge normal,78.0
2352,2353,283,bei Armlänge extra lang,81.0
2353,2354,284,Kragenweite,39.5
2354,2355,284,Oberweite,110.0
2355,2356,284,Taillenweite,98.0
2356,2357,284,Rückenbreite,42.0
2357,2358,284,Hemdenlänge:,
2358,2359,284,bei Armlänge extra kurz,80.0
2359,2360,284,bei Armlänge normal,80.0
2360,2361,284,bei Armlänge extra lang,83.0
2361,2362,285,Kragenweite,41.5
2362,2363,285,Oberweite,116.0
2363,2364,285,Taillenweite,104.0
2364,2365,285,Rückenbreite,44.0
2365,2366,285,Hemdenlänge:,
2366,2367,285,bei Armlänge extra kurz,80.0
2367,2368,285,bei Armlänge normal,80.0
2368,2369,285,bei Armlänge extra lang,83.0
2369,2370,286,Kragenweite,43.5
2370,2371,286,Oberweite,124.0
2371,2372,286,Taillenweite,112.0
2372,2373,286,Rückenbreite,46.0
2373,2374,286,Hemdenlänge:,
2374,2375,286,bei Armlänge extra kurz,83.0
2375,2376,286,bei Armlänge normal,83.0
2376,2377,286,bei Armlänge extra lang,87.0
2377,2378,287,Kragenweite,45.5
2378,2379,287,Oberweite,132.0
2379,2380,287,Taillenweite,120.0
2380,2381,287,Rückenbreite,48.0
2381,2382,287,Hemdenlänge:,
2382,2383,287,bei Armlänge extra kurz,85.0
2383,2384,287,bei Armlänge normal,85.0
2384,2385,287,bei Armlänge extra lang,89.0
2385,2386,288,Kragenweite,47.5
2386,2387,288,Oberweite,
2387,2388,288,Taillenweite,
2388,2389,288,Rückenbreite,
2389,2390,288,Hemdenlänge:,
2390,2391,288,bei Armlänge extra kurz,
2391,2392,288,bei Armlänge normal,
2392,2393,288,bei Armlänge extra lang,
2393,2394,289,Kragenweite,49.5
2394,2395,289,Oberweite,
2395,2396,289,Taillenweite,
2396,2397,289,Rückenbreite,
2397,2398,289,Hemdenlänge:,
2398,2399,289,bei Armlänge extra kurz,
2399,2400,289,bei Armlänge normal,
2400,2401,289,bei Armlänge extra lang,
2401,2402,290,Kragenweite,52.0
2402,2403,290,Oberweite,
2403,2404,290,Taillenweite,
2404,2405,290,Rückenbreite,
2405,2406,290,Hemdenlänge:,
2406,2407,290,bei Armlänge extra kurz,
2407,2408,290,bei Armlänge normal,
2408,2409,290,bei Armlänge extra lang,
2409,2410,291,Kragenweite,54.0
2410,2411,291,Oberweite,
2411,2412,291,Taillenweite,
2412,2413,291,Rückenbreite,
2413,2414,291,Hemdenlänge:,
2414,2415,291,bei Armlänge extra kurz,
2415,2416,291,bei Armlänge normal,
2416,2417,291,bei Armlänge extra lang,
2417,2418,292,Kragenweite,36.0
2418,2419,292,Oberweite,98.0
2419,2420,292,Taillenweite,86.0
2420,2421,292,Rückenbreite,38.0
2421,2422,292,Hemdenlänge:,
2422,2423,292,bei Armlänge normal,76.0
2423,2424,292,bei Armlänge extra lang,
2424,2425,293,Kragenweite,37.5
2425,2426,293,Oberweite,104.0
2426,2427,293,Taillenweite,92.0
2427,2428,293,Rückenbreite,40.0
2428,2429,293,Hemdenlänge:,
2429,2430,293,bei Armlänge normal,78.0
2430,2431,293,bei Armlänge extra lang,81.0
2431,2432,294,Kragenweite,39.5
2432,2433,294,Oberweite,110.0
2433,2434,294,Taillenweite,98.0
2434,2435,294,Rückenbreite,42.0
2435,2436,294,Hemdenlänge:,
2436,2437,294,bei Armlänge normal,80.0
2437,2438,294,bei Armlänge extra lang,83.0
2438,2439,295,Kragenweite,41.5
2439,2440,295,Oberweite,116.0
2440,2441,295,Taillenweite,104.0
2441,2442,295,Rückenbreite,44.0
2442,2443,295,Hemdenlänge:,
2443,2444,295,bei Armlänge normal,80.0
2444,2445,295,bei Armlänge extra lang,83.0
2445,2446,296,Kragenweite,43.5
2446,2447,296,Oberweite,124.0
2447,2448,296,Taillenweite,112.0
2448,2449,296,Rückenbreite,46.0
2449,2450,296,Hemdenlänge:,
2450,2451,296,bei Armlänge normal,83.0
2451,2452,296,bei Armlänge extra lang,87.0
2452,2453,297,Kragenweite,45.5
2453,2454,297,Oberweite,
2454,2455,297,Taillenweite,
2455,2456,297,Rückenbreite,
2456,2457,297,Hemdenlänge:,
2457,2458,297,bei Armlänge normal,
2458,2459,297,bei Armlänge extra lang,
2459,2460,298,Kragenweite,47.5
2460,2461,298,Oberweite,
2461,2462,298,Taillenweite,
2462,2463,298,Rückenbreite,
2463,2464,298,Hemdenlänge:,
2464,2465,298,bei Armlänge normal,
2465,2466,298,bei Armlänge extra lang,
2466,2467,299,Kragenweite,49.5
2467,2468,299,Oberweite,
2468,2469,299,Taillenweite,
2469,2470,299,Rückenbreite,
2470,2471,299,Hemdenlänge:,
2471,2472,299,bei Armlänge normal,
2472,2473,299,bei Armlänge extra lang,
2473,2474,300,Kragenweite,52.0
2474,2475,300,Oberweite,
2475,2476,300,Taillenweite,
2476,2477,300,Rückenbreite,
2477,2478,300,Hemdenlänge:,
2478,2479,300,bei Armlänge normal,
2479,2480,300,bei Armlänge extra lang,
2480,2481,301,Kragenweite,54.0
2481,2482,301,Oberweite,
2482,2483,301,Taillenweite,
2483,2484,301,Rückenbreite,
2484,2485,301,Hemdenlänge:,
2485,2486,301,bei Armlänge normal,
2486,2487,301,bei Armlänge extra lang,
2487,2488,302,Kragenweite,39.5
2488,2489,302,Oberweite,122.0
2489,2490,302,Taillenweite,118.0
2490,2491,302,Hüftweite,116.0
2491,2492,302,Rückenbreite,495.0
2492,2493,302,Hemdenlänge:,
2493,2494,302,bei Armlänge extra kurz,80.0
2494,2495,302,bei Armlänge normal,80.0
2495,2496,302,bei Armlänge extra lang,84.0
2496,2497,303,Kragenweite,41.5
2497,2498,303,Oberweite,128.0
2498,2499,303,Taillenweite,124.0
2499,2500,303,Hüftweite,122.0
2500,2501,303,Rückenbreite,51.0
2501,2502,303,Hemdenlänge:,
2502,2503,303,bei Armlänge extra kurz,82.0
2503,2504,303,bei Armlänge normal,82.0
2504,2505,303,bei Armlänge extra lang,86.0
2505,2506,304,Kragenweite,43.5
2506,2507,304,Oberweite,134.0
2507,2508,304,Taillenweite,132.0
2508,2509,304,Hüftweite,128.0
2509,2510,304,Rückenbreite,525.0
2510,2511,304,Hemdenlänge:,
2511,2512,304,bei Armlänge extra kurz,82.0
2512,2513,304,bei Armlänge normal,82.0
2513,2514,304,bei Armlänge extra lang,86.0
2514,2515,305,Kragenweite,45.5
2515,2516,305,Oberweite,140.0
2516,2517,305,Taillenweite,140.0
2517,2518,305,Hüftweite,136.0
2518,2519,305,Rückenbreite,54.0
2519,2520,305,Hemdenlänge:,
2520,2521,305,bei Armlänge extra kurz,84.0
2521,2522,305,bei Armlänge normal,84.0
2522,2523,305,bei Armlänge extra lang,88.0
2523,2524,306,Kragenweite,47.5
2524,2525,306,Oberweite,148.0
2525,2526,306,Taillenweite,148.0
2526,2527,306,Hüftweite,144.0
2527,2528,306,Rückenbreite,555.0
2528,2529,306,Hemdenlänge:,
2529,2530,306,bei Armlänge extra kurz,84.0
2530,2531,306,bei Armlänge normal,84.0
2531,2532,306,bei Armlänge extra lang,88.0
2532,2533,307,Kragenweite,49.5
2533,2534,307,Oberweite,156.0
2534,2535,307,Taillenweite,156.0
2535,2536,307,Hüftweite,152.0
2536,2537,307,Rückenbreite,575.0
2537,2538,307,Hemdenlänge:,
2538,2539,307,bei Armlänge extra kurz,86.0
2539,2540,307,bei Armlänge normal,86.0
2540,2541,307,bei Armlänge extra lang,
2541,2542,308,Kragenweite,52.0
2542,2543,308,Oberweite,164.0
2543,2544,308,Taillenweite,164.0
2544,2545,308,Hüftweite,160.0
2545,2546,308,Rückenbreite,595.0
2546,2547,308,Hemdenlänge:,
2547,2548,308,bei Armlänge extra kurz,
2548,2549,308,bei Armlänge normal,86.0
2549,2550,308,bei Armlänge extra lang,
2550,2551,309,Kragenweite,54.0
2551,2552,309,Oberweite,172.0
2552,2553,309,Taillenweite,172.0
2553,2554,309,Hüftweite,168.0
2554,2555,309,Rückenbreite,615.0
2555,2556,309,Hemdenlänge:,
2556,2557,309,bei Armlänge extra kurz,
2557,2558,309,bei Armlänge normal,88.0
2558,2559,309,bei Armlänge extra lang,
2559,2560,310,Kragenweite,
2560,2561,310,Oberweite,
2561,2562,310,Taillenweite,
2562,2563,310,Hüftweite,
2563,2564,310,Rückenbreite,
2564,2565,310,Hemdenlänge:,
2565,2566,310,bei Armlänge extra kurz,
2566,2567,310,bei Armlänge normal,
2567,2568,310,bei Armlänge extra lang,
2568,2569,311,Kragenweite,
2569,2570,311,Oberweite,
2570,2571,311,Taillenweite,
2571,2572,311,Hüftweite,
2572,2573,311,Rückenbreite,
2573,2574,311,Hemdenlänge:,
2574,2575,311,bei Armlänge extra kurz,
2575,2576,311,bei Armlänge normal,
2576,2577,311,bei Armlänge extra lang,
2577,2578,312,Kragenweite,36.0
2578,2579,312,Oberweite,98.0
2579,2580,312,Taillenweite,86.0
2580,2581,312,Rückenbreite,38.0
2581,2582,312,Hemdenlänge:,
2582,2583,312,bei Armlänge extra kurz,76.0
2583,2584,312,bei Armlänge normal,76.0
2584,2585,312,bei Armlänge extra lang,79.0
2585,2586,313,Kragenweite,37.5
2586,2587,313,Oberweite,104.0
2587,2588,313,Taillenweite,92.0
2588,2589,313,Rückenbreite,40.0
2589,2590,313,Hemdenlänge:,
2590,2591,313,bei Armlänge extra kurz,78.0
2591,2592,313,bei Armlänge normal,78.0
2592,2593,313,bei Armlänge extra lang,81.0
2593,2594,314,Kragenweite,39.5
2594,2595,314,Oberweite,110.0
2595,2596,314,Taillenweite,98.0
2596,2597,314,Rückenbreite,42.0
2597,2598,314,Hemdenlänge:,
2598,2599,314,bei Armlänge extra kurz,80.0
2599,2600,314,bei Armlänge normal,80.0
2600,2601,314,bei Armlänge extra lang,83.0
2601,2602,315,Kragenweite,41.5
2602,2603,315,Oberweite,116.0
2603,2604,315,Taillenweite,104.0
2604,2605,315,Rückenbreite,44.0
2605,2606,315,Hemdenlänge:,
2606,2607,315,bei Armlänge extra kurz,80.0
2607,2608,315,bei Armlänge normal,80.0
2608,2609,315,bei Armlänge extra lang,83.0
2609,2610,316,Kragenweite,43.5
2610,2611,316,Oberweite,124.0
2611,2612,316,Taillenweite,112.0
2612,2613,316,Rückenbreite,46.0
2613,2614,316,Hemdenlänge:,
2614,2615,316,bei Armlänge extra kurz,83.0
2615,2616,316,bei Armlänge normal,83.0
2616,2617,316,bei Armlänge extra lang,87.0
2617,2618,317,Kragenweite,45.5
2618,2619,317,Oberweite,132.0
2619,2620,317,Taillenweite,120.0
2620,2621,317,Rückenbreite,48.0
2621,2622,317,Hemdenlänge:,
2622,2623,317,bei Armlänge extra kurz,85.0
2623,2624,317,bei Armlänge normal,85.0
2624,2625,317,bei Armlänge extra lang,89.0
2625,2626,318,Kragenweite,47.5
2626,2627,318,Oberweite,
2627,2628,318,Taillenweite,
2628,2629,318,Rückenbreite,
2629,2630,318,Hemdenlänge:,
2630,2631,318,bei Armlänge extra kurz,
2631,2632,318,bei Armlänge normal,
2632,2633,318,bei Armlänge extra lang,
2633,2634,319,Kragenweite,49.5
2634,2635,319,Oberweite,
2635,2636,319,Taillenweite,
2636,2637,319,Rückenbreite,
2637,2638,319,Hemdenlänge:,
2638,2639,319,bei Armlänge extra kurz,
2639,2640,319,bei Armlänge normal,
2640,2641,319,bei Armlänge extra lang,
2641,2642,320,Kragenweite,52.0
2642,2643,320,Oberweite,
2643,2644,320,Taillenweite,
2644,2645,320,Rückenbreite,
2645,2646,320,Hemdenlänge:,
2646,2647,320,bei Armlänge extra kurz,
2647,2648,320,bei Armlänge normal,
2648,2649,320,bei Armlänge extra lang,
2649,2650,321,Kragenweite,54.0
2650,2651,321,Oberweite,
2651,2652,321,Taillenweite,
2652,2653,321,Rückenbreite,
2653,2654,321,Hemdenlänge:,
2654,2655,321,bei Armlänge extra kurz,
2655,2656,321,bei Armlänge normal,
2656,2657,321,bei Armlänge extra lang,
2657,2658,322,Kragenweite,36.0
2658,2659,322,Oberweite,98.0
2659,2660,322,Taillenweite,86.0
2660,2661,322,Rückenbreite,38.0
2661,2662,322,Hemdenlänge:,
2662,2663,322,bei Armlänge extra kurz,76.0
2663,2664,322,bei Armlänge normal,76.0
2664,2665,322,bei Armlänge extra lang,79.0
2665,2666,323,Kragenweite,37.5
2666,2667,323,Oberweite,104.0
2667,2668,323,Taillenweite,92.0
2668,2669,323,Rückenbreite,40.0
2669,2670,323,Hemdenlänge:,
2670,2671,323,bei Armlänge extra kurz,78.0
2671,2672,323,bei Armlänge normal,78.0
2672,2673,323,bei Armlänge extra lang,81.0
2673,2674,324,Kragenweite,39.5
2674,2675,324,Oberweite,110.0
2675,2676,324,Taillenweite,98.0
2676,2677,324,Rückenbreite,42.0
2677,2678,324,Hemdenlänge:,
2678,2679,324,bei Armlänge extra kurz,80.0
2679,2680,324,bei Armlänge normal,80.0
2680,2681,324,bei Armlänge extra lang,83.0
2681,2682,325,Kragenweite,41.5
2682,2683,325,Oberweite,116.0
2683,2684,325,Taillenweite,104.0
2684,2685,325,Rückenbreite,44.0
2685,2686,325,Hemdenlänge:,
2686,2687,325,bei Armlänge extra kurz,80.0
2687,2688,325,bei Armlänge normal,80.0
2688,2689,325,bei Armlänge extra lang,83.0
2689,2690,326,Kragenweite,43.5
2690,2691,326,Oberweite,124.0
2691,2692,326,Taillenweite,112.0
2692,2693,326,Rückenbreite,46.0
2693,2694,326,Hemdenlänge:,
2694,2695,326,bei Armlänge extra kurz,83.0
2695,2696,326,bei Armlänge normal,83.0
2696,2697,326,bei Armlänge extra lang,87.0
2697,2698,327,Kragenweite,45.5
2698,2699,327,Oberweite,132.0
2699,2700,327,Taillenweite,120.0
2700,2701,327,Rückenbreite,48.0
2701,2702,327,Hemdenlänge:,
2702,2703,327,bei Armlänge extra kurz,85.0
2703,2704,327,bei Armlänge normal,85.0
2704,2705,327,bei Armlänge extra lang,89.0
2705,2706,328,Kragenweite,47.5
2706,2707,328,Oberweite,
2707,2708,328,Taillenweite,
2708,2709,328,Rückenbreite,
2709,2710,328,Hemdenlänge:,
2710,2711,328,bei Armlänge extra kurz,
2711,2712,328,bei Armlänge normal,
2712,2713,328,bei Armlänge extra lang,
2713,2714,329,Kragenweite,49.5
2714,2715,329,Oberweite,
2715,2716,329,Taillenweite,
2716,2717,329,Rückenbreite,
2717,2718,329,Hemdenlänge:,
2718,2719,329,bei Armlänge extra kurz,
2719,2720,329,bei Armlänge normal,
2720,2721,329,bei Armlänge extra lang,
2721,2722,330,Kragenweite,52.0
2722,2723,330,Oberweite,
2723,2724,330,Taillenweite,
2724,2725,330,Rückenbreite,
2725,2726,330,Hemdenlänge:,
2726,2727,330,bei Armlänge extra kurz,
2727,2728,330,bei Armlänge normal,
2728,2729,330,bei Armlänge extra lang,
2729,2730,331,Kragenweite,54.0
2730,2731,331,Oberweite,
2731,2732,331,Taillenweite,
2732,2733,331,Rückenbreite,
2733,2734,331,Hemdenlänge:,
2734,2735,331,bei Armlänge extra kurz,
2735,2736,331,bei Armlänge normal,
2736,2737,331,bei Armlänge extra lang,
2737,2738,332,Kragenweite,36.0
2738,2739,332,Oberweite,98.0
2739,2740,332,Taillenweite,88.0
2740,2741,332,Schulterbreite,147.0
2741,2742,332,Hemdenlänge:,
2742,2743,332,bei Armlänge normal,77.0
2743,2744,332,bei Armlänge extra lang,85.0
2744,2745,333,Kragenweite,37.5
2745,2746,333,Oberweite,104.0
2746,2747,333,Taillenweite,94.0
2747,2748,333,Schulterbreite,152.0
2748,2749,333,Hemdenlänge:,
2749,2750,333,bei Armlänge normal,78.0
2750,2751,333,bei Armlänge extra lang,86.0
2751,2752,334,Kragenweite,39.5
2752,2753,334,Oberweite,112.0
2753,2754,334,Taillenweite,102.0
2754,2755,334,Schulterbreite,157.0
2755,2756,334,Hemdenlänge:,
2756,2757,334,bei Armlänge normal,80.0
2757,2758,334,bei Armlänge extra lang,88.0
2758,2759,335,Kragenweite,41.5
2759,2760,335,Oberweite,120.0
2760,2761,335,Taillenweite,110.0
2761,2762,335,Schulterbreite,162.0
2762,2763,335,Hemdenlänge:,
2763,2764,335,bei Armlänge normal,82.0
2764,2765,335,bei Armlänge extra lang,90.0
2765,2766,336,Kragenweite,43.5
2766,2767,336,Oberweite,130.0
2767,2768,336,Taillenweite,120.0
2768,2769,336,Schulterbreite,172.0
2769,2770,336,Hemdenlänge:,
2770,2771,336,bei Armlänge normal,84.0
2771,2772,336,bei Armlänge extra lang,91.0
2772,2773,337,Kragenweite,45.5
2773,2774,337,Oberweite,138.0
2774,2775,337,Taillenweite,130.0
2775,2776,337,Schulterbreite,182.0
2776,2777,337,Hemdenlänge:,
2777,2778,337,bei Armlänge normal,86.0
2778,2779,337,bei Armlänge extra lang,93.0
2779,2780,338,Kragenweite,47.5
2780,2781,338,Oberweite,146.0
2781,2782,338,Taillenweite,140.0
2782,2783,338,Schulterbreite,189.0
2783,2784,338,Hemdenlänge:,
2784,2785,338,bei Armlänge normal,90.0
2785,2786,338,bei Armlänge extra lang,95.0
2786,2787,339,Kragenweite,49.5
2787,2788,339,Oberweite,
2788,2789,339,Taillenweite,
2789,2790,339,Schulterbreite,
2790,2791,339,Hemdenlänge:,
2791,2792,339,bei Armlänge normal,
2792,2793,339,bei Armlänge extra lang,
2793,2794,340,Kragenweite,52.0
2794,2795,340,Oberweite,
2795,2796,340,Taillenweite,
2796,2797,340,Schulterbreite,
2797,2798,340,Hemdenlänge:,
2798,2799,340,bei Armlänge normal,
2799,2800,340,bei Armlänge extra lang,
2800,2801,341,Kragenweite,54.0
2801,2802,341,Oberweite,
2802,2803,341,Taillenweite,
2803,2804,341,Schulterbreite,
2804,2805,341,Hemdenlänge:,
2805,2806,341,bei Armlänge normal,
2806,2807,341,bei Armlänge extra lang,
2807,2808,342,Kragenweite,36.0
2808,2809,342,Oberweite,98.0
2809,2810,342,Taillenweite,86.0
2810,2811,342,Rückenbreite,38.0
2811,2812,342,Hemdenlänge:,
2812,2813,342,bei Armlänge extra kurz,76.0
2813,2814,342,bei Armlänge normal,76.0
2814,2815,342,bei Armlänge extra lang,79.0
2815,2816,343,Kragenweite,37.5
2816,2817,343,Oberweite,104.0
2817,2818,343,Taillenweite,92.0
2818,2819,343,Rückenbreite,40.0
2819,2820,343,Hemdenlänge:,
2820,2821,343,bei Armlänge extra kurz,78.0
2821,2822,343,bei Armlänge normal,78.0
2822,2823,343,bei Armlänge extra lang,81.0
2823,2824,344,Kragenweite,39.5
2824,2825,344,Oberweite,110.0
2825,2826,344,Taillenweite,98.0
2826,2827,344,Rückenbreite,42.0
2827,2828,344,Hemdenlänge:,
2828,2829,344,bei Armlänge extra kurz,80.0
2829,2830,344,bei Armlänge normal,80.0
2830,2831,344,bei Armlänge extra lang,83.0
2831,2832,345,Kragenweite,41.5
2832,2833,345,Oberweite,116.0
2833,2834,345,Taillenweite,104.0
2834,2835,345,Rückenbreite,44.0
2835,2836,345,Hemdenlänge:,
2836,2837,345,bei Armlänge extra kurz,80.0
2837,2838,345,bei Armlänge normal,80.0
2838,2839,345,bei Armlänge extra lang,83.0
2839,2840,346,Kragenweite,43.5
2840,2841,346,Oberweite,124.0
2841,2842,346,Taillenweite,112.0
2842,2843,346,Rückenbreite,46.0
2843,2844,346,Hemdenlänge:,
2844,2845,346,bei Armlänge extra kurz,83.0
2845,2846,346,bei Armlänge normal,83.0
2846,2847,346,bei Armlänge extra lang,87.0
2847,2848,347,Kragenweite,45.5
2848,2849,347,Oberweite,132.0
2849,2850,347,Taillenweite,120.0
2850,2851,347,Rückenbreite,48.0
2851,2852,347,Hemdenlänge:,
2852,2853,347,bei Armlänge extra kurz,85.0
2853,2854,347,bei Armlänge normal,85.0
2854,2855,347,bei Armlänge extra lang,89.0
2855,2856,348,Kragenweite,47.5
2856,2857,348,Oberweite,
2857,2858,348,Taillenweite,
2858,2859,348,Rückenbreite,
2859,2860,348,Hemdenlänge:,
2860,2861,348,bei Armlänge extra kurz,
2861,2862,348,bei Armlänge normal,
2862,2863,348,bei Armlänge extra lang,
2863,2864,349,Kragenweite,49.5
2864,2865,349,Oberweite,
2865,2866,349,Taillenweite,
2866,2867,349,Rückenbreite,
2867,2868,349,Hemdenlänge:,
2868,2869,349,bei Armlänge extra kurz,
2869,2870,349,bei Armlänge normal,
2870,2871,349,bei Armlänge extra lang,
2871,2872,350,Kragenweite,52.0
2872,2873,350,Oberweite,
2873,2874,350,Taillenweite,
2874,2875,350,Rückenbreite,
2875,2876,350,Hemdenlänge:,
2876,2877,350,bei Armlänge extra kurz,
2877,2878,350,bei Armlänge normal,
2878,2879,350,bei Armlänge extra lang,
2879,2880,351,Kragenweite,54.0
2880,2881,351,Oberweite,
2881,2882,351,Taillenweite,
2882,2883,351,Rückenbreite,
2883,2884,351,Hemdenlänge:,
2884,2885,351,bei Armlänge extra kurz,
2885,2886,351,bei Armlänge normal,
2886,2887,351,bei Armlänge extra lang,
2887,2888,352,Kragenweite,36.0
2888,2889,352,Oberweite,
2889,2890,352,Taillenweite,
2890,2891,352,Rückenbreite,
2891,2892,352,Hemdenlänge:,
2892,2893,352,bei Armlänge normal,
2893,2894,352,bei Armlänge extra lang,
2894,2895,353,Kragenweite,37.5
2895,2896,353,Oberweite,114.0
2896,2897,353,Taillenweite,102.0
2897,2898,353,Rückenbreite,47.0
2898,2899,353,Hemdenlänge:,
2899,2900,353,bei Armlänge normal,82.0
2900,2901,353,bei Armlänge extra lang,85.0
2901,2902,354,Kragenweite,39.5
2902,2903,354,Oberweite,120.0
2903,2904,354,Taillenweite,106.0
2904,2905,354,Rückenbreite,485.0
2905,2906,354,Hemdenlänge:,
2906,2907,354,bei Armlänge normal,82.0
2907,2908,354,bei Armlänge extra lang,85.0
2908,2909,355,Kragenweite,41.5
2909,2910,355,Oberweite,126.0
2910,2911,355,Taillenweite,112.0
2911,2912,355,Rückenbreite,50.0
2912,2913,355,Hemdenlänge:,
2913,2914,355,bei Armlänge normal,82.0
2914,2915,355,bei Armlänge extra lang,85.0
2915,2916,356,Kragenweite,43.5
2916,2917,356,Oberweite,132.0
2917,2918,356,Taillenweite,122.0
2918,2919,356,Rückenbreite,515.0
2919,2920,356,Hemdenlänge:,
2920,2921,356,bei Armlänge normal,85.0
2921,2922,356,bei Armlänge extra lang,90.0
2922,2923,357,Kragenweite,45.5
2923,2924,357,Oberweite,138.0
2924,2925,357,Taillenweite,130.0
2925,2926,357,Rückenbreite,53.0
2926,2927,357,Hemdenlänge:,
2927,2928,357,bei Armlänge normal,85.0
2928,2929,357,bei Armlänge extra lang,90.0
2929,2930,358,Kragenweite,47.5
2930,2931,358,Oberweite,
2931,2932,358,Taillenweite,
2932,2933,358,Rückenbreite,
2933,2934,358,Hemdenlänge:,
2934,2935,358,bei Armlänge normal,
2935,2936,358,bei Armlänge extra lang,
2936,2937,359,Kragenweite,49.5
2937,2938,359,Oberweite,
2938,2939,359,Taillenweite,
2939,2940,359,Rückenbreite,
2940,2941,359,Hemdenlänge:,
2941,2942,359,bei Armlänge normal,
2942,2943,359,bei Armlänge extra lang,
2943,2944,360,Kragenweite,52.0
2944,2945,360,Oberweite,
2945,2946,360,Taillenweite,
2946,2947,360,Rückenbreite,
2947,2948,360,Hemdenlänge:,
2948,2949,360,bei Armlänge normal,
2949,2950,360,bei Armlänge extra lang,
2950,2951,361,Kragenweite,54.0
2951,2952,361,Oberweite,
2952,2953,361,Taillenweite,
2953,2954,361,Rückenbreite,
2954,2955,361,Hemdenlänge:,
2955,2956,361,bei Armlänge normal,
2956,2957,361,bei Armlänge extra lang,
2957,2958,362,Kragenweite,36.0
2958,2959,362,Oberweite,98.0
2959,2960,362,Taillenweite,86.0
2960,2961,362,Rückenbreite,38.0
2961,2962,362,Hemdenlänge:,
2962,2963,362,bei Armlänge normal,76.0
2963,2964,362,bei Armlänge extra lang,
2964,2965,363,Kragenweite,37.5
2965,2966,363,Oberweite,104.0
2966,2967,363,Taillenweite,92.0
2967,2968,363,Rückenbreite,40.0
2968,2969,363,Hemdenlänge:,
2969,2970,363,bei Armlänge normal,78.0
2970,2971,363,bei Armlänge extra lang,81.0
2971,2972,364,Kragenweite,39.5
2972,2973,364,Oberweite,110.0
2973,2974,364,Taillenweite,98.0
2974,2975,364,Rückenbreite,42.0
2975,2976,364,Hemdenlänge:,
2976,2977,364,bei Armlänge normal,80.0
2977,2978,364,bei Armlänge extra lang,83.0
2978,2979,365,Kragenweite,41.5
2979,2980,365,Oberweite,116.0
2980,2981,365,Taillenweite,104.0
2981,2982,365,Rückenbreite,44.0
2982,2983,365,Hemdenlänge:,
2983,2984,365,bei Armlänge normal,80.0
2984,2985,365,bei Armlänge extra lang,83.0
2985,2986,366,Kragenweite,43.5
2986,2987,366,Oberweite,124.0
2987,2988,366,Taillenweite,112.0
2988,2989,366,Rückenbreite,46.0
2989,2990,366,Hemdenlänge:,
2990,2991,366,bei Armlänge normal,83.0
2991,2992,366,bei Armlänge extra lang,87.0
2992,2993,367,Kragenweite,45.5
2993,2994,367,Oberweite,
2994,2995,367,Taillenweite,
2995,2996,367,Rückenbreite,
2996,2997,367,Hemdenlänge:,
2997,2998,367,bei Armlänge normal,
2998,2999,367,bei Armlänge extra lang,
2999,3000,368,Kragenweite,47.5
3000,3001,368,Oberweite,
3001,3002,368,Taillenweite,
3002,3003,368,Rückenbreite,
3003,3004,368,Hemdenlänge:,
3004,3005,368,bei Armlänge normal,
3005,3006,368,bei Armlänge extra lang,
3006,3007,369,Kragenweite,49.5
3007,3008,369,Oberweite,
3008,3009,369,Taillenweite,
3009,3010,369,Rückenbreite,
3010,3011,369,Hemdenlänge:,
3011,3012,369,bei Armlänge normal,
3012,3013,369,bei Armlänge extra lang,
3013,3014,370,Kragenweite,52.0
3014,3015,370,Oberweite,
3015,3016,370,Taillenweite,
3016,3017,370,Rückenbreite,
3017,3018,370,Hemdenlänge:,
3018,3019,370,bei Armlänge normal,
3019,3020,370,bei Armlänge extra lang,
3020,3021,371,Kragenweite,54.0
3021,3022,371,Oberweite,
3022,3023,371,Taillenweite,
3023,3024,371,Rückenbreite,
3024,3025,371,Hemdenlänge:,
3025,3026,371,bei Armlänge normal,
3026,3027,371,bei Armlänge extra lang,
3027,3028,372,Kragenweite,39.5
3028,3029,372,Oberweite,122.0
3029,3030,372,Taillenweite,118.0
3030,3031,372,Hüftweite,116.0
3031,3032,372,Rückenbreite,495.0
3032,3033,372,Hemdenlänge:,
3033,3034,372,bei Armlänge extra kurz,80.0
3034,3035,372,bei Armlänge normal,80.0
3035,3036,372,bei Armlänge extra lang,84.0
3036,3037,373,Kragenweite,41.5
3037,3038,373,Oberweite,128.0
3038,3039,373,Taillenweite,124.0
3039,3040,373,Hüftweite,122.0
3040,3041,373,Rückenbreite,51.0
3041,3042,373,Hemdenlänge:,
3042,3043,373,bei Armlänge extra kurz,82.0
3043,3044,373,bei Armlänge normal,82.0
3044,3045,373,bei Armlänge extra lang,86.0
3045,3046,374,Kragenweite,43.5
3046,3047,374,Oberweite,134.0
3047,3048,374,Taillenweite,132.0
3048,3049,374,Hüftweite,128.0
3049,3050,374,Rückenbreite,525.0
3050,3051,374,Hemdenlänge:,
3051,3052,374,bei Armlänge extra kurz,82.0
3052,3053,374,bei Armlänge normal,82.0
3053,3054,374,bei Armlänge extra lang,86.0
3054,3055,375,Kragenweite,45.5
3055,3056,375,Oberweite,140.0
3056,3057,375,Taillenweite,140.0
3057,3058,375,Hüftweite,136.0
3058,3059,375,Rückenbreite,54.0
3059,3060,375,Hemdenlänge:,
3060,3061,375,bei Armlänge extra kurz,84.0
3061,3062,375,bei Armlänge normal,84.0
3062,3063,375,bei Armlänge extra lang,88.0
3063,3064,376,Kragenweite,47.5
3064,3065,376,Oberweite,148.0
3065,3066,376,Taillenweite,148.0
3066,3067,376,Hüftweite,144.0
3067,3068,376,Rückenbreite,555.0
3068,3069,376,Hemdenlänge:,
3069,3070,376,bei Armlänge extra kurz,84.0
3070,3071,376,bei Armlänge normal,84.0
3071,3072,376,bei Armlänge extra lang,88.0
3072,3073,377,Kragenweite,49.5
3073,3074,377,Oberweite,156.0
3074,3075,377,Taillenweite,156.0
3075,3076,377,Hüftweite,152.0
3076,3077,377,Rückenbreite,575.0
3077,3078,377,Hemdenlänge:,
3078,3079,377,bei Armlänge extra kurz,86.0
3079,3080,377,bei Armlänge normal,86.0
3080,3081,377,bei Armlänge extra lang,
3081,3082,378,Kragenweite,52.0
3082,3083,378,Oberweite,164.0
3083,3084,378,Taillenweite,164.0
3084,3085,378,Hüftweite,160.0
3085,3086,378,Rückenbreite,595.0
3086,3087,378,Hemdenlänge:,
3087,3088,378,bei Armlänge extra kurz,
3088,3089,378,bei Armlänge normal,86.0
3089,3090,378,bei Armlänge extra lang,
3090,3091,379,Kragenweite,54.0
3091,3092,379,Oberweite,172.0
3092,3093,379,Taillenweite,172.0
3093,3094,379,Hüftweite,168.0
3094,3095,379,Rückenbreite,615.0
3095,3096,379,Hemdenlänge:,
3096,3097,379,bei Armlänge extra kurz,
3097,3098,379,bei Armlänge normal,88.0
3098,3099,379,bei Armlänge extra lang,
3099,3100,380,Kragenweite,
3100,3101,380,Oberweite,
3101,3102,380,Taillenweite,
3102,3103,380,Hüftweite,
3103,3104,380,Rückenbreite,
3104,3105,380,Hemdenlänge:,
3105,3106,380,bei Armlänge extra kurz,
3106,3107,380,bei Armlänge normal,
3107,3108,380,bei Armlänge extra lang,
3108,3109,381,Kragenweite,
3109,3110,381,Oberweite,
3110,3111,381,Taillenweite,
3111,3112,381,Hüftweite,
3112,3113,381,Rückenbreite,
3113,3114,381,Hemdenlänge:,
3114,3115,381,bei Armlänge extra kurz,
3115,3116,381,bei Armlänge normal,
3116,3117,381,bei Armlänge extra lang,
3117,3118,382,Kragenweite,36.0
3118,3119,382,Oberweite,98.0
3119,3120,382,Taillenweite,86.0
3120,3121,382,Rückenbreite,38.0
3121,3122,382,Hemdenlänge:,
3122,3123,382,bei Armlänge extra kurz,76.0
3123,3124,382,bei Armlänge normal,76.0
3124,3125,382,bei Armlänge extra lang,79.0
3125,3126,383,Kragenweite,37.5
3126,3127,383,Oberweite,104.0
3127,3128,383,Taillenweite,92.0
3128,3129,383,Rückenbreite,40.0
3129,3130,383,Hemdenlänge:,
3130,3131,383,bei Armlänge extra kurz,78.0
3131,3132,383,bei Armlänge normal,78.0
3132,3133,383,bei Armlänge extra lang,81.0
3133,3134,384,Kragenweite,39.5
3134,3135,384,Oberweite,110.0
3135,3136,384,Taillenweite,98.0
3136,3137,384,Rückenbreite,42.0
3137,3138,384,Hemdenlänge:,
3138,3139,384,bei Armlänge extra kurz,80.0
3139,3140,384,bei Armlänge normal,80.0
3140,3141,384,bei Armlänge extra lang,83.0
3141,3142,385,Kragenweite,41.5
3142,3143,385,Oberweite,116.0
3143,3144,385,Taillenweite,104.0
3144,3145,385,Rückenbreite,44.0
3145,3146,385,Hemdenlänge:,
3146,3147,385,bei Armlänge extra kurz,80.0
3147,3148,385,bei Armlänge normal,80.0
3148,3149,385,bei Armlänge extra lang,83.0
3149,3150,386,Kragenweite,43.5
3150,3151,386,Oberweite,124.0
3151,3152,386,Taillenweite,112.0
3152,3153,386,Rückenbreite,46.0
3153,3154,386,Hemdenlänge:,
3154,3155,386,bei Armlänge extra kurz,83.0
3155,3156,386,bei Armlänge normal,83.0
3156,3157,386,bei Armlänge extra lang,87.0
3157,3158,387,Kragenweite,45.5
3158,3159,387,Oberweite,132.0
3159,3160,387,Taillenweite,120.0
3160,3161,387,Rückenbreite,48.0
3161,3162,387,Hemdenlänge:,
3162,3163,387,bei Armlänge extra kurz,85.0
3163,3164,387,bei Armlänge normal,85.0
3164,3165,387,bei Armlänge extra lang,89.0
3165,3166,388,Kragenweite,47.5
3166,3167,388,Oberweite,
3167,3168,388,Taillenweite,
3168,3169,388,Rückenbreite,
3169,3170,388,Hemdenlänge:,
3170,3171,388,bei Armlänge extra kurz,
3171,3172,388,bei Armlänge normal,
3172,3173,388,bei Armlänge extra lang,
3173,3174,389,Kragenweite,49.5
3174,3175,389,Oberweite,
3175,3176,389,Taillenweite,
3176,3177,389,Rückenbreite,
3177,3178,389,Hemdenlänge:,
3178,3179,389,bei Armlänge extra kurz,
3179,3180,389,bei Armlänge normal,
3180,3181,389,bei Armlänge extra lang,
3181,3182,390,Kragenweite,52.0
3182,3183,390,Oberweite,
3183,3184,390,Taillenweite,
3184,3185,390,Rückenbreite,
3185,3186,390,Hemdenlänge:,
3186,3187,390,bei Armlänge extra kurz,
3187,3188,390,bei Armlänge normal,
3188,3189,390,bei Armlänge extra lang,
3189,3190,391,Kragenweite,54.0
3190,3191,391,Oberweite,
3191,3192,391,Taillenweite,
3192,3193,391,Rückenbreite,
3193,3194,391,Hemdenlänge:,
3194,3195,391,bei Armlänge extra kurz,
3195,3196,391,bei Armlänge normal,
3196,3197,391,bei Armlänge extra lang,
3197,3198,392,Kragenweite,36.0
3198,3199,392,Oberweite,98.0
3199,3200,392,Taillenweite,86.0
3200,3201,392,Rückenbreite,38.0
3201,3202,392,Hemdenlänge:,
3202,3203,392,bei Armlänge normal,76.0
3203,3204,392,bei Armlänge extra lang,
3204,3205,393,Kragenweite,37.5
3205,3206,393,Oberweite,104.0
3206,3207,393,Taillenweite,92.0
3207,3208,393,Rückenbreite,40.0
3208,3209,393,Hemdenlänge:,
3209,3210,393,bei Armlänge normal,78.0
3210,3211,393,bei Armlänge extra lang,81.0
3211,3212,394,Kragenweite,39.5
3212,3213,394,Oberweite,110.0
3213,3214,394,Taillenweite,98.0
3214,3215,394,Rückenbreite,42.0
3215,3216,394,Hemdenlänge:,
3216,3217,394,bei Armlänge normal,80.0
3217,3218,394,bei Armlänge extra lang,83.0
3218,3219,395,Kragenweite,41.5
3219,3220,395,Oberweite,116.0
3220,3221,395,Taillenweite,104.0
3221,3222,395,Rückenbreite,44.0
3222,3223,395,Hemdenlänge:,
3223,3224,395,bei Armlänge normal,80.0
3224,3225,395,bei Armlänge extra lang,83.0
3225,3226,396,Kragenweite,43.5
3226,3227,396,Oberweite,124.0
3227,3228,396,Taillenweite,112.0
3228,3229,396,Rückenbreite,46.0
3229,3230,396,Hemdenlänge:,
3230,3231,396,bei Armlänge normal,83.0
3231,3232,396,bei Armlänge extra lang,87.0
3232,3233,397,Kragenweite,45.5
3233,3234,397,Oberweite,
3234,3235,397,Taillenweite,
3235,3236,397,Rückenbreite,
3236,3237,397,Hemdenlänge:,
3237,3238,397,bei Armlänge normal,
3238,3239,397,bei Armlänge extra lang,
3239,3240,398,Kragenweite,47.5
3240,3241,398,Oberweite,
3241,3242,398,Taillenweite,
3242,3243,398,Rückenbreite,
3243,3244,398,Hemdenlänge:,
3244,3245,398,bei Armlänge normal,
3245,3246,398,bei Armlänge extra lang,
3246,3247,399,Kragenweite,49.5
3247,3248,399,Oberweite,
3248,3249,399,Taillenweite,
3249,3250,399,Rückenbreite,
3250,3251,399,Hemdenlänge:,
3251,3252,399,bei Armlänge normal,
3252,3253,399,bei Armlänge extra lang,
3253,3254,400,Kragenweite,52.0
3254,3255,400,Oberweite,
3255,3256,400,Taillenweite,
3256,3257,400,Rückenbreite,
3257,3258,400,Hemdenlänge:,
3258,3259,400,bei Armlänge normal,
3259,3260,400,bei Armlänge extra lang,
3260,3261,401,Kragenweite,54.0
3261,3262,401,Oberweite,
3262,3263,401,Taillenweite,
3263,3264,401,Rückenbreite,
3264,3265,401,Hemdenlänge:,
3265,3266,401,bei Armlänge normal,
3266,3267,401,bei Armlänge extra lang,
3267,3268,402,Kragenweite,36.0
3268,3269,402,Oberweite,98.0
3269,3270,402,Taillenweite,86.0
3270,3271,402,Rückenbreite,38.0
3271,3272,402,Hemdenlänge:,
3272,3273,402,bei Armlänge extra kurz,76.0
3273,3274,402,bei Armlänge normal,76.0
3274,3275,402,bei Armlänge extra lang,79.0
3275,3276,403,Kragenweite,37.5
3276,3277,403,Oberweite,104.0
3277,3278,403,Taillenweite,92.0
3278,3279,403,Rückenbreite,40.0
3279,3280,403,Hemdenlänge:,
3280,3281,403,bei Armlänge extra kurz,78.0
3281,3282,403,bei Armlänge normal,78.0
3282,3283,403,bei Armlänge extra lang,81.0
3283,3284,404,Kragenweite,39.5
3284,3285,404,Oberweite,110.0
3285,3286,404,Taillenweite,98.0
3286,3287,404,Rückenbreite,42.0
3287,3288,404,Hemdenlänge:,
3288,3289,404,bei Armlänge extra kurz,80.0
3289,3290,404,bei Armlänge normal,80.0
3290,3291,404,bei Armlänge extra lang,83.0
3291,3292,405,Kragenweite,41.5
3292,3293,405,Oberweite,116.0
3293,3294,405,Taillenweite,104.0
3294,3295,405,Rückenbreite,44.0
3295,3296,405,Hemdenlänge:,
3296,3297,405,bei Armlänge extra kurz,80.0
3297,3298,405,bei Armlänge normal,80.0
3298,3299,405,bei Armlänge extra lang,83.0
3299,3300,406,Kragenweite,43.5
3300,3301,406,Oberweite,124.0
3301,3302,406,Taillenweite,112.0
3302,3303,406,Rückenbreite,46.0
3303,3304,406,Hemdenlänge:,
3304,3305,406,bei Armlänge extra kurz,83.0
3305,3306,406,bei Armlänge normal,83.0
3306,3307,406,bei Armlänge extra lang,87.0
3307,3308,407,Kragenweite,45.5
3308,3309,407,Oberweite,132.0
3309,3310,407,Taillenweite,120.0
3310,3311,407,Rückenbreite,48.0
3311,3312,407,Hemdenlänge:,
3312,3313,407,bei Armlänge extra kurz,85.0
3313,3314,407,bei Armlänge normal,85.0
3314,3315,407,bei Armlänge extra lang,89.0
3315,3316,408,Kragenweite,47.5
3316,3317,408,Oberweite,
3317,3318,408,Taillenweite,
3318,3319,408,Rückenbreite,
3319,3320,408,Hemdenlänge:,
3320,3321,408,bei Armlänge extra kurz,
3321,3322,408,bei Armlänge normal,
3322,3323,408,bei Armlänge extra lang,
3323,3324,409,Kragenweite,49.5
3324,3325,409,Oberweite,
3325,3326,409,Taillenweite,
3326,3327,409,Rückenbreite,
3327,3328,409,Hemdenlänge:,
3328,3329,409,bei Armlänge extra kurz,
3329,3330,409,bei Armlänge normal,
3330,3331,409,bei Armlänge extra lang,
3331,3332,410,Kragenweite,52.0
3332,3333,410,Oberweite,
3333,3334,410,Taillenweite,
3334,3335,410,Rückenbreite,
3335,3336,410,Hemdenlänge:,
3336,3337,410,bei Armlänge extra kurz,
3337,3338,410,bei Armlänge normal,
3338,3339,410,bei Armlänge extra lang,
3339,3340,411,Kragenweite,54.0
3340,3341,411,Oberweite,
3341,3342,411,Taillenweite,
3342,3343,411,Rückenbreite,
3343,3344,411,Hemdenlänge:,
3344,3345,411,bei Armlänge extra kurz,
3345,3346,411,bei Armlänge normal,
3346,3347,411,bei Armlänge extra lang,
3347,3348,412,Kragenweite,36.0
3348,3349,412,Oberweite,
3349,3350,412,Taillenweite,
3350,3351,412,Schulterbreite,
3351,3352,412,Hemdenlänge:,
3352,3353,412,bei Armlänge extra kurz,
3353,3354,412,bei Armlänge normal,
3354,3355,412,bei Armlänge extra lang,
3355,3356,413,Kragenweite,37.5
3356,3357,413,Oberweite,110.0
3357,3358,413,Taillenweite,102.0
3358,3359,413,Schulterbreite,162.0
3359,3360,413,Hemdenlänge:,
3360,3361,413,bei Armlänge extra kurz,80.0
3361,3362,413,bei Armlänge normal,80.0
3362,3363,413,bei Armlänge extra lang,90.0
3363,3364,414,Kragenweite,39.5
3364,3365,414,Oberweite,116.0
3365,3366,414,Taillenweite,106.0
3366,3367,414,Schulterbreite,17.0
3367,3368,414,Hemdenlänge:,
3368,3369,414,bei Armlänge extra kurz,80.0
3369,3370,414,bei Armlänge normal,80.0
3370,3371,414,bei Armlänge extra lang,90.0
3371,3372,415,Kragenweite,41.5
3372,3373,415,Oberweite,122.0
3373,3374,415,Taillenweite,114.0
3374,3375,415,Schulterbreite,178.0
3375,3376,415,Hemdenlänge:,
3376,3377,415,bei Armlänge extra kurz,80.0
3377,3378,415,bei Armlänge normal,80.0
3378,3379,415,bei Armlänge extra lang,90.0
3379,3380,416,Kragenweite,43.5
3380,3381,416,Oberweite,132.0
3381,3382,416,Taillenweite,122.0
3382,3383,416,Schulterbreite,186.0
3383,3384,416,Hemdenlänge:,
3384,3385,416,bei Armlänge extra kurz,80.0
3385,3386,416,bei Armlänge normal,82.0
3386,3387,416,bei Armlänge extra lang,90.0
3387,3388,417,Kragenweite,45.5
3388,3389,417,Oberweite,138.0
3389,3390,417,Taillenweite,130.0
3390,3391,417,Schulterbreite,194.0
3391,3392,417,Hemdenlänge:,
3392,3393,417,bei Armlänge extra kurz,80.0
3393,3394,417,bei Armlänge normal,85.0
3394,3395,417,bei Armlänge extra lang,90.0
3395,3396,418,Kragenweite,47.5
3396,3397,418,Oberweite,146.0
3397,3398,418,Taillenweite,138.0
3398,3399,418,Schulterbreite,202.0
3399,3400,418,Hemdenlänge:,
3400,3401,418,bei Armlänge extra kurz,80.0
3401,3402,418,bei Armlänge normal,90.0
3402,3403,418,bei Armlänge extra lang,90.0
3403,3404,419,Kragenweite,49.5
3404,3405,419,Oberweite,
3405,3406,419,Taillenweite,
3406,3407,419,Schulterbreite,
3407,3408,419,Hemdenlänge:,
3408,3409,419,bei Armlänge extra kurz,
3409,3410,419,bei Armlänge normal,
3410,3411,419,bei Armlänge extra lang,
3411,3412,420,Kragenweite,52.0
3412,3413,420,Oberweite,
3413,3414,420,Taillenweite,
3414,3415,420,Schulterbreite,
3415,3416,420,Hemdenlänge:,
3416,3417,420,bei Armlänge extra kurz,
3417,3418,420,bei Armlänge normal,
3418,3419,420,bei Armlänge extra lang,
3419,3420,421,Kragenweite,54.0
3420,3421,421,Oberweite,
3421,3422,421,Taillenweite,
3422,3423,421,Schulterbreite,
3423,3424,421,Hemdenlänge:,
3424,3425,421,bei Armlänge extra kurz,
3425,3426,421,bei Armlänge normal,
3426,3427,421,bei Armlänge extra lang,
3427,3428,422,Kragenweite,36.0
3428,3429,422,Oberweite,108.0
3429,3430,422,Taillenweite,98.0
3430,3431,422,Hüftweite,
3431,3432,422,Rückenbreite,455.0
3432,3433,422,Hemdenlänge:,
3433,3434,422,bei Armlänge extra kurz,82.0
3434,3435,422,bei Armlänge normal,82.0
3435,3436,422,bei Armlänge extra lang,85.0
3436,3437,423,Kragenweite,37.5
3437,3438,423,Oberweite,114.0
3438,3439,423,Taillenweite,102.0
3439,3440,423,Hüftweite,106.0
3440,3441,423,Rückenbreite,47.0
3441,3442,423,Hemdenlänge:,
3442,3443,423,bei Armlänge extra kurz,82.0
3443,3444,423,bei Armlänge normal,82.0
3444,3445,423,bei Armlänge extra lang,85.0
3445,3446,424,Kragenweite,39.5
3446,3447,424,Oberweite,120.0
3447,3448,424,Taillenweite,106.0
3448,3449,424,Hüftweite,112.0
3449,3450,424,Rückenbreite,485.0
3450,3451,424,Hemdenlänge:,
3451,3452,424,bei Armlänge extra kurz,82.0
3452,3453,424,bei Armlänge normal,82.0
3453,3454,424,bei Armlänge extra lang,85.0
3454,3455,425,Kragenweite,41.5
3455,3456,425,Oberweite,126.0
3456,3457,425,Taillenweite,112.0
3457,3458,425,Hüftweite,118.0
3458,3459,425,Rückenbreite,50.0
3459,3460,425,Hemdenlänge:,
3460,3461,425,bei Armlänge extra kurz,82.0
3461,3462,425,bei Armlänge normal,82.0
3462,3463,425,bei Armlänge extra lang,85.0
3463,3464,426,Kragenweite,43.5
3464,3465,426,Oberweite,132.0
3465,3466,426,Taillenweite,122.0
3466,3467,426,Hüftweite,124.0
3467,3468,426,Rückenbreite,515.0
3468,3469,426,Hemdenlänge:,
3469,3470,426,bei Armlänge extra kurz,82.0
3470,3471,426,bei Armlänge normal,85.0
3471,3472,426,bei Armlänge extra lang,90.0
3472,3473,427,Kragenweite,45.5
3473,3474,427,Oberweite,138.0
3474,3475,427,Taillenweite,130.0
3475,3476,427,Hüftweite,130.0
3476,3477,427,Rückenbreite,53.0
3477,3478,427,Hemdenlänge:,
3478,3479,427,bei Armlänge extra kurz,84.0
3479,3480,427,bei Armlänge normal,85.0
3480,3481,427,bei Armlänge extra lang,90.0
3481,3482,428,Kragenweite,47.5
3482,3483,428,Oberweite,144.0
3483,3484,428,Taillenweite,138.0
3484,3485,428,Hüftweite,136.0
3485,3486,428,Rückenbreite,545.0
3486,3487,428,Hemdenlänge:,
3487,3488,428,bei Armlänge extra kurz,84.0
3488,3489,428,bei Armlänge normal,90.0
3489,3490,428,bei Armlänge extra lang,90.0
3490,3491,429,Kragenweite,49.5
3491,3492,429,Oberweite,152.0
3492,3493,429,Taillenweite,144.0
3493,3494,429,Hüftweite,
3494,3495,429,Rückenbreite,565.0
3495,3496,429,Hemdenlänge:,
3496,3497,429,bei Armlänge extra kurz,86.0
3497,3498,429,bei Armlänge normal,95.0
3498,3499,429,bei Armlänge extra lang,95.0
3499,3500,430,Kragenweite,52.0
3500,3501,430,Oberweite,
3501,3502,430,Taillenweite,
3502,3503,430,Hüftweite,
3503,3504,430,Rückenbreite,
3504,3505,430,Hemdenlänge:,
3505,3506,430,bei Armlänge extra kurz,
3506,3507,430,bei Armlänge normal,
3507,3508,430,bei Armlänge extra lang,
3508,3509,431,Kragenweite,54.0
3509,3510,431,Oberweite,
3510,3511,431,Taillenweite,
3511,3512,431,Hüftweite,
3512,3513,431,Rückenbreite,
3513,3514,431,Hemdenlänge:,
3514,3515,431,bei Armlänge extra kurz,
3515,3516,431,bei Armlänge normal,
3516,3517,431,bei Armlänge extra lang,
3517,3518,432,Kragenweite,36.0
3518,3519,432,Oberweite,
3519,3520,432,Taillenweite,
3520,3521,432,Rückenbreite,
3521,3522,432,Hemdenlänge:,
3522,3523,432,bei Armlänge normal,
3523,3524,432,bei Armlänge extra lang,
3524,3525,433,Kragenweite,37.5
3525,3526,433,Oberweite,114.0
3526,3527,433,Taillenweite,102.0
3527,3528,433,Rückenbreite,47.0
3528,3529,433,Hemdenlänge:,
3529,3530,433,bei Armlänge normal,82.0
3530,3531,433,bei Armlänge extra lang,85.0
3531,3532,434,Kragenweite,39.5
3532,3533,434,Oberweite,120.0
3533,3534,434,Taillenweite,106.0
3534,3535,434,Rückenbreite,485.0
3535,3536,434,Hemdenlänge:,
3536,3537,434,bei Armlänge normal,82.0
3537,3538,434,bei Armlänge extra lang,85.0
3538,3539,435,Kragenweite,41.5
3539,3540,435,Oberweite,126.0
3540,3541,435,Taillenweite,112.0
3541,3542,435,Rückenbreite,50.0
3542,3543,435,Hemdenlänge:,
3543,3544,435,bei Armlänge normal,82.0
3544,3545,435,bei Armlänge extra lang,85.0
3545,3546,436,Kragenweite,43.5
3546,3547,436,Oberweite,132.0
3547,3548,436,Taillenweite,122.0
3548,3549,436,Rückenbreite,515.0
3549,3550,436,Hemdenlänge:,
3550,3551,436,bei Armlänge normal,85.0
3551,3552,436,bei Armlänge extra lang,90.0
3552,3553,437,Kragenweite,45.5
3553,3554,437,Oberweite,138.0
3554,3555,437,Taillenweite,130.0
3555,3556,437,Rückenbreite,53.0
3556,3557,437,Hemdenlänge:,
3557,3558,437,bei Armlänge normal,85.0
3558,3559,437,bei Armlänge extra lang,90.0
3559,3560,438,Kragenweite,47.5
3560,3561,438,Oberweite,
3561,3562,438,Taillenweite,
3562,3563,438,Rückenbreite,
3563,3564,438,Hemdenlänge:,
3564,3565,438,bei Armlänge normal,
3565,3566,438,bei Armlänge extra lang,
3566,3567,439,Kragenweite,49.5
3567,3568,439,Oberweite,
3568,3569,439,Taillenweite,
3569,3570,439,Rückenbreite,
3570,3571,439,Hemdenlänge:,
3571,3572,439,bei Armlänge normal,
3572,3573,439,bei Armlänge extra lang,
3573,3574,440,Kragenweite,52.0
3574,3575,440,Oberweite,
3575,3576,440,Taillenweite,
3576,3577,440,Rückenbreite,
3577,3578,440,Hemdenlänge:,
3578,3579,440,bei Armlänge normal,
3579,3580,440,bei Armlänge extra lang,
3580,3581,441,Kragenweite,54.0
3581,3582,441,Oberweite,
3582,3583,441,Taillenweite,
3583,3584,441,Rückenbreite,
3584,3585,441,Hemdenlänge:,
3585,3586,441,bei Armlänge normal,
3586,3587,441,bei Armlänge extra lang,
3587,3588,442,Kragenweite,39.5
3588,3589,442,Oberweite,122.0
3589,3590,442,Taillenweite,118.0
3590,3591,442,Hüftweite,116.0
3591,3592,442,Rückenbreite,495.0
3592,3593,442,Hemdenlänge:,
3593,3594,442,bei Armlänge extra kurz,80.0
3594,3595,442,bei Armlänge normal,80.0
3595,3596,442,bei Armlänge extra lang,84.0
3596,3597,443,Kragenweite,41.5
3597,3598,443,Oberweite,128.0
3598,3599,443,Taillenweite,124.0
3599,3600,443,Hüftweite,122.0
3600,3601,443,Rückenbreite,51.0
3601,3602,443,Hemdenlänge:,
3602,3603,443,bei Armlänge extra kurz,82.0
3603,3604,443,bei Armlänge normal,82.0
3604,3605,443,bei Armlänge extra lang,86.0
3605,3606,444,Kragenweite,43.5
3606,3607,444,Oberweite,134.0
3607,3608,444,Taillenweite,132.0
3608,3609,444,Hüftweite,128.0
3609,3610,444,Rückenbreite,525.0
3610,3611,444,Hemdenlänge:,
3611,3612,444,bei Armlänge extra kurz,82.0
3612,3613,444,bei Armlänge normal,82.0
3613,3614,444,bei Armlänge extra lang,86.0
3614,3615,445,Kragenweite,45.5
3615,3616,445,Oberweite,140.0
3616,3617,445,Taillenweite,140.0
3617,3618,445,Hüftweite,136.0
3618,3619,445,Rückenbreite,54.0
3619,3620,445,Hemdenlänge:,
3620,3621,445,bei Armlänge extra kurz,84.0
3621,3622,445,bei Armlänge normal,84.0
3622,3623,445,bei Armlänge extra lang,88.0
3623,3624,446,Kragenweite,47.5
3624,3625,446,Oberweite,148.0
3625,3626,446,Taillenweite,148.0
3626,3627,446,Hüftweite,144.0
3627,3628,446,Rückenbreite,555.0
3628,3629,446,Hemdenlänge:,
3629,3630,446,bei Armlänge extra kurz,84.0
3630,3631,446,bei Armlänge normal,84.0
3631,3632,446,bei Armlänge extra lang,88.0
3632,3633,447,Kragenweite,49.5
3633,3634,447,Oberweite,156.0
3634,3635,447,Taillenweite,156.0
3635,3636,447,Hüftweite,152.0
3636,3637,447,Rückenbreite,575.0
3637,3638,447,Hemdenlänge:,
3638,3639,447,bei Armlänge extra kurz,86.0
3639,3640,447,bei Armlänge normal,86.0
3640,3641,447,bei Armlänge extra lang,
3641,3642,448,Kragenweite,52.0
3642,3643,448,Oberweite,164.0
3643,3644,448,Taillenweite,164.0
3644,3645,448,Hüftweite,160.0
3645,3646,448,Rückenbreite,595.0
3646,3647,448,Hemdenlänge:,
3647,3648,448,bei Armlänge extra kurz,
3648,3649,448,bei Armlänge normal,86.0
3649,3650,448,bei Armlänge extra lang,
3650,3651,449,Kragenweite,54.0
3651,3652,449,Oberweite,172.0
3652,3653,449,Taillenweite,172.0
3653,3654,449,Hüftweite,168.0
3654,3655,449,Rückenbreite,615.0
3655,3656,449,Hemdenlänge:,
3656,3657,449,bei Armlänge extra kurz,
3657,3658,449,bei Armlänge normal,88.0
3658,3659,449,bei Armlänge extra lang,
3659,3660,450,Kragenweite,
3660,3661,450,Oberweite,
3661,3662,450,Taillenweite,
3662,3663,450,Hüftweite,
3663,3664,450,Rückenbreite,
3664,3665,450,Hemdenlänge:,
3665,3666,450,bei Armlänge extra kurz,
3666,3667,450,bei Armlänge normal,
3667,3668,450,bei Armlänge extra lang,
3668,3669,451,Kragenweite,
3669,3670,451,Oberweite,
3670,3671,451,Taillenweite,
3671,3672,451,Hüftweite,
3672,3673,451,Rückenbreite,
3673,3674,451,Hemdenlänge:,
3674,3675,451,bei Armlänge extra kurz,
3675,3676,451,bei Armlänge normal,
3676,3677,451,bei Armlänge extra lang,
3677,3678,452,Kragenweite,36.0
3678,3679,452,Oberweite,94.0
3679,3680,452,Taillenweite,78.0
3680,3681,453,Kragenweite,37.5
3681,3682,453,Oberweite,102.0
3682,3683,453,Taillenweite,86.0
3683,3684,454,Kragenweite,39.5
3684,3685,454,Oberweite,110.0
3685,3686,454,Taillenweite,94.0
3686,3687,455,Kragenweite,41.5
3687,3688,455,Oberweite,118.0
3688,3689,455,Taillenweite,102.0
3689,3690,456,Kragenweite,43.5
3690,3691,456,Oberweite,126.0
3691,3692,456,Taillenweite,110.0
3692,3693,457,Kragenweite,45.5
3693,3694,457,Oberweite,
3694,3695,457,Taillenweite,
3695,3696,458,Kragenweite,47.5
3696,3697,458,Oberweite,
3697,3698,458,Taillenweite,
3698,3699,459,Kragenweite,49.5
3699,3700,459,Oberweite,
3700,3701,459,Taillenweite,
3701,3702,460,Kragenweite,52.0
3702,3703,460,Oberweite,
3703,3704,460,Taillenweite,
3704,3705,461,Kragenweite,54.0
3705,3706,461,Oberweite,
3706,3707,461,Taillenweite,
3707,3708,462,Kragenweite,36.0
3708,3709,462,Oberweite,98.0
3709,3710,462,Taillenweite,86.0
3710,3711,462,Rückenbreite,38.0
3711,3712,462,Hemdenlänge:,
3712,3713,462,bei Armlänge extra kurz,76.0
3713,3714,462,bei Armlänge normal,76.0
3714,3715,462,bei Armlänge extra lang,79.0
3715,3716,463,Kragenweite,37.5
3716,3717,463,Oberweite,104.0
3717,3718,463,Taillenweite,92.0
3718,3719,463,Rückenbreite,40.0
3719,3720,463,Hemdenlänge:,
3720,3721,463,bei Armlänge extra kurz,78.0
3721,3722,463,bei Armlänge normal,78.0
3722,3723,463,bei Armlänge extra lang,81.0
3723,3724,464,Kragenweite,39.5
3724,3725,464,Oberweite,110.0
3725,3726,464,Taillenweite,98.0
3726,3727,464,Rückenbreite,42.0
3727,3728,464,Hemdenlänge:,
3728,3729,464,bei Armlänge extra kurz,80.0
3729,3730,464,bei Armlänge normal,80.0
3730,3731,464,bei Armlänge extra lang,83.0
3731,3732,465,Kragenweite,41.5
3732,3733,465,Oberweite,116.0
3733,3734,465,Taillenweite,104.0
3734,3735,465,Rückenbreite,44.0
3735,3736,465,Hemdenlänge:,
3736,3737,465,bei Armlänge extra kurz,80.0
3737,3738,465,bei Armlänge normal,80.0
3738,3739,465,bei Armlänge extra lang,83.0
3739,3740,466,Kragenweite,43.5
3740,3741,466,Oberweite,124.0
3741,3742,466,Taillenweite,112.0
3742,3743,466,Rückenbreite,46.0
3743,3744,466,Hemdenlänge:,
3744,3745,466,bei Armlänge extra kurz,83.0
3745,3746,466,bei Armlänge normal,83.0
3746,3747,466,bei Armlänge extra lang,87.0
3747,3748,467,Kragenweite,45.5
3748,3749,467,Oberweite,132.0
3749,3750,467,Taillenweite,120.0
3750,3751,467,Rückenbreite,48.0
3751,3752,467,Hemdenlänge:,
3752,3753,467,bei Armlänge extra kurz,85.0
3753,3754,467,bei Armlänge normal,85.0
3754,3755,467,bei Armlänge extra lang,89.0
3755,3756,468,Kragenweite,47.5
3756,3757,468,Oberweite,
3757,3758,468,Taillenweite,
3758,3759,468,Rückenbreite,
3759,3760,468,Hemdenlänge:,
3760,3761,468,bei Armlänge extra kurz,
3761,3762,468,bei Armlänge normal,
3762,3763,468,bei Armlänge extra lang,
3763,3764,469,Kragenweite,49.5
3764,3765,469,Oberweite,
3765,3766,469,Taillenweite,
3766,3767,469,Rückenbreite,
3767,3768,469,Hemdenlänge:,
3768,3769,469,bei Armlänge extra kurz,
3769,3770,469,bei Armlänge normal,
3770,3771,469,bei Armlänge extra lang,
3771,3772,470,Kragenweite,52.0
3772,3773,470,Oberweite,
3773,3774,470,Taillenweite,
3774,3775,470,Rückenbreite,
3775,3776,470,Hemdenlänge:,
3776,3777,470,bei Armlänge extra kurz,
3777,3778,470,bei Armlänge normal,
3778,3779,470,bei Armlänge extra lang,
3779,3780,471,Kragenweite,54.0
3780,3781,471,Oberweite,
3781,3782,471,Taillenweite,
3782,3783,471,Rückenbreite,
3783,3784,471,Hemdenlänge:,
3784,3785,471,bei Armlänge extra kurz,
3785,3786,471,bei Armlänge normal,
3786,3787,471,bei Armlänge extra lang,
3787,3788,472,Kragenweite,36.0
3788,3789,472,Oberweite,108.0
3789,3790,472,Taillenweite,98.0
3790,3791,472,Hüftweite,
3791,3792,472,Rückenbreite,455.0
3792,3793,472,Hemdenlänge:,
3793,3794,472,bei Armlänge extra kurz,82.0
3794,3795,472,bei Armlänge normal,82.0
3795,3796,472,bei Armlänge extra lang,85.0
3796,3797,473,Kragenweite,37.5
3797,3798,473,Oberweite,114.0
3798,3799,473,Taillenweite,102.0
3799,3800,473,Hüftweite,106.0
3800,3801,473,Rückenbreite,47.0
3801,3802,473,Hemdenlänge:,
3802,3803,473,bei Armlänge extra kurz,82.0
3803,3804,473,bei Armlänge normal,82.0
3804,3805,473,bei Armlänge extra lang,85.0
3805,3806,474,Kragenweite,39.5
3806,3807,474,Oberweite,120.0
3807,3808,474,Taillenweite,106.0
3808,3809,474,Hüftweite,112.0
3809,3810,474,Rückenbreite,485.0
3810,3811,474,Hemdenlänge:,
3811,3812,474,bei Armlänge extra kurz,82.0
3812,3813,474,bei Armlänge normal,82.0
3813,3814,474,bei Armlänge extra lang,85.0
3814,3815,475,Kragenweite,41.5
3815,3816,475,Oberweite,126.0
3816,3817,475,Taillenweite,112.0
3817,3818,475,Hüftweite,118.0
3818,3819,475,Rückenbreite,50.0
3819,3820,475,Hemdenlänge:,
3820,3821,475,bei Armlänge extra kurz,82.0
3821,3822,475,bei Armlänge normal,82.0
3822,3823,475,bei Armlänge extra lang,85.0
3823,3824,476,Kragenweite,43.5
3824,3825,476,Oberweite,132.0
3825,3826,476,Taillenweite,122.0
3826,3827,476,Hüftweite,124.0
3827,3828,476,Rückenbreite,515.0
3828,3829,476,Hemdenlänge:,
3829,3830,476,bei Armlänge extra kurz,82.0
3830,3831,476,bei Armlänge normal,85.0
3831,3832,476,bei Armlänge extra lang,90.0
3832,3833,477,Kragenweite,45.5
3833,3834,477,Oberweite,138.0
3834,3835,477,Taillenweite,130.0
3835,3836,477,Hüftweite,130.0
3836,3837,477,Rückenbreite,53.0
3837,3838,477,Hemdenlänge:,
3838,3839,477,bei Armlänge extra kurz,84.0
3839,3840,477,bei Armlänge normal,85.0
3840,3841,477,bei Armlänge extra lang,90.0
3841,3842,478,Kragenweite,47.5
3842,3843,478,Oberweite,144.0
3843,3844,478,Taillenweite,138.0
3844,3845,478,Hüftweite,136.0
3845,3846,478,Rückenbreite,545.0
3846,3847,478,Hemdenlänge:,
3847,3848,478,bei Armlänge extra kurz,84.0
3848,3849,478,bei Armlänge normal,90.0
3849,3850,478,bei Armlänge extra lang,90.0
3850,3851,479,Kragenweite,49.5
3851,3852,479,Oberweite,152.0
3852,3853,479,Taillenweite,144.0
3853,3854,479,Hüftweite,
3854,3855,479,Rückenbreite,565.0
3855,3856,479,Hemdenlänge:,
3856,3857,479,bei Armlänge extra kurz,86.0
3857,3858,479,bei Armlänge normal,95.0
3858,3859,479,bei Armlänge extra lang,95.0
3859,3860,480,Kragenweite,52.0
3860,3861,480,Oberweite,
3861,3862,480,Taillenweite,
3862,3863,480,Hüftweite,
3863,3864,480,Rückenbreite,
3864,3865,480,Hemdenlänge:,
3865,3866,480,bei Armlänge extra kurz,
3866,3867,480,bei Armlänge normal,
3867,3868,480,bei Armlänge extra lang,
3868,3869,481,Kragenweite,54.0
3869,3870,481,Oberweite,
3870,3871,481,Taillenweite,
3871,3872,481,Hüftweite,
3872,3873,481,Rückenbreite,
3873,3874,481,Hemdenlänge:,
3874,3875,481,bei Armlänge extra kurz,
3875,3876,481,bei Armlänge normal,
3876,3877,481,bei Armlänge extra lang,
3877,3878,482,Kragenweite,39.5
3878,3879,482,Oberweite,122.0
3879,3880,482,Taillenweite,118.0
3880,3881,482,Hüftweite,116.0
3881,3882,482,Rückenbreite,495.0
3882,3883,482,Hemdenlänge:,
3883,3884,482,bei Armlänge extra kurz,80.0
3884,3885,482,bei Armlänge normal,80.0
3885,3886,482,bei Armlänge extra lang,84.0
3886,3887,483,Kragenweite,41.5
3887,3888,483,Oberweite,128.0
3888,3889,483,Taillenweite,124.0
3889,3890,483,Hüftweite,122.0
3890,3891,483,Rückenbreite,51.0
3891,3892,483,Hemdenlänge:,
3892,3893,483,bei Armlänge extra kurz,82.0
3893,3894,483,bei Armlänge normal,82.0
3894,3895,483,bei Armlänge extra lang,86.0
3895,3896,484,Kragenweite,43.5
3896,3897,484,Oberweite,134.0
3897,3898,484,Taillenweite,132.0
3898,3899,484,Hüftweite,128.0
3899,3900,484,Rückenbreite,525.0
3900,3901,484,Hemdenlänge:,
3901,3902,484,bei Armlänge extra kurz,82.0
3902,3903,484,bei Armlänge normal,82.0
3903,3904,484,bei Armlänge extra lang,86.0
3904,3905,485,Kragenweite,45.5
3905,3906,485,Oberweite,140.0
3906,3907,485,Taillenweite,140.0
3907,3908,485,Hüftweite,136.0
3908,3909,485,Rückenbreite,54.0
3909,3910,485,Hemdenlänge:,
3910,3911,485,bei Armlänge extra kurz,84.0
3911,3912,485,bei Armlänge normal,84.0
3912,3913,485,bei Armlänge extra lang,88.0
3913,3914,486,Kragenweite,47.5
3914,3915,486,Oberweite,148.0
3915,3916,486,Taillenweite,148.0
3916,3917,486,Hüftweite,144.0
3917,3918,486,Rückenbreite,555.0
3918,3919,486,Hemdenlänge:,
3919,3920,486,bei Armlänge extra kurz,84.0
3920,3921,486,bei Armlänge normal,84.0
3921,3922,486,bei Armlänge extra lang,88.0
3922,3923,487,Kragenweite,49.5
3923,3924,487,Oberweite,156.0
3924,3925,487,Taillenweite,156.0
3925,3926,487,Hüftweite,152.0
3926,3927,487,Rückenbreite,575.0
3927,3928,487,Hemdenlänge:,
3928,3929,487,bei Armlänge extra kurz,86.0
3929,3930,487,bei Armlänge normal,86.0
3930,3931,487,bei Armlänge extra lang,
3931,3932,488,Kragenweite,52.0
3932,3933,488,Oberweite,164.0
3933,3934,488,Taillenweite,164.0
3934,3935,488,Hüftweite,160.0
3935,3936,488,Rückenbreite,595.0
3936,3937,488,Hemdenlänge:,
3937,3938,488,bei Armlänge extra kurz,
3938,3939,488,bei Armlänge normal,86.0
3939,3940,488,bei Armlänge extra lang,
3940,3941,489,Kragenweite,54.0
3941,3942,489,Oberweite,172.0
3942,3943,489,Taillenweite,172.0
3943,3944,489,Hüftweite,168.0
3944,3945,489,Rückenbreite,615.0
3945,3946,489,Hemdenlänge:,
3946,3947,489,bei Armlänge extra kurz,
3947,3948,489,bei Armlänge normal,88.0
3948,3949,489,bei Armlänge extra lang,
3949,3950,490,Kragenweite,
3950,3951,490,Oberweite,
3951,3952,490,Taillenweite,
3952,3953,490,Hüftweite,
3953,3954,490,Rückenbreite,
3954,3955,490,Hemdenlänge:,
3955,3956,490,bei Armlänge extra kurz,
3956,3957,490,bei Armlänge normal,
3957,3958,490,bei Armlänge extra lang,
3958,3959,491,Kragenweite,
3959,3960,491,Oberweite,
3960,3961,491,Taillenweite,
3961,3962,491,Hüftweite,
3962,3963,491,Rückenbreite,
3963,3964,491,Hemdenlänge:,
3964,3965,491,bei Armlänge extra kurz,
3965,3966,491,bei Armlänge normal,
3966,3967,491,bei Armlänge extra lang,
3967,3968,492,Kragenweite,36.0
3968,3969,492,Oberweite,
3969,3970,492,Taillenweite,
3970,3971,492,Schulterbreite,
3971,3972,492,Hemdenlänge:,
3972,3973,492,bei Armlänge extra kurz,
3973,3974,492,bei Armlänge normal,
3974,3975,492,bei Armlänge extra lang,
3975,3976,493,Kragenweite,37.5
3976,3977,493,Oberweite,110.0
3977,3978,493,Taillenweite,102.0
3978,3979,493,Schulterbreite,162.0
3979,3980,493,Hemdenlänge:,
3980,3981,493,bei Armlänge extra kurz,80.0
3981,3982,493,bei Armlänge normal,80.0
3982,3983,493,bei Armlänge extra lang,90.0
3983,3984,494,Kragenweite,39.5
3984,3985,494,Oberweite,116.0
3985,3986,494,Taillenweite,106.0
3986,3987,494,Schulterbreite,17.0
3987,3988,494,Hemdenlänge:,
3988,3989,494,bei Armlänge extra kurz,80.0
3989,3990,494,bei Armlänge normal,80.0
3990,3991,494,bei Armlänge extra lang,90.0
3991,3992,495,Kragenweite,41.5
3992,3993,495,Oberweite,122.0
3993,3994,495,Taillenweite,114.0
3994,3995,495,Schulterbreite,178.0
3995,3996,495,Hemdenlänge:,
3996,3997,495,bei Armlänge extra kurz,80.0
3997,3998,495,bei Armlänge normal,80.0
3998,3999,495,bei Armlänge extra lang,90.0
3999,4000,496,Kragenweite,43.5
4000,4001,496,Oberweite,132.0
4001,4002,496,Taillenweite,122.0
4002,4003,496,Schulterbreite,186.0
4003,4004,496,Hemdenlänge:,
4004,4005,496,bei Armlänge extra kurz,80.0
4005,4006,496,bei Armlänge normal,82.0
4006,4007,496,bei Armlänge extra lang,90.0
4007,4008,497,Kragenweite,45.5
4008,4009,497,Oberweite,138.0
4009,4010,497,Taillenweite,130.0
4010,4011,497,Schulterbreite,194.0
4011,4012,497,Hemdenlänge:,
4012,4013,497,bei Armlänge extra kurz,80.0
4013,4014,497,bei Armlänge normal,85.0
4014,4015,497,bei Armlänge extra lang,90.0
4015,4016,498,Kragenweite,47.5
4016,4017,498,Oberweite,146.0
4017,4018,498,Taillenweite,138.0
4018,4019,498,Schulterbreite,202.0
4019,4020,498,Hemdenlänge:,
4020,4021,498,bei Armlänge extra kurz,80.0
4021,4022,498,bei Armlänge normal,90.0
4022,4023,498,bei Armlänge extra lang,90.0
4023,4024,499,Kragenweite,49.5
4024,4025,499,Oberweite,
4025,4026,499,Taillenweite,
4026,4027,499,Schulterbreite,
4027,4028,499,Hemdenlänge:,
4028,4029,499,bei Armlänge extra kurz,
4029,4030,499,bei Armlänge normal,
4030,4031,499,bei Armlänge extra lang,
4031,4032,500,Kragenweite,52.0
4032,4033,500,Oberweite,
4033,4034,500,Taillenweite,
4034,4035,500,Schulterbreite,
4035,4036,500,Hemdenlänge:,
4036,4037,500,bei Armlänge extra kurz,
4037,4038,500,bei Armlänge normal,
4038,4039,500,bei Armlänge extra lang,
4039,4040,501,Kragenweite,54.0
4040,4041,501,Oberweite,
4041,4042,501,Taillenweite,
4042,4043,501,Schulterbreite,
4043,4044,501,Hemdenlänge:,
4044,4045,501,bei Armlänge extra kurz,
4045,4046,501,bei Armlänge normal,
4046,4047,501,bei Armlänge extra lang,
4047,4048,502,Kragenweite,36.0
4048,4049,502,Oberweite,
4049,4050,502,Taillenweite,
4050,4051,502,Rückenbreite,
4051,4052,502,Hemdenlänge:,
4052,4053,502,bei Armlänge normal,
4053,4054,502,bei Armlänge extra lang,
4054,4055,503,Kragenweite,37.5
4055,4056,503,Oberweite,114.0
4056,4057,503,Taillenweite,108.0
4057,4058,503,Rückenbreite,48.0
4058,4059,503,Hemdenlänge:,
4059,4060,503,bei Armlänge normal,82.0
4060,4061,503,bei Armlänge extra lang,85.0
4061,4062,504,Kragenweite,39.5
4062,4063,504,Oberweite,122.0
4063,4064,504,Taillenweite,116.0
4064,4065,504,Rückenbreite,51.0
4065,4066,504,Hemdenlänge:,
4066,4067,504,bei Armlänge normal,82.0
4067,4068,504,bei Armlänge extra lang,85.0
4068,4069,505,Kragenweite,41.5
4069,4070,505,Oberweite,128.0
4070,4071,505,Taillenweite,124.0
4071,4072,505,Rückenbreite,525.0
4072,4073,505,Hemdenlänge:,
4073,4074,505,bei Armlänge normal,82.0
4074,4075,505,bei Armlänge extra lang,85.0
4075,4076,506,Kragenweite,43.5
4076,4077,506,Oberweite,136.0
4077,4078,506,Taillenweite,136.0
4078,4079,506,Rückenbreite,54.0
4079,4080,506,Hemdenlänge:,
4080,4081,506,bei Armlänge normal,85.0
4081,4082,506,bei Armlänge extra lang,90.0
4082,4083,507,Kragenweite,45.5
4083,4084,507,Oberweite,148.0
4084,4085,507,Taillenweite,148.0
4085,4086,507,Rückenbreite,56.0
4086,4087,507,Hemdenlänge:,
4087,4088,507,bei Armlänge normal,85.0
4088,4089,507,bei Armlänge extra lang,90.0
4089,4090,508,Kragenweite,47.5
4090,4091,508,Oberweite,154.0
4091,4092,508,Taillenweite,154.0
4092,4093,508,Rückenbreite,58.0
4093,4094,508,Hemdenlänge:,
4094,4095,508,bei Armlänge normal,90.0
4095,4096,508,bei Armlänge extra lang,90.0
4096,4097,509,Kragenweite,49.5
4097,4098,509,Oberweite,160.0
4098,4099,509,Taillenweite,160.0
4099,4100,509,Rückenbreite,60.0
4100,4101,509,Hemdenlänge:,
4101,4102,509,bei Armlänge normal,95.0
4102,4103,509,bei Armlänge extra lang,95.0
4103,4104,510,Kragenweite,52.0
4104,4105,510,Oberweite,
4105,4106,510,Taillenweite,
4106,4107,510,Rückenbreite,
4107,4108,510,Hemdenlänge:,
4108,4109,510,bei Armlänge normal,
4109,4110,510,bei Armlänge extra lang,
4110,4111,511,Kragenweite,54.0
4111,4112,511,Oberweite,
4112,4113,511,Taillenweite,
4113,4114,511,Rückenbreite,
4114,4115,511,Hemdenlänge:,
4115,4116,511,bei Armlänge normal,
4116,4117,511,bei Armlänge extra lang,
4117,4118,512,Kragenweite,36.0
4118,4119,512,Oberweite,
4119,4120,512,Taillenweite,
4120,4121,512,Hemdenlänge:,
4121,4122,512,bei Armlänge normal,
4122,4123,512,bei Armlänge extra lang,
4123,4124,513,Kragenweite,37.5
4124,4125,513,Oberweite,
4125,4126,513,Taillenweite,
4126,4127,513,Hemdenlänge:,
4127,4128,513,bei Armlänge normal,
4128,4129,513,bei Armlänge extra lang,
4129,4130,514,Kragenweite,39.5
4130,4131,514,Oberweite,120.0
4131,4132,514,Taillenweite,114.0
4132,4133,514,Hemdenlänge:,
4133,4134,514,bei Armlänge normal,82.0
4134,4135,514,bei Armlänge extra lang,87.0
4135,4136,515,Kragenweite,41.5
4136,4137,515,Oberweite,128.0
4137,4138,515,Taillenweite,124.0
4138,4139,515,Hemdenlänge:,
4139,4140,515,bei Armlänge normal,82.0
4140,4141,515,bei Armlänge extra lang,87.0
4141,4142,516,Kragenweite,43.5
4142,4143,516,Oberweite,136.0
4143,4144,516,Taillenweite,134.0
4144,4145,516,Hemdenlänge:,
4145,4146,516,bei Armlänge normal,85.0
4146,4147,516,bei Armlänge extra lang,90.0
4147,4148,517,Kragenweite,45.5
4148,4149,517,Oberweite,146.0
4149,4150,517,Taillenweite,146.0
4150,4151,517,Hemdenlänge:,
4151,4152,517,bei Armlänge normal,90.0
4152,4153,517,bei Armlänge extra lang,95.0
4153,4154,518,Kragenweite,47.5
4154,4155,518,Oberweite,150.0
4155,4156,518,Taillenweite,154.0
4156,4157,518,Hemdenlänge:,
4157,4158,518,bei Armlänge normal,90.0
4158,4159,518,bei Armlänge extra lang,95.0
4159,4160,519,Kragenweite,49.5
4160,4161,519,Oberweite,156.0
4161,4162,519,Taillenweite,162.0
4162,4163,519,Hemdenlänge:,
4163,4164,519,bei Armlänge normal,90.0
4164,4165,519,bei Armlänge extra lang,95.0
4165,4166,520,Kragenweite,52.0
4166,4167,520,Oberweite,160.0
4167,4168,520,Taillenweite,168.0
4168,4169,520,Hemdenlänge:,
4169,4170,520,bei Armlänge normal,90.0
4170,4171,520,bei Armlänge extra lang,95.0
4171,4172,521,Kragenweite,54.0
4172,4173,521,Oberweite,164.0
4173,4174,521,Taillenweite,172.0
4174,4175,521,Hemdenlänge:,
4175,4176,521,bei Armlänge normal,90.0
4176,4177,521,bei Armlänge extra lang,95.0
4177,4178,522,Kragenweite,36.0
4178,4179,522,Oberweite,
4179,4180,522,Taillenweite,
4180,4181,522,Hemdenlänge:,
4181,4182,522,bei Armlänge normal,
4182,4183,522,bei Armlänge extra lang,
4183,4184,523,Kragenweite,37.5
4184,4185,523,Oberweite,110.0
4185,4186,523,Taillenweite,100.0
4186,4187,523,Hemdenlänge:,
4187,4188,523,bei Armlänge normal,82.0
4188,4189,523,bei Armlänge extra lang,87.0
4189,4190,524,Kragenweite,39.5
4190,4191,524,Oberweite,116.0
4191,4192,524,Taillenweite,108.0
4192,4193,524,Hemdenlänge:,
4193,4194,524,bei Armlänge normal,82.0
4194,4195,524,bei Armlänge extra lang,87.0
4195,4196,525,Kragenweite,41.5
4196,4197,525,Oberweite,124.0
4197,4198,525,Taillenweite,116.0
4198,4199,525,Hemdenlänge:,
4199,4200,525,bei Armlänge normal,82.0
4200,4201,525,bei Armlänge extra lang,87.0
4201,4202,526,Kragenweite,43.5
4202,4203,526,Oberweite,132.0
4203,4204,526,Taillenweite,126.0
4204,4205,526,Hemdenlänge:,
4205,4206,526,bei Armlänge normal,85.0
4206,4207,526,bei Armlänge extra lang,90.0
4207,4208,527,Kragenweite,45.5
4208,4209,527,Oberweite,140.0
4209,4210,527,Taillenweite,134.0
4210,4211,527,Hemdenlänge:,
4211,4212,527,bei Armlänge normal,85.0
4212,4213,527,bei Armlänge extra lang,90.0
4213,4214,528,Kragenweite,47.5
4214,4215,528,Oberweite,150.0
4215,4216,528,Taillenweite,146.0
4216,4217,528,Hemdenlänge:,
4217,4218,528,bei Armlänge normal,90.0
4218,4219,528,bei Armlänge extra lang,95.0
4219,4220,529,Kragenweite,49.5
4220,4221,529,Oberweite,156.0
4221,4222,529,Taillenweite,156.0
4222,4223,529,Hemdenlänge:,
4223,4224,529,bei Armlänge normal,90.0
4224,4225,529,bei Armlänge extra lang,95.0
4225,4226,530,Kragenweite,52.0
4226,4227,530,Oberweite,160.0
4227,4228,530,Taillenweite,164.0
4228,4229,530,Hemdenlänge:,
4229,4230,530,bei Armlänge normal,90.0
4230,4231,530,bei Armlänge extra lang,95.0
4231,4232,531,Kragenweite,54.0
4232,4233,531,Oberweite,164.0
4233,4234,531,Taillenweite,170.0
4234,4235,531,Hemdenlänge:,
4235,4236,531,bei Armlänge normal,90.0
4236,4237,531,bei Armlänge extra lang,95.0
4237,4238,532,Kragenweite,36.0
4238,4239,532,Oberweite,108.0
4239,4240,532,Taillenweite,98.0
4240,4241,532,Hüftweite,
4241,4242,532,Rückenbreite,455.0
4242,4243,532,Hemdenlänge:,
4243,4244,532,bei Armlänge extra kurz,82.0
4244,4245,532,bei Armlänge normal,82.0
4245,4246,532,bei Armlänge extra lang,85.0
4246,4247,533,Kragenweite,37.5
4247,4248,533,Oberweite,114.0
4248,4249,533,Taillenweite,102.0
4249,4250,533,Hüftweite,106.0
4250,4251,533,Rückenbreite,47.0
4251,4252,533,Hemdenlänge:,
4252,4253,533,bei Armlänge extra kurz,82.0
4253,4254,533,bei Armlänge normal,82.0
4254,4255,533,bei Armlänge extra lang,85.0
4255,4256,534,Kragenweite,39.5
4256,4257,534,Oberweite,120.0
4257,4258,534,Taillenweite,106.0
4258,4259,534,Hüftweite,112.0
4259,4260,534,Rückenbreite,485.0
4260,4261,534,Hemdenlänge:,
4261,4262,534,bei Armlänge extra kurz,82.0
4262,4263,534,bei Armlänge normal,82.0
4263,4264,534,bei Armlänge extra lang,85.0
4264,4265,535,Kragenweite,41.5
4265,4266,535,Oberweite,126.0
4266,4267,535,Taillenweite,112.0
4267,4268,535,Hüftweite,118.0
4268,4269,535,Rückenbreite,50.0
4269,4270,535,Hemdenlänge:,
4270,4271,535,bei Armlänge extra kurz,82.0
4271,4272,535,bei Armlänge normal,82.0
4272,4273,535,bei Armlänge extra lang,85.0
4273,4274,536,Kragenweite,43.5
4274,4275,536,Oberweite,132.0
4275,4276,536,Taillenweite,122.0
4276,4277,536,Hüftweite,124.0
4277,4278,536,Rückenbreite,515.0
4278,4279,536,Hemdenlänge:,
4279,4280,536,bei Armlänge extra kurz,82.0
4280,4281,536,bei Armlänge normal,85.0
4281,4282,536,bei Armlänge extra lang,90.0
4282,4283,537,Kragenweite,45.5
4283,4284,537,Oberweite,138.0
4284,4285,537,Taillenweite,130.0
4285,4286,537,Hüftweite,130.0
4286,4287,537,Rückenbreite,53.0
4287,4288,537,Hemdenlänge:,
4288,4289,537,bei Armlänge extra kurz,84.0
4289,4290,537,bei Armlänge normal,85.0
4290,4291,537,bei Armlänge extra lang,90.0
4291,4292,538,Kragenweite,47.5
4292,4293,538,Oberweite,144.0
4293,4294,538,Taillenweite,138.0
4294,4295,538,Hüftweite,136.0
4295,4296,538,Rückenbreite,545.0
4296,4297,538,Hemdenlänge:,
4297,4298,538,bei Armlänge extra kurz,84.0
4298,4299,538,bei Armlänge normal,90.0
4299,4300,538,bei Armlänge extra lang,90.0
4300,4301,539,Kragenweite,49.5
4301,4302,539,Oberweite,152.0
4302,4303,539,Taillenweite,144.0
4303,4304,539,Hüftweite,
4304,4305,539,Rückenbreite,565.0
4305,4306,539,Hemdenlänge:,
4306,4307,539,bei Armlänge extra kurz,86.0
4307,4308,539,bei Armlänge normal,95.0
4308,4309,539,bei Armlänge extra lang,95.0
4309,4310,540,Kragenweite,52.0
4310,4311,540,Oberweite,
4311,4312,540,Taillenweite,
4312,4313,540,Hüftweite,
4313,4314,540,Rückenbreite,
4314,4315,540,Hemdenlänge:,
4315,4316,540,bei Armlänge extra kurz,
4316,4317,540,bei Armlänge normal,
4317,4318,540,bei Armlänge extra lang,
4318,4319,541,Kragenweite,54.0
4319,4320,541,Oberweite,
4320,4321,541,Taillenweite,
4321,4322,541,Hüftweite,
4322,4323,541,Rückenbreite,
4323,4324,541,Hemdenlänge:,
4324,4325,541,bei Armlänge extra kurz,
4325,4326,541,bei Armlänge normal,
4326,4327,541,bei Armlänge extra lang,
4327,4328,542,Kragenweite,36.0
4328,4329,542,Oberweite,
4329,4330,542,Taillenweite,
4330,4331,542,Rückenbreite,
4331,4332,542,Hemdenlänge:,
4332,4333,542,bei Armlänge normal,
4333,4334,542,bei Armlänge extra lang,
4334,4335,543,Kragenweite,37.5
4335,4336,543,Oberweite,114.0
4336,4337,543,Taillenweite,108.0
4337,4338,543,Rückenbreite,48.0
4338,4339,543,Hemdenlänge:,
4339,4340,543,bei Armlänge normal,82.0
4340,4341,543,bei Armlänge extra lang,85.0
4341,4342,544,Kragenweite,39.5
4342,4343,544,Oberweite,122.0
4343,4344,544,Taillenweite,116.0
4344,4345,544,Rückenbreite,51.0
4345,4346,544,Hemdenlänge:,
4346,4347,544,bei Armlänge normal,82.0
4347,4348,544,bei Armlänge extra lang,85.0
4348,4349,545,Kragenweite,41.5
4349,4350,545,Oberweite,128.0
4350,4351,545,Taillenweite,124.0
4351,4352,545,Rückenbreite,525.0
4352,4353,545,Hemdenlänge:,
4353,4354,545,bei Armlänge normal,82.0
4354,4355,545,bei Armlänge extra lang,85.0
4355,4356,546,Kragenweite,43.5
4356,4357,546,Oberweite,136.0
4357,4358,546,Taillenweite,136.0
4358,4359,546,Rückenbreite,54.0
4359,4360,546,Hemdenlänge:,
4360,4361,546,bei Armlänge normal,85.0
4361,4362,546,bei Armlänge extra lang,90.0
4362,4363,547,Kragenweite,45.5
4363,4364,547,Oberweite,148.0
4364,4365,547,Taillenweite,148.0
4365,4366,547,Rückenbreite,56.0
4366,4367,547,Hemdenlänge:,
4367,4368,547,bei Armlänge normal,85.0
4368,4369,547,bei Armlänge extra lang,90.0
4369,4370,548,Kragenweite,47.5
4370,4371,548,Oberweite,154.0
4371,4372,548,Taillenweite,154.0
4372,4373,548,Rückenbreite,58.0
4373,4374,548,Hemdenlänge:,
4374,4375,548,bei Armlänge normal,90.0
4375,4376,548,bei Armlänge extra lang,90.0
4376,4377,549,Kragenweite,49.5
4377,4378,549,Oberweite,160.0
4378,4379,549,Taillenweite,160.0
4379,4380,549,Rückenbreite,60.0
4380,4381,549,Hemdenlänge:,
4381,4382,549,bei Armlänge normal,95.0
4382,4383,549,bei Armlänge extra lang,95.0
4383,4384,550,Kragenweite,52.0
4384,4385,550,Oberweite,
4385,4386,550,Taillenweite,
4386,4387,550,Rückenbreite,
4387,4388,550,Hemdenlänge:,
4388,4389,550,bei Armlänge normal,
4389,4390,550,bei Armlänge extra lang,
4390,4391,551,Kragenweite,54.0
4391,4392,551,Oberweite,
4392,4393,551,Taillenweite,
4393,4394,551,Rückenbreite,
4394,4395,551,Hemdenlänge:,
4395,4396,551,bei Armlänge normal,
4396,4397,551,bei Armlänge extra lang,
4397,4398,552,Kragenweite,36.0
4398,4399,552,Oberweite,
4399,4400,552,Taillenweite,
4400,4401,552,Hemdenlänge:,
4401,4402,552,bei Armlänge extra kurz,
4402,4403,552,bei Armlänge normal,
4403,4404,553,Kragenweite,37.5
4404,4405,553,Oberweite,108.0
4405,4406,553,Taillenweite,94.0
4406,4407,553,Hemdenlänge:,
4407,4408,553,bei Armlänge extra kurz,77.0
4408,4409,553,bei Armlänge normal,82.0
4409,4410,554,Kragenweite,39.5
4410,4411,554,Oberweite,114.0
4411,4412,554,Taillenweite,102.0
4412,4413,554,Hemdenlänge:,
4413,4414,554,bei Armlänge extra kurz,78.0
4414,4415,554,bei Armlänge normal,83.0
4415,4416,555,Kragenweite,41.5
4416,4417,555,Oberweite,122.0
4417,4418,555,Taillenweite,108.0
4418,4419,555,Hemdenlänge:,
4419,4420,555,bei Armlänge extra kurz,79.0
4420,4421,555,bei Armlänge normal,84.0
4421,4422,556,Kragenweite,43.5
4422,4423,556,Oberweite,128.0
4423,4424,556,Taillenweite,114.0
4424,4425,556,Hemdenlänge:,
4425,4426,556,bei Armlänge extra kurz,80.0
4426,4427,556,bei Armlänge normal,85.0
4427,4428,557,Kragenweite,45.5
4428,4429,557,Oberweite,134.0
4429,4430,557,Taillenweite,120.0
4430,4431,557,Hemdenlänge:,
4431,4432,557,bei Armlänge extra kurz,81.0
4432,4433,557,bei Armlänge normal,86.0
4433,4434,558,Kragenweite,47.5
4434,4435,558,Oberweite,
4435,4436,558,Taillenweite,
4436,4437,558,Hemdenlänge:,
4437,4438,558,bei Armlänge extra kurz,
4438,4439,558,bei Armlänge normal,
4439,4440,559,Kragenweite,49.5
4440,4441,559,Oberweite,
4441,4442,559,Taillenweite,
4442,4443,559,Hemdenlänge:,
4443,4444,559,bei Armlänge extra kurz,
4444,4445,559,bei Armlänge normal,
4445,4446,560,Kragenweite,52.0
4446,4447,560,Oberweite,
4447,4448,560,Taillenweite,
4448,4449,560,Hemdenlänge:,
4449,4450,560,bei Armlänge extra kurz,
4450,4451,560,bei Armlänge normal,
4451,4452,561,Kragenweite,54.0
4452,4453,561,Oberweite,
4453,4454,561,Taillenweite,
4454,4455,561,Hemdenlänge:,
4455,4456,561,bei Armlänge extra kurz,
4456,4457,561,bei Armlänge normal,
4457,4458,562,Kragenweite,36.0
4458,4459,562,Oberweite,
4459,4460,562,Taillenweite,
4460,4461,562,Rückenbreite,
4461,4462,562,Hemdenlänge:,
4462,4463,562,bei Armlänge normal,
4463,4464,562,bei Armlänge extra lang,
4464,4465,563,Kragenweite,37.5
4465,4466,563,Oberweite,114.0
4466,4467,563,Taillenweite,102.0
4467,4468,563,Rückenbreite,47.0
4468,4469,563,Hemdenlänge:,
4469,4470,563,bei Armlänge normal,82.0
4470,4471,563,bei Armlänge extra lang,85.0
4471,4472,564,Kragenweite,39.5
4472,4473,564,Oberweite,120.0
4473,4474,564,Taillenweite,106.0
4474,4475,564,Rückenbreite,485.0
4475,4476,564,Hemdenlänge:,
4476,4477,564,bei Armlänge normal,82.0
4477,4478,564,bei Armlänge extra lang,85.0
4478,4479,565,Kragenweite,41.5
4479,4480,565,Oberweite,126.0
4480,4481,565,Taillenweite,112.0
4481,4482,565,Rückenbreite,50.0
4482,4483,565,Hemdenlänge:,
4483,4484,565,bei Armlänge normal,82.0
4484,4485,565,bei Armlänge extra lang,85.0
4485,4486,566,Kragenweite,43.5
4486,4487,566,Oberweite,132.0
4487,4488,566,Taillenweite,122.0
4488,4489,566,Rückenbreite,515.0
4489,4490,566,Hemdenlänge:,
4490,4491,566,bei Armlänge normal,85.0
4491,4492,566,bei Armlänge extra lang,90.0
4492,4493,567,Kragenweite,45.5
4493,4494,567,Oberweite,138.0
4494,4495,567,Taillenweite,130.0
4495,4496,567,Rückenbreite,53.0
4496,4497,567,Hemdenlänge:,
4497,4498,567,bei Armlänge normal,85.0
4498,4499,567,bei Armlänge extra lang,90.0
4499,4500,568,Kragenweite,47.5
4500,4501,568,Oberweite,
4501,4502,568,Taillenweite,
4502,4503,568,Rückenbreite,
4503,4504,568,Hemdenlänge:,
4504,4505,568,bei Armlänge normal,
4505,4506,568,bei Armlänge extra lang,
4506,4507,569,Kragenweite,49.5
4507,4508,569,Oberweite,
4508,4509,569,Taillenweite,
4509,4510,569,Rückenbreite,
4510,4511,569,Hemdenlänge:,
4511,4512,569,bei Armlänge normal,
4512,4513,569,bei Armlänge extra lang,
4513,4514,570,Kragenweite,52.0
4514,4515,570,Oberweite,
4515,4516,570,Taillenweite,
4516,4517,570,Rückenbreite,
4517,4518,570,Hemdenlänge:,
4518,4519,570,bei Armlänge normal,
4519,4520,570,bei Armlänge extra lang,
4520,4521,571,Kragenweite,54.0
4521,4522,571,Oberweite,
4522,4523,571,Taillenweite,
4523,4524,571,Rückenbreite,
4524,4525,571,Hemdenlänge:,
4525,4526,571,bei Armlänge normal,
4526,4527,571,bei Armlänge extra lang,
4527,4528,572,Kragenweite,36.0
4528,4529,572,Oberweite,98.0
4529,4530,572,Taillenweite,86.0
4530,4531,572,Rückenbreite,38.0
4531,4532,572,Hemdenlänge:,
4532,4533,572,bei Armlänge extra kurz,76.0
4533,4534,572,bei Armlänge normal,76.0
4534,4535,572,bei Armlänge extra lang,79.0
4535,4536,573,Kragenweite,37.5
4536,4537,573,Oberweite,104.0
4537,4538,573,Taillenweite,92.0
4538,4539,573,Rückenbreite,40.0
4539,4540,573,Hemdenlänge:,
4540,4541,573,bei Armlänge extra kurz,78.0
4541,4542,573,bei Armlänge normal,78.0
4542,4543,573,bei Armlänge extra lang,81.0
4543,4544,574,Kragenweite,39.5
4544,4545,574,Oberweite,110.0
4545,4546,574,Taillenweite,98.0
4546,4547,574,Rückenbreite,42.0
4547,4548,574,Hemdenlänge:,
4548,4549,574,bei Armlänge extra kurz,80.0
4549,4550,574,bei Armlänge normal,80.0
4550,4551,574,bei Armlänge extra lang,83.0
4551,4552,575,Kragenweite,41.5
4552,4553,575,Oberweite,116.0
4553,4554,575,Taillenweite,104.0
4554,4555,575,Rückenbreite,44.0
4555,4556,575,Hemdenlänge:,
4556,4557,575,bei Armlänge extra kurz,80.0
4557,4558,575,bei Armlänge normal,80.0
4558,4559,575,bei Armlänge extra lang,83.0
4559,4560,576,Kragenweite,43.5
4560,4561,576,Oberweite,124.0
4561,4562,576,Taillenweite,112.0
4562,4563,576,Rückenbreite,46.0
4563,4564,576,Hemdenlänge:,
4564,4565,576,bei Armlänge extra kurz,83.0
4565,4566,576,bei Armlänge normal,83.0
4566,4567,576,bei Armlänge extra lang,87.0
4567,4568,577,Kragenweite,45.5
4568,4569,577,Oberweite,132.0
4569,4570,577,Taillenweite,120.0
4570,4571,577,Rückenbreite,48.0
4571,4572,577,Hemdenlänge:,
4572,4573,577,bei Armlänge extra kurz,85.0
4573,4574,577,bei Armlänge normal,85.0
4574,4575,577,bei Armlänge extra lang,89.0
4575,4576,578,Kragenweite,47.5
4576,4577,578,Oberweite,
4577,4578,578,Taillenweite,
4578,4579,578,Rückenbreite,
4579,4580,578,Hemdenlänge:,
4580,4581,578,bei Armlänge extra kurz,
4581,4582,578,bei Armlänge normal,
4582,4583,578,bei Armlänge extra lang,
4583,4584,579,Kragenweite,49.5
4584,4585,579,Oberweite,
4585,4586,579,Taillenweite,
4586,4587,579,Rückenbreite,
4587,4588,579,Hemdenlänge:,
4588,4589,579,bei Armlänge extra kurz,
4589,4590,579,bei Armlänge normal,
4590,4591,579,bei Armlänge extra lang,
4591,4592,580,Kragenweite,52.0
4592,4593,580,Oberweite,
4593,4594,580,Taillenweite,
4594,4595,580,Rückenbreite,
4595,4596,580,Hemdenlänge:,
4596,4597,580,bei Armlänge extra kurz,
4597,4598,580,bei Armlänge normal,
4598,4599,580,bei Armlänge extra lang,
4599,4600,581,Kragenweite,54.0
4600,4601,581,Oberweite,
4601,4602,581,Taillenweite,
4602,4603,581,Rückenbreite,
4603,4604,581,Hemdenlänge:,
4604,4605,581,bei Armlänge extra kurz,
4605,4606,581,bei Armlänge normal,
4606,4607,581,bei Armlänge extra lang,
4607,4608,582,Kragenweite,36.0
4608,4609,582,Oberweite,
4609,4610,582,Taillenweite,
4610,4611,582,Rückenbreite,
4611,4612,582,Hemdenlänge:,
4612,4613,582,bei Armlänge normal,
4613,4614,582,bei Armlänge extra lang,
4614,4615,583,Kragenweite,37.5
4615,4616,583,Oberweite,114.0
4616,4617,583,Taillenweite,102.0
4617,4618,583,Rückenbreite,47.0
4618,4619,583,Hemdenlänge:,
4619,4620,583,bei Armlänge normal,82.0
4620,4621,583,bei Armlänge extra lang,85.0
4621,4622,584,Kragenweite,39.5
4622,4623,584,Oberweite,120.0
4623,4624,584,Taillenweite,106.0
4624,4625,584,Rückenbreite,485.0
4625,4626,584,Hemdenlänge:,
4626,4627,584,bei Armlänge normal,82.0
4627,4628,584,bei Armlänge extra lang,85.0
4628,4629,585,Kragenweite,41.5
4629,4630,585,Oberweite,126.0
4630,4631,585,Taillenweite,112.0
4631,4632,585,Rückenbreite,50.0
4632,4633,585,Hemdenlänge:,
4633,4634,585,bei Armlänge normal,82.0
4634,4635,585,bei Armlänge extra lang,85.0
4635,4636,586,Kragenweite,43.5
4636,4637,586,Oberweite,132.0
4637,4638,586,Taillenweite,122.0
4638,4639,586,Rückenbreite,515.0
4639,4640,586,Hemdenlänge:,
4640,4641,586,bei Armlänge normal,85.0
4641,4642,586,bei Armlänge extra lang,90.0
4642,4643,587,Kragenweite,45.5
4643,4644,587,Oberweite,138.0
4644,4645,587,Taillenweite,130.0
4645,4646,587,Rückenbreite,53.0
4646,4647,587,Hemdenlänge:,
4647,4648,587,bei Armlänge normal,85.0
4648,4649,587,bei Armlänge extra lang,90.0
4649,4650,588,Kragenweite,47.5
4650,4651,588,Oberweite,
4651,4652,588,Taillenweite,
4652,4653,588,Rückenbreite,
4653,4654,588,Hemdenlänge:,
4654,4655,588,bei Armlänge normal,
4655,4656,588,bei Armlänge extra lang,
4656,4657,589,Kragenweite,49.5
4657,4658,589,Oberweite,
4658,4659,589,Taillenweite,
4659,4660,589,Rückenbreite,
4660,4661,589,Hemdenlänge:,
4661,4662,589,bei Armlänge normal,
4662,4663,589,bei Armlänge extra lang,
4663,4664,590,Kragenweite,52.0
4664,4665,590,Oberweite,
4665,4666,590,Taillenweite,
4666,4667,590,Rückenbreite,
4667,4668,590,Hemdenlänge:,
4668,4669,590,bei Armlänge normal,
4669,4670,590,bei Armlänge extra lang,
4670,4671,591,Kragenweite,54.0
4671,4672,591,Oberweite,
4672,4673,591,Taillenweite,
4673,4674,591,Rückenbreite,
4674,4675,591,Hemdenlänge:,
4675,4676,591,bei Armlänge normal,
4676,4677,591,bei Armlänge extra lang,
4677,4678,592,Kragenweite,36.0
4678,4679,592,Oberweite,98.0
4679,4680,592,Taillenweite,86.0
4680,4681,592,Rückenbreite,38.0
4681,4682,592,Hemdenlänge:,
4682,4683,592,bei Armlänge normal,76.0
4683,4684,592,bei Armlänge extra lang,
4684,4685,593,Kragenweite,37.5
4685,4686,593,Oberweite,104.0
4686,4687,593,Taillenweite,92.0
4687,4688,593,Rückenbreite,40.0
4688,4689,593,Hemdenlänge:,
4689,4690,593,bei Armlänge normal,78.0
4690,4691,593,bei Armlänge extra lang,81.0
4691,4692,594,Kragenweite,39.5
4692,4693,594,Oberweite,110.0
4693,4694,594,Taillenweite,98.0
4694,4695,594,Rückenbreite,42.0
4695,4696,594,Hemdenlänge:,
4696,4697,594,bei Armlänge normal,80.0
4697,4698,594,bei Armlänge extra lang,83.0
4698,4699,595,Kragenweite,41.5
4699,4700,595,Oberweite,116.0
4700,4701,595,Taillenweite,104.0
4701,4702,595,Rückenbreite,44.0
4702,4703,595,Hemdenlänge:,
4703,4704,595,bei Armlänge normal,80.0
4704,4705,595,bei Armlänge extra lang,83.0
4705,4706,596,Kragenweite,43.5
4706,4707,596,Oberweite,124.0
4707,4708,596,Taillenweite,112.0
4708,4709,596,Rückenbreite,46.0
4709,4710,596,Hemdenlänge:,
4710,4711,596,bei Armlänge normal,83.0
4711,4712,596,bei Armlänge extra lang,87.0
4712,4713,597,Kragenweite,45.5
4713,4714,597,Oberweite,
4714,4715,597,Taillenweite,
4715,4716,597,Rückenbreite,
4716,4717,597,Hemdenlänge:,
4717,4718,597,bei Armlänge normal,
4718,4719,597,bei Armlänge extra lang,
4719,4720,598,Kragenweite,47.5
4720,4721,598,Oberweite,
4721,4722,598,Taillenweite,
4722,4723,598,Rückenbreite,
4723,4724,598,Hemdenlänge:,
4724,4725,598,bei Armlänge normal,
4725,4726,598,bei Armlänge extra lang,
4726,4727,599,Kragenweite,49.5
4727,4728,599,Oberweite,
4728,4729,599,Taillenweite,
4729,4730,599,Rückenbreite,
4730,4731,599,Hemdenlänge:,
4731,4732,599,bei Armlänge normal,
4732,4733,599,bei Armlänge extra lang,
4733,4734,600,Kragenweite,52.0
4734,4735,600,Oberweite,
4735,4736,600,Taillenweite,
4736,4737,600,Rückenbreite,
4737,4738,600,Hemdenlänge:,
4738,4739,600,bei Armlänge normal,
4739,4740,600,bei Armlänge extra lang,
4740,4741,601,Kragenweite,54.0
4741,4742,601,Oberweite,
4742,4743,601,Taillenweite,
4743,4744,601,Rückenbreite,
4744,4745,601,Hemdenlänge:,
4745,4746,601,bei Armlänge normal,
4746,4747,601,bei Armlänge extra lang,
4747,4748,602,Kragenweite,36.0
4748,4749,602,Oberweite,98.0
4749,4750,602,Taillenweite,86.0
4750,4751,602,Rückenbreite,38.0
4751,4752,602,Hemdenlänge:,
4752,4753,602,bei Armlänge extra kurz,76.0
4753,4754,602,bei Armlänge normal,76.0
4754,4755,602,bei Armlänge extra lang,79.0
4755,4756,603,Kragenweite,37.5
4756,4757,603,Oberweite,104.0
4757,4758,603,Taillenweite,92.0
4758,4759,603,Rückenbreite,40.0
4759,4760,603,Hemdenlänge:,
4760,4761,603,bei Armlänge extra kurz,78.0
4761,4762,603,bei Armlänge normal,78.0
4762,4763,603,bei Armlänge extra lang,81.0
4763,4764,604,Kragenweite,39.5
4764,4765,604,Oberweite,110.0
4765,4766,604,Taillenweite,98.0
4766,4767,604,Rückenbreite,42.0
4767,4768,604,Hemdenlänge:,
4768,4769,604,bei Armlänge extra kurz,80.0
4769,4770,604,bei Armlänge normal,80.0
4770,4771,604,bei Armlänge extra lang,83.0
4771,4772,605,Kragenweite,41.5
4772,4773,605,Oberweite,116.0
4773,4774,605,Taillenweite,104.0
4774,4775,605,Rückenbreite,44.0
4775,4776,605,Hemdenlänge:,
4776,4777,605,bei Armlänge extra kurz,80.0
4777,4778,605,bei Armlänge normal,80.0
4778,4779,605,bei Armlänge extra lang,83.0
4779,4780,606,Kragenweite,43.5
4780,4781,606,Oberweite,124.0
4781,4782,606,Taillenweite,112.0
4782,4783,606,Rückenbreite,46.0
4783,4784,606,Hemdenlänge:,
4784,4785,606,bei Armlänge extra kurz,83.0
4785,4786,606,bei Armlänge normal,83.0
4786,4787,606,bei Armlänge extra lang,87.0
4787,4788,607,Kragenweite,45.5
4788,4789,607,Oberweite,132.0
4789,4790,607,Taillenweite,120.0
4790,4791,607,Rückenbreite,48.0
4791,4792,607,Hemdenlänge:,
4792,4793,607,bei Armlänge extra kurz,85.0
4793,4794,607,bei Armlänge normal,85.0
4794,4795,607,bei Armlänge extra lang,89.0
4795,4796,608,Kragenweite,47.5
4796,4797,608,Oberweite,
4797,4798,608,Taillenweite,
4798,4799,608,Rückenbreite,
4799,4800,608,Hemdenlänge:,
4800,4801,608,bei Armlänge extra kurz,
4801,4802,608,bei Armlänge normal,
4802,4803,608,bei Armlänge extra lang,
4803,4804,609,Kragenweite,49.5
4804,4805,609,Oberweite,
4805,4806,609,Taillenweite,
4806,4807,609,Rückenbreite,
4807,4808,609,Hemdenlänge:,
4808,4809,609,bei Armlänge extra kurz,
4809,4810,609,bei Armlänge normal,
4810,4811,609,bei Armlänge extra lang,
4811,4812,610,Kragenweite,52.0
4812,4813,610,Oberweite,
4813,4814,610,Taillenweite,
4814,4815,610,Rückenbreite,
4815,4816,610,Hemdenlänge:,
4816,4817,610,bei Armlänge extra kurz,
4817,4818,610,bei Armlänge normal,
4818,4819,610,bei Armlänge extra lang,
4819,4820,611,Kragenweite,54.0
4820,4821,611,Oberweite,
4821,4822,611,Taillenweite,
4822,4823,611,Rückenbreite,
4823,4824,611,Hemdenlänge:,
4824,4825,611,bei Armlänge extra kurz,
4825,4826,611,bei Armlänge normal,
4826,4827,611,bei Armlänge extra lang,
4827,4828,612,Kragenweite,36.0
4828,4829,612,Oberweite,
4829,4830,612,Taillenweite,
4830,4831,612,Rückenbreite,
4831,4832,612,Hemdenlänge:,
4832,4833,612,bei Armlänge normal,
4833,4834,612,bei Armlänge extra lang,
4834,4835,613,Kragenweite,37.5
4835,4836,613,Oberweite,114.0
4836,4837,613,Taillenweite,102.0
4837,4838,613,Rückenbreite,47.0
4838,4839,613,Hemdenlänge:,
4839,4840,613,bei Armlänge normal,82.0
4840,4841,613,bei Armlänge extra lang,85.0
4841,4842,614,Kragenweite,39.5
4842,4843,614,Oberweite,120.0
4843,4844,614,Taillenweite,106.0
4844,4845,614,Rückenbreite,485.0
4845,4846,614,Hemdenlänge:,
4846,4847,614,bei Armlänge normal,82.0
4847,4848,614,bei Armlänge extra lang,85.0
4848,4849,615,Kragenweite,41.5
4849,4850,615,Oberweite,126.0
4850,4851,615,Taillenweite,112.0
4851,4852,615,Rückenbreite,50.0
4852,4853,615,Hemdenlänge:,
4853,4854,615,bei Armlänge normal,82.0
4854,4855,615,bei Armlänge extra lang,85.0
4855,4856,616,Kragenweite,43.5
4856,4857,616,Oberweite,132.0
4857,4858,616,Taillenweite,122.0
4858,4859,616,Rückenbreite,515.0
4859,4860,616,Hemdenlänge:,
4860,4861,616,bei Armlänge normal,85.0
4861,4862,616,bei Armlänge extra lang,90.0
4862,4863,617,Kragenweite,45.5
4863,4864,617,Oberweite,138.0
4864,4865,617,Taillenweite,130.0
4865,4866,617,Rückenbreite,53.0
4866,4867,617,Hemdenlänge:,
4867,4868,617,bei Armlänge normal,85.0
4868,4869,617,bei Armlänge extra lang,90.0
4869,4870,618,Kragenweite,47.5
4870,4871,618,Oberweite,
4871,4872,618,Taillenweite,
4872,4873,618,Rückenbreite,
4873,4874,618,Hemdenlänge:,
4874,4875,618,bei Armlänge normal,
4875,4876,618,bei Armlänge extra lang,
4876,4877,619,Kragenweite,49.5
4877,4878,619,Oberweite,
4878,4879,619,Taillenweite,
4879,4880,619,Rückenbreite,
4880,4881,619,Hemdenlänge:,
4881,4882,619,bei Armlänge normal,
4882,4883,619,bei Armlänge extra lang,
4883,4884,620,Kragenweite,52.0
4884,4885,620,Oberweite,
4885,4886,620,Taillenweite,
4886,4887,620,Rückenbreite,
4887,4888,620,Hemdenlänge:,
4888,4889,620,bei Armlänge normal,
4889,4890,620,bei Armlänge extra lang,
4890,4891,621,Kragenweite,54.0
4891,4892,621,Oberweite,
4892,4893,621,Taillenweite,
4893,4894,621,Rückenbreite,
4894,4895,621,Hemdenlänge:,
4895,4896,621,bei Armlänge normal,
4896,4897,621,bei Armlänge extra lang,
4897,4898,622,Kragenweite,36.0
4898,4899,622,Oberweite,108.0
4899,4900,622,Taillenweite,98.0
4900,4901,622,Hüftweite,
4901,4902,622,Rückenbreite,455.0
4902,4903,622,Hemdenlänge:,
4903,4904,622,bei Armlänge extra kurz,82.0
4904,4905,622,bei Armlänge normal,82.0
4905,4906,622,bei Armlänge extra lang,85.0
4906,4907,623,Kragenweite,37.5
4907,4908,623,Oberweite,114.0
4908,4909,623,Taillenweite,102.0
4909,4910,623,Hüftweite,106.0
4910,4911,623,Rückenbreite,47.0
4911,4912,623,Hemdenlänge:,
4912,4913,623,bei Armlänge extra kurz,82.0
4913,4914,623,bei Armlänge normal,82.0
4914,4915,623,bei Armlänge extra lang,85.0
4915,4916,624,Kragenweite,39.5
4916,4917,624,Oberweite,120.0
4917,4918,624,Taillenweite,106.0
4918,4919,624,Hüftweite,112.0
4919,4920,624,Rückenbreite,485.0
4920,4921,624,Hemdenlänge:,
4921,4922,624,bei Armlänge extra kurz,82.0
4922,4923,624,bei Armlänge normal,82.0
4923,4924,624,bei Armlänge extra lang,85.0
4924,4925,625,Kragenweite,41.5
4925,4926,625,Oberweite,126.0
4926,4927,625,Taillenweite,112.0
4927,4928,625,Hüftweite,118.0
4928,4929,625,Rückenbreite,50.0
4929,4930,625,Hemdenlänge:,
4930,4931,625,bei Armlänge extra kurz,82.0
4931,4932,625,bei Armlänge normal,82.0
4932,4933,625,bei Armlänge extra lang,85.0
4933,4934,626,Kragenweite,43.5
4934,4935,626,Oberweite,132.0
4935,4936,626,Taillenweite,122.0
4936,4937,626,Hüftweite,124.0
4937,4938,626,Rückenbreite,515.0
4938,4939,626,Hemdenlänge:,
4939,4940,626,bei Armlänge extra kurz,82.0
4940,4941,626,bei Armlänge normal,85.0
4941,4942,626,bei Armlänge extra lang,90.0
4942,4943,627,Kragenweite,45.5
4943,4944,627,Oberweite,138.0
4944,4945,627,Taillenweite,130.0
4945,4946,627,Hüftweite,130.0
4946,4947,627,Rückenbreite,53.0
4947,4948,627,Hemdenlänge:,
4948,4949,627,bei Armlänge extra kurz,84.0
4949,4950,627,bei Armlänge normal,85.0
4950,4951,627,bei Armlänge extra lang,90.0
4951,4952,628,Kragenweite,47.5
4952,4953,628,Oberweite,144.0
4953,4954,628,Taillenweite,138.0
4954,4955,628,Hüftweite,136.0
4955,4956,628,Rückenbreite,545.0
4956,4957,628,Hemdenlänge:,
4957,4958,628,bei Armlänge extra kurz,84.0
4958,4959,628,bei Armlänge normal,90.0
4959,4960,628,bei Armlänge extra lang,90.0
4960,4961,629,Kragenweite,49.5
4961,4962,629,Oberweite,152.0
4962,4963,629,Taillenweite,144.0
4963,4964,629,Hüftweite,
4964,4965,629,Rückenbreite,565.0
4965,4966,629,Hemdenlänge:,
4966,4967,629,bei Armlänge extra kurz,86.0
4967,4968,629,bei Armlänge normal,95.0
4968,4969,629,bei Armlänge extra lang,95.0
4969,4970,630,Kragenweite,52.0
4970,4971,630,Oberweite,
4971,4972,630,Taillenweite,
4972,4973,630,Hüftweite,
4973,4974,630,Rückenbreite,
4974,4975,630,Hemdenlänge:,
4975,4976,630,bei Armlänge extra kurz,
4976,4977,630,bei Armlänge normal,
4977,4978,630,bei Armlänge extra lang,
4978,4979,631,Kragenweite,54.0
4979,4980,631,Oberweite,
4980,4981,631,Taillenweite,
4981,4982,631,Hüftweite,
4982,4983,631,Rückenbreite,
4983,4984,631,Hemdenlänge:,
4984,4985,631,bei Armlänge extra kurz,
4985,4986,631,bei Armlänge normal,
4986,4987,631,bei Armlänge extra lang,
4987,4988,632,Kragenweite,39.5
4988,4989,632,Oberweite,122.0
4989,4990,632,Taillenweite,118.0
4990,4991,632,Hüftweite,116.0
4991,4992,632,Rückenbreite,495.0
4992,4993,632,Hemdenlänge:,
4993,4994,632,bei Armlänge extra kurz,80.0
4994,4995,632,bei Armlänge normal,80.0
4995,4996,632,bei Armlänge extra lang,84.0
4996,4997,633,Kragenweite,41.5
4997,4998,633,Oberweite,128.0
4998,4999,633,Taillenweite,124.0
4999,5000,633,Hüftweite,122.0
5000,5001,633,Rückenbreite,51.0
5001,5002,633,Hemdenlänge:,
5002,5003,633,bei Armlänge extra kurz,82.0
5003,5004,633,bei Armlänge normal,82.0
5004,5005,633,bei Armlänge extra lang,86.0
5005,5006,634,Kragenweite,43.5
5006,5007,634,Oberweite,134.0
5007,5008,634,Taillenweite,132.0
5008,5009,634,Hüftweite,128.0
5009,5010,634,Rückenbreite,525.0
5010,5011,634,Hemdenlänge:,
5011,5012,634,bei Armlänge extra kurz,82.0
5012,5013,634,bei Armlänge normal,82.0
5013,5014,634,bei Armlänge extra lang,86.0
5014,5015,635,Kragenweite,45.5
5015,5016,635,Oberweite,140.0
5016,5017,635,Taillenweite,140.0
5017,5018,635,Hüftweite,136.0
5018,5019,635,Rückenbreite,54.0
5019,5020,635,Hemdenlänge:,
5020,5021,635,bei Armlänge extra kurz,84.0
5021,5022,635,bei Armlänge normal,84.0
5022,5023,635,bei Armlänge extra lang,88.0
5023,5024,636,Kragenweite,47.5
5024,5025,636,Oberweite,148.0
5025,5026,636,Taillenweite,148.0
5026,5027,636,Hüftweite,144.0
5027,5028,636,Rückenbreite,555.0
5028,5029,636,Hemdenlänge:,
5029,5030,636,bei Armlänge extra kurz,84.0
5030,5031,636,bei Armlänge normal,84.0
5031,5032,636,bei Armlänge extra lang,88.0
5032,5033,637,Kragenweite,49.5
5033,5034,637,Oberweite,156.0
5034,5035,637,Taillenweite,156.0
5035,5036,637,Hüftweite,152.0
5036,5037,637,Rückenbreite,575.0
5037,5038,637,Hemdenlänge:,
5038,5039,637,bei Armlänge extra kurz,86.0
5039,5040,637,bei Armlänge normal,86.0
5040,5041,637,bei Armlänge extra lang,
5041,5042,638,Kragenweite,52.0
5042,5043,638,Oberweite,164.0
5043,5044,638,Taillenweite,164.0
5044,5045,638,Hüftweite,160.0
5045,5046,638,Rückenbreite,595.0
5046,5047,638,Hemdenlänge:,
5047,5048,638,bei Armlänge extra kurz,
5048,5049,638,bei Armlänge normal,86.0
5049,5050,638,bei Armlänge extra lang,
5050,5051,639,Kragenweite,54.0
5051,5052,639,Oberweite,172.0
5052,5053,639,Taillenweite,172.0
5053,5054,639,Hüftweite,168.0
5054,5055,639,Rückenbreite,615.0
5055,5056,639,Hemdenlänge:,
5056,5057,639,bei Armlänge extra kurz,
5057,5058,639,bei Armlänge normal,88.0
5058,5059,639,bei Armlänge extra lang,
5059,5060,640,Kragenweite,
5060,5061,640,Oberweite,
5061,5062,640,Taillenweite,
5062,5063,640,Hüftweite,
5063,5064,640,Rückenbreite,
5064,5065,640,Hemdenlänge:,
5065,5066,640,bei Armlänge extra kurz,
5066,5067,640,bei Armlänge normal,
5067,5068,640,bei Armlänge extra lang,
5068,5069,641,Kragenweite,
5069,5070,641,Oberweite,
5070,5071,641,Taillenweite,
5071,5072,641,Hüftweite,
5072,5073,641,Rückenbreite,
5073,5074,641,Hemdenlänge:,
5074,5075,641,bei Armlänge extra kurz,
5075,5076,641,bei Armlänge normal,
5076,5077,641,bei Armlänge extra lang,
5077,5078,642,Kragenweite,36.0
5078,5079,642,Oberweite,108.0
5079,5080,642,Taillenweite,98.0
5080,5081,642,Hüftweite,
5081,5082,642,Rückenbreite,455.0
5082,5083,642,Hemdenlänge:,
5083,5084,642,bei Armlänge extra kurz,82.0
5084,5085,642,bei Armlänge normal,82.0
5085,5086,642,bei Armlänge extra lang,85.0
5086,5087,643,Kragenweite,37.5
5087,5088,643,Oberweite,114.0
5088,5089,643,Taillenweite,102.0
5089,5090,643,Hüftweite,106.0
5090,5091,643,Rückenbreite,47.0
5091,5092,643,Hemdenlänge:,
5092,5093,643,bei Armlänge extra kurz,82.0
5093,5094,643,bei Armlänge normal,82.0
5094,5095,643,bei Armlänge extra lang,85.0
5095,5096,644,Kragenweite,39.5
5096,5097,644,Oberweite,120.0
5097,5098,644,Taillenweite,106.0
5098,5099,644,Hüftweite,112.0
5099,5100,644,Rückenbreite,485.0
5100,5101,644,Hemdenlänge:,
5101,5102,644,bei Armlänge extra kurz,82.0
5102,5103,644,bei Armlänge normal,82.0
5103,5104,644,bei Armlänge extra lang,85.0
5104,5105,645,Kragenweite,41.5
5105,5106,645,Oberweite,126.0
5106,5107,645,Taillenweite,112.0
5107,5108,645,Hüftweite,118.0
5108,5109,645,Rückenbreite,50.0
5109,5110,645,Hemdenlänge:,
5110,5111,645,bei Armlänge extra kurz,82.0
5111,5112,645,bei Armlänge normal,82.0
5112,5113,645,bei Armlänge extra lang,85.0
5113,5114,646,Kragenweite,43.5
5114,5115,646,Oberweite,132.0
5115,5116,646,Taillenweite,122.0
5116,5117,646,Hüftweite,124.0
5117,5118,646,Rückenbreite,515.0
5118,5119,646,Hemdenlänge:,
5119,5120,646,bei Armlänge extra kurz,82.0
5120,5121,646,bei Armlänge normal,85.0
5121,5122,646,bei Armlänge extra lang,90.0
5122,5123,647,Kragenweite,45.5
5123,5124,647,Oberweite,138.0
5124,5125,647,Taillenweite,130.0
5125,5126,647,Hüftweite,130.0
5126,5127,647,Rückenbreite,53.0
5127,5128,647,Hemdenlänge:,
5128,5129,647,bei Armlänge extra kurz,84.0
5129,5130,647,bei Armlänge normal,85.0
5130,5131,647,bei Armlänge extra lang,90.0
5131,5132,648,Kragenweite,47.5
5132,5133,648,Oberweite,144.0
5133,5134,648,Taillenweite,138.0
5134,5135,648,Hüftweite,136.0
5135,5136,648,Rückenbreite,545.0
5136,5137,648,Hemdenlänge:,
5137,5138,648,bei Armlänge extra kurz,84.0
5138,5139,648,bei Armlänge normal,90.0
5139,5140,648,bei Armlänge extra lang,90.0
5140,5141,649,Kragenweite,49.5
5141,5142,649,Oberweite,152.0
5142,5143,649,Taillenweite,144.0
5143,5144,649,Hüftweite,
5144,5145,649,Rückenbreite,565.0
5145,5146,649,Hemdenlänge:,
5146,5147,649,bei Armlänge extra kurz,86.0
5147,5148,649,bei Armlänge normal,95.0
5148,5149,649,bei Armlänge extra lang,95.0
5149,5150,650,Kragenweite,52.0
5150,5151,650,Oberweite,
5151,5152,650,Taillenweite,
5152,5153,650,Hüftweite,
5153,5154,650,Rückenbreite,
5154,5155,650,Hemdenlänge:,
5155,5156,650,bei Armlänge extra kurz,
5156,5157,650,bei Armlänge normal,
5157,5158,650,bei Armlänge extra lang,
5158,5159,651,Kragenweite,54.0
5159,5160,651,Oberweite,
5160,5161,651,Taillenweite,
5161,5162,651,Hüftweite,
5162,5163,651,Rückenbreite,
5163,5164,651,Hemdenlänge:,
5164,5165,651,bei Armlänge extra kurz,
5165,5166,651,bei Armlänge normal,
5166,5167,651,bei Armlänge extra lang,
5167,5168,652,Kragenweite,36.0
5168,5169,652,Oberweite,102.0
5169,5170,652,Taillenweite,98.0
5170,5171,652,Schulterbreite,145.0
5171,5172,652,Hemdenlänge:,
5172,5173,652,bei Armlänge normal,81.0
5173,5174,652,bei Armlänge extra lang,88.0
5174,5175,653,Kragenweite,37.5
5175,5176,653,Oberweite,110.0
5176,5177,653,Taillenweite,106.0
5177,5178,653,Schulterbreite,153.0
5178,5179,653,Hemdenlänge:,
5179,5180,653,bei Armlänge normal,82.0
5180,5181,653,bei Armlänge extra lang,89.0
5181,5182,654,Kragenweite,39.5
5182,5183,654,Oberweite,118.0
5183,5184,654,Taillenweite,114.0
5184,5185,654,Schulterbreite,16.0
5185,5186,654,Hemdenlänge:,
5186,5187,654,bei Armlänge normal,82.0
5187,5188,654,bei Armlänge extra lang,89.0
5188,5189,655,Kragenweite,41.5
5189,5190,655,Oberweite,126.0
5190,5191,655,Taillenweite,122.0
5191,5192,655,Schulterbreite,168.0
5192,5193,655,Hemdenlänge:,
5193,5194,655,bei Armlänge normal,83.0
5194,5195,655,bei Armlänge extra lang,90.0
5195,5196,656,Kragenweite,43.5
5196,5197,656,Oberweite,134.0
5197,5198,656,Taillenweite,134.0
5198,5199,656,Schulterbreite,175.0
5199,5200,656,Hemdenlänge:,
5200,5201,656,bei Armlänge normal,85.0
5201,5202,656,bei Armlänge extra lang,92.0
5202,5203,657,Kragenweite,45.5
5203,5204,657,Oberweite,144.0
5204,5205,657,Taillenweite,144.0
5205,5206,657,Schulterbreite,189.0
5206,5207,657,Hemdenlänge:,
5207,5208,657,bei Armlänge normal,88.0
5208,5209,657,bei Armlänge extra lang,95.0
5209,5210,658,Kragenweite,47.5
5210,5211,658,Oberweite,154.0
5211,5212,658,Taillenweite,154.0
5212,5213,658,Schulterbreite,199.0
5213,5214,658,Hemdenlänge:,
5214,5215,658,bei Armlänge normal,90.0
5215,5216,658,bei Armlänge extra lang,95.0
5216,5217,659,Kragenweite,49.5
5217,5218,659,Oberweite,164.0
5218,5219,659,Taillenweite,164.0
5219,5220,659,Schulterbreite,209.0
5220,5221,659,Hemdenlänge:,
5221,5222,659,bei Armlänge normal,90.0
5222,5223,659,bei Armlänge extra lang,95.0
5223,5224,660,Kragenweite,52.0
5224,5225,660,Oberweite,170.0
5225,5226,660,Taillenweite,172.0
5226,5227,660,Schulterbreite,219.0
5227,5228,660,Hemdenlänge:,
5228,5229,660,bei Armlänge normal,93.0
5229,5230,660,bei Armlänge extra lang,95.0
5230,5231,661,Kragenweite,54.0
5231,5232,661,Oberweite,180.0
5232,5233,661,Taillenweite,182.0
5233,5234,661,Schulterbreite,229.0
5234,5235,661,Hemdenlänge:,
5235,5236,661,bei Armlänge normal,93.0
5236,5237,661,bei Armlänge extra lang,95.0
5237,5238,662,Kragenweite,56.0
5238,5239,662,Oberweite,192.0
5239,5240,662,Taillenweite,194.0
5240,5241,662,Schulterbreite,237.0
5241,5242,662,Hemdenlänge:,
5242,5243,662,bei Armlänge normal,93.0
5243,5244,662,bei Armlänge extra lang,95.0
5244,5245,663,Kragenweite,36.0
5245,5246,663,Oberweite,108.0
5246,5247,663,Taillenweite,98.0
5247,5248,663,Hüftweite,
5248,5249,663,Rückenbreite,455.0
5249,5250,663,Hemdenlänge:,
5250,5251,663,bei Armlänge extra kurz,82.0
5251,5252,663,bei Armlänge normal,82.0
5252,5253,663,bei Armlänge extra lang,85.0
5253,5254,664,Kragenweite,37.5
5254,5255,664,Oberweite,114.0
5255,5256,664,Taillenweite,102.0
5256,5257,664,Hüftweite,106.0
5257,5258,664,Rückenbreite,47.0
5258,5259,664,Hemdenlänge:,
5259,5260,664,bei Armlänge extra kurz,82.0
5260,5261,664,bei Armlänge normal,82.0
5261,5262,664,bei Armlänge extra lang,85.0
5262,5263,665,Kragenweite,39.5
5263,5264,665,Oberweite,120.0
5264,5265,665,Taillenweite,106.0
5265,5266,665,Hüftweite,112.0
5266,5267,665,Rückenbreite,485.0
5267,5268,665,Hemdenlänge:,
5268,5269,665,bei Armlänge extra kurz,82.0
5269,5270,665,bei Armlänge normal,82.0
5270,5271,665,bei Armlänge extra lang,85.0
5271,5272,666,Kragenweite,41.5
5272,5273,666,Oberweite,126.0
5273,5274,666,Taillenweite,112.0
5274,5275,666,Hüftweite,118.0
5275,5276,666,Rückenbreite,50.0
5276,5277,666,Hemdenlänge:,
5277,5278,666,bei Armlänge extra kurz,82.0
5278,5279,666,bei Armlänge normal,82.0
5279,5280,666,bei Armlänge extra lang,85.0
5280,5281,667,Kragenweite,43.5
5281,5282,667,Oberweite,132.0
5282,5283,667,Taillenweite,122.0
5283,5284,667,Hüftweite,124.0
5284,5285,667,Rückenbreite,515.0
5285,5286,667,Hemdenlänge:,
5286,5287,667,bei Armlänge extra kurz,82.0
5287,5288,667,bei Armlänge normal,85.0
5288,5289,667,bei Armlänge extra lang,90.0
5289,5290,668,Kragenweite,45.5
5290,5291,668,Oberweite,138.0
5291,5292,668,Taillenweite,130.0
5292,5293,668,Hüftweite,130.0
5293,5294,668,Rückenbreite,53.0
5294,5295,668,Hemdenlänge:,
5295,5296,668,bei Armlänge extra kurz,84.0
5296,5297,668,bei Armlänge normal,85.0
5297,5298,668,bei Armlänge extra lang,90.0
5298,5299,669,Kragenweite,47.5
5299,5300,669,Oberweite,144.0
5300,5301,669,Taillenweite,138.0
5301,5302,669,Hüftweite,136.0
5302,5303,669,Rückenbreite,545.0
5303,5304,669,Hemdenlänge:,
5304,5305,669,bei Armlänge extra kurz,84.0
5305,5306,669,bei Armlänge normal,90.0
5306,5307,669,bei Armlänge extra lang,90.0
5307,5308,670,Kragenweite,49.5
5308,5309,670,Oberweite,152.0
5309,5310,670,Taillenweite,144.0
5310,5311,670,Hüftweite,
5311,5312,670,Rückenbreite,565.0
5312,5313,670,Hemdenlänge:,
5313,5314,670,bei Armlänge extra kurz,86.0
5314,5315,670,bei Armlänge normal,95.0
5315,5316,670,bei Armlänge extra lang,95.0
5316,5317,671,Kragenweite,52.0
5317,5318,671,Oberweite,
5318,5319,671,Taillenweite,
5319,5320,671,Hüftweite,
5320,5321,671,Rückenbreite,
5321,5322,671,Hemdenlänge:,
5322,5323,671,bei Armlänge extra kurz,
5323,5324,671,bei Armlänge normal,
5324,5325,671,bei Armlänge extra lang,
5325,5326,672,Kragenweite,54.0
5326,5327,672,Oberweite,
5327,5328,672,Taillenweite,
5328,5329,672,Hüftweite,
5329,5330,672,Rückenbreite,
5330,5331,672,Hemdenlänge:,
5331,5332,672,bei Armlänge extra kurz,
5332,5333,672,bei Armlänge normal,
5333,5334,672,bei Armlänge extra lang,
5334,5335,673,Kragenweite,36.0
5335,5336,673,Oberweite,98.0
5336,5337,673,Taillenweite,86.0
5337,5338,673,Rückenbreite,38.0
5338,5339,673,Hemdenlänge:,
5339,5340,673,bei Armlänge extra kurz,76.0
5340,5341,673,bei Armlänge normal,76.0
5341,5342,673,bei Armlänge extra lang,79.0
5342,5343,674,Kragenweite,37.5
5343,5344,674,Oberweite,104.0
5344,5345,674,Taillenweite,92.0
5345,5346,674,Rückenbreite,40.0
5346,5347,674,Hemdenlänge:,
5347,5348,674,bei Armlänge extra kurz,78.0
5348,5349,674,bei Armlänge normal,78.0
5349,5350,674,bei Armlänge extra lang,81.0
5350,5351,675,Kragenweite,39.5
5351,5352,675,Oberweite,110.0
5352,5353,675,Taillenweite,98.0
5353,5354,675,Rückenbreite,42.0
5354,5355,675,Hemdenlänge:,
5355,5356,675,bei Armlänge extra kurz,80.0
5356,5357,675,bei Armlänge normal,80.0
5357,5358,675,bei Armlänge extra lang,83.0
5358,5359,676,Kragenweite,41.5
5359,5360,676,Oberweite,116.0
5360,5361,676,Taillenweite,104.0
5361,5362,676,Rückenbreite,44.0
5362,5363,676,Hemdenlänge:,
5363,5364,676,bei Armlänge extra kurz,80.0
5364,5365,676,bei Armlänge normal,80.0
5365,5366,676,bei Armlänge extra lang,83.0
5366,5367,677,Kragenweite,43.5
5367,5368,677,Oberweite,124.0
5368,5369,677,Taillenweite,112.0
5369,5370,677,Rückenbreite,46.0
5370,5371,677,Hemdenlänge:,
5371,5372,677,bei Armlänge extra kurz,83.0
5372,5373,677,bei Armlänge normal,83.0
5373,5374,677,bei Armlänge extra lang,87.0
5374,5375,678,Kragenweite,45.5
5375,5376,678,Oberweite,132.0
5376,5377,678,Taillenweite,120.0
5377,5378,678,Rückenbreite,48.0
5378,5379,678,Hemdenlänge:,
5379,5380,678,bei Armlänge extra kurz,85.0
5380,5381,678,bei Armlänge normal,85.0
5381,5382,678,bei Armlänge extra lang,89.0
5382,5383,679,Kragenweite,47.5
5383,5384,679,Oberweite,
5384,5385,679,Taillenweite,
5385,5386,679,Rückenbreite,
5386,5387,679,Hemdenlänge:,
5387,5388,679,bei Armlänge extra kurz,
5388,5389,679,bei Armlänge normal,
5389,5390,679,bei Armlänge extra lang,
5390,5391,680,Kragenweite,49.5
5391,5392,680,Oberweite,
5392,5393,680,Taillenweite,
5393,5394,680,Rückenbreite,
5394,5395,680,Hemdenlänge:,
5395,5396,680,bei Armlänge extra kurz,
5396,5397,680,bei Armlänge normal,
5397,5398,680,bei Armlänge extra lang,
5398,5399,681,Kragenweite,52.0
5399,5400,681,Oberweite,
5400,5401,681,Taillenweite,
5401,5402,681,Rückenbreite,
5402,5403,681,Hemdenlänge:,
5403,5404,681,bei Armlänge extra kurz,
5404,5405,681,bei Armlänge normal,
5405,5406,681,bei Armlänge extra lang,
5406,5407,682,Kragenweite,54.0
5407,5408,682,Oberweite,
5408,5409,682,Taillenweite,
5409,5410,682,Rückenbreite,
5410,5411,682,Hemdenlänge:,
5411,5412,682,bei Armlänge extra kurz,
5412,5413,682,bei Armlänge normal,
5413,5414,682,bei Armlänge extra lang,
5414,5415,683,Kragenweite,36.0
5415,5416,683,Oberweite,102.0
5416,5417,683,Taillenweite,98.0
5417,5418,683,Schulterbreite,145.0
5418,5419,683,Hemdenlänge:,
5419,5420,683,bei Armlänge normal,81.0
5420,5421,683,bei Armlänge extra lang,88.0
5421,5422,684,Kragenweite,37.5
5422,5423,684,Oberweite,110.0
5423,5424,684,Taillenweite,106.0
5424,5425,684,Schulterbreite,153.0
5425,5426,684,Hemdenlänge:,
5426,5427,684,bei Armlänge normal,82.0
5427,5428,684,bei Armlänge extra lang,89.0
5428,5429,685,Kragenweite,39.5
5429,5430,685,Oberweite,118.0
5430,5431,685,Taillenweite,114.0
5431,5432,685,Schulterbreite,16.0
5432,5433,685,Hemdenlänge:,
5433,5434,685,bei Armlänge normal,82.0
5434,5435,685,bei Armlänge extra lang,89.0
5435,5436,686,Kragenweite,41.5
5436,5437,686,Oberweite,126.0
5437,5438,686,Taillenweite,122.0
5438,5439,686,Schulterbreite,168.0
5439,5440,686,Hemdenlänge:,
5440,5441,686,bei Armlänge normal,83.0
5441,5442,686,bei Armlänge extra lang,90.0
5442,5443,687,Kragenweite,43.5
5443,5444,687,Oberweite,134.0
5444,5445,687,Taillenweite,134.0
5445,5446,687,Schulterbreite,175.0
5446,5447,687,Hemdenlänge:,
5447,5448,687,bei Armlänge normal,85.0
5448,5449,687,bei Armlänge extra lang,92.0
5449,5450,688,Kragenweite,45.5
5450,5451,688,Oberweite,144.0
5451,5452,688,Taillenweite,144.0
5452,5453,688,Schulterbreite,189.0
5453,5454,688,Hemdenlänge:,
5454,5455,688,bei Armlänge normal,88.0
5455,5456,688,bei Armlänge extra lang,95.0
5456,5457,689,Kragenweite,47.5
5457,5458,689,Oberweite,154.0
5458,5459,689,Taillenweite,154.0
5459,5460,689,Schulterbreite,199.0
5460,5461,689,Hemdenlänge:,
5461,5462,689,bei Armlänge normal,90.0
5462,5463,689,bei Armlänge extra lang,95.0
5463,5464,690,Kragenweite,49.5
5464,5465,690,Oberweite,164.0
5465,5466,690,Taillenweite,164.0
5466,5467,690,Schulterbreite,209.0
5467,5468,690,Hemdenlänge:,
5468,5469,690,bei Armlänge normal,90.0
5469,5470,690,bei Armlänge extra lang,95.0
5470,5471,691,Kragenweite,52.0
5471,5472,691,Oberweite,170.0
5472,5473,691,Taillenweite,172.0
5473,5474,691,Schulterbreite,219.0
5474,5475,691,Hemdenlänge:,
5475,5476,691,bei Armlänge normal,93.0
5476,5477,691,bei Armlänge extra lang,95.0
5477,5478,692,Kragenweite,54.0
5478,5479,692,Oberweite,180.0
5479,5480,692,Taillenweite,182.0
5480,5481,692,Schulterbreite,229.0
5481,5482,692,Hemdenlänge:,
5482,5483,692,bei Armlänge normal,93.0
5483,5484,692,bei Armlänge extra lang,95.0
5484,5485,693,Kragenweite,56.0
5485,5486,693,Oberweite,192.0
5486,5487,693,Taillenweite,194.0
5487,5488,693,Schulterbreite,237.0
5488,5489,693,Hemdenlänge:,
5489,5490,693,bei Armlänge normal,93.0
5490,5491,693,bei Armlänge extra lang,95.0
5491,5492,694,Kragenweite,36.0
5492,5493,694,Oberweite,
5493,5494,694,Taillenweite,
5494,5495,694,Rückenbreite,
5495,5496,694,Hemdenlänge:,
5496,5497,694,bei Armlänge normal,
5497,5498,694,bei Armlänge extra lang,
5498,5499,695,Kragenweite,37.5
5499,5500,695,Oberweite,114.0
5500,5501,695,Taillenweite,108.0
5501,5502,695,Rückenbreite,48.0
5502,5503,695,Hemdenlänge:,
5503,5504,695,bei Armlänge normal,82.0
5504,5505,695,bei Armlänge extra lang,85.0
5505,5506,696,Kragenweite,39.5
5506,5507,696,Oberweite,122.0
5507,5508,696,Taillenweite,116.0
5508,5509,696,Rückenbreite,51.0
5509,5510,696,Hemdenlänge:,
5510,5511,696,bei Armlänge normal,82.0
5511,5512,696,bei Armlänge extra lang,85.0
5512,5513,697,Kragenweite,41.5
5513,5514,697,Oberweite,128.0
5514,5515,697,Taillenweite,124.0
5515,5516,697,Rückenbreite,525.0
5516,5517,697,Hemdenlänge:,
5517,5518,697,bei Armlänge normal,82.0
5518,5519,697,bei Armlänge extra lang,85.0
5519,5520,698,Kragenweite,43.5
5520,5521,698,Oberweite,136.0
5521,5522,698,Taillenweite,136.0
5522,5523,698,Rückenbreite,54.0
5523,5524,698,Hemdenlänge:,
5524,5525,698,bei Armlänge normal,85.0
5525,5526,698,bei Armlänge extra lang,90.0
5526,5527,699,Kragenweite,45.5
5527,5528,699,Oberweite,148.0
5528,5529,699,Taillenweite,148.0
5529,5530,699,Rückenbreite,56.0
5530,5531,699,Hemdenlänge:,
5531,5532,699,bei Armlänge normal,85.0
5532,5533,699,bei Armlänge extra lang,90.0
5533,5534,700,Kragenweite,47.5
5534,5535,700,Oberweite,154.0
5535,5536,700,Taillenweite,154.0
5536,5537,700,Rückenbreite,58.0
5537,5538,700,Hemdenlänge:,
5538,5539,700,bei Armlänge normal,90.0
5539,5540,700,bei Armlänge extra lang,90.0
5540,5541,701,Kragenweite,49.5
5541,5542,701,Oberweite,160.0
5542,5543,701,Taillenweite,160.0
5543,5544,701,Rückenbreite,60.0
5544,5545,701,Hemdenlänge:,
5545,5546,701,bei Armlänge normal,95.0
5546,5547,701,bei Armlänge extra lang,95.0
5547,5548,702,Kragenweite,52.0
5548,5549,702,Oberweite,
5549,5550,702,Taillenweite,
5550,5551,702,Rückenbreite,
5551,5552,702,Hemdenlänge:,
5552,5553,702,bei Armlänge normal,
5553,5554,702,bei Armlänge extra lang,
5554,5555,703,Kragenweite,54.0
5555,5556,703,Oberweite,
5556,5557,703,Taillenweite,
5557,5558,703,Rückenbreite,
5558,5559,703,Hemdenlänge:,
5559,5560,703,bei Armlänge normal,
5560,5561,703,bei Armlänge extra lang,
5561,5562,704,Kragenweite,36.0
5562,5563,704,Oberweite,98.0
5563,5564,704,Taillenweite,86.0
5564,5565,704,Rückenbreite,38.0
5565,5566,704,Hemdenlänge:,
5566,5567,704,bei Armlänge normal,76.0
5567,5568,704,bei Armlänge extra lang,
5568,5569,705,Kragenweite,37.5
5569,5570,705,Oberweite,104.0
5570,5571,705,Taillenweite,92.0
5571,5572,705,Rückenbreite,40.0
5572,5573,705,Hemdenlänge:,
5573,5574,705,bei Armlänge normal,78.0
5574,5575,705,bei Armlänge extra lang,81.0
5575,5576,706,Kragenweite,39.5
5576,5577,706,Oberweite,110.0
5577,5578,706,Taillenweite,98.0
5578,5579,706,Rückenbreite,42.0
5579,5580,706,Hemdenlänge:,
5580,5581,706,bei Armlänge normal,80.0
5581,5582,706,bei Armlänge extra lang,83.0
5582,5583,707,Kragenweite,41.5
5583,5584,707,Oberweite,116.0
5584,5585,707,Taillenweite,104.0
5585,5586,707,Rückenbreite,44.0
5586,5587,707,Hemdenlänge:,
5587,5588,707,bei Armlänge normal,80.0
5588,5589,707,bei Armlänge extra lang,83.0
5589,5590,708,Kragenweite,43.5
5590,5591,708,Oberweite,124.0
5591,5592,708,Taillenweite,112.0
5592,5593,708,Rückenbreite,46.0
5593,5594,708,Hemdenlänge:,
5594,5595,708,bei Armlänge normal,83.0
5595,5596,708,bei Armlänge extra lang,87.0
5596,5597,709,Kragenweite,45.5
5597,5598,709,Oberweite,
5598,5599,709,Taillenweite,
5599,5600,709,Rückenbreite,
5600,5601,709,Hemdenlänge:,
5601,5602,709,bei Armlänge normal,
5602,5603,709,bei Armlänge extra lang,
5603,5604,710,Kragenweite,47.5
5604,5605,710,Oberweite,
5605,5606,710,Taillenweite,
5606,5607,710,Rückenbreite,
5607,5608,710,Hemdenlänge:,
5608,5609,710,bei Armlänge normal,
5609,5610,710,bei Armlänge extra lang,
5610,5611,711,Kragenweite,49.5
5611,5612,711,Oberweite,
5612,5613,711,Taillenweite,
5613,5614,711,Rückenbreite,
5614,5615,711,Hemdenlänge:,
5615,5616,711,bei Armlänge normal,
5616,5617,711,bei Armlänge extra lang,
5617,5618,712,Kragenweite,52.0
5618,5619,712,Oberweite,
5619,5620,712,Taillenweite,
5620,5621,712,Rückenbreite,
5621,5622,712,Hemdenlänge:,
5622,5623,712,bei Armlänge normal,
5623,5624,712,bei Armlänge extra lang,
5624,5625,713,Kragenweite,54.0
5625,5626,713,Oberweite,
5626,5627,713,Taillenweite,
5627,5628,713,Rückenbreite,
5628,5629,713,Hemdenlänge:,
5629,5630,713,bei Armlänge normal,
5630,5631,713,bei Armlänge extra lang,
5631,5632,714,Kragenweite,36.0
5632,5633,714,Oberweite,98.0
5633,5634,714,Taillenweite,86.0
5634,5635,714,Rückenbreite,38.0
5635,5636,714,Hemdenlänge:,
5636,5637,714,bei Armlänge extra kurz,76.0
5637,5638,714,bei Armlänge normal,76.0
5638,5639,714,bei Armlänge extra lang,79.0
5639,5640,715,Kragenweite,37.5
5640,5641,715,Oberweite,104.0
5641,5642,715,Taillenweite,92.0
5642,5643,715,Rückenbreite,40.0
5643,5644,715,Hemdenlänge:,
5644,5645,715,bei Armlänge extra kurz,78.0
5645,5646,715,bei Armlänge normal,78.0
5646,5647,715,bei Armlänge extra lang,81.0
5647,5648,716,Kragenweite,39.5
5648,5649,716,Oberweite,110.0
5649,5650,716,Taillenweite,98.0
5650,5651,716,Rückenbreite,42.0
5651,5652,716,Hemdenlänge:,
5652,5653,716,bei Armlänge extra kurz,80.0
5653,5654,716,bei Armlänge normal,80.0
5654,5655,716,bei Armlänge extra lang,83.0
5655,5656,717,Kragenweite,41.5
5656,5657,717,Oberweite,116.0
5657,5658,717,Taillenweite,104.0
5658,5659,717,Rückenbreite,44.0
5659,5660,717,Hemdenlänge:,
5660,5661,717,bei Armlänge extra kurz,80.0
5661,5662,717,bei Armlänge normal,80.0
5662,5663,717,bei Armlänge extra lang,83.0
5663,5664,718,Kragenweite,43.5
5664,5665,718,Oberweite,124.0
5665,5666,718,Taillenweite,112.0
5666,5667,718,Rückenbreite,46.0
5667,5668,718,Hemdenlänge:,
5668,5669,718,bei Armlänge extra kurz,83.0
5669,5670,718,bei Armlänge normal,83.0
5670,5671,718,bei Armlänge extra lang,87.0
5671,5672,719,Kragenweite,45.5
5672,5673,719,Oberweite,132.0
5673,5674,719,Taillenweite,120.0
5674,5675,719,Rückenbreite,48.0
5675,5676,719,Hemdenlänge:,
5676,5677,719,bei Armlänge extra kurz,85.0
5677,5678,719,bei Armlänge normal,85.0
5678,5679,719,bei Armlänge extra lang,89.0
5679,5680,720,Kragenweite,47.5
5680,5681,720,Oberweite,
5681,5682,720,Taillenweite,
5682,5683,720,Rückenbreite,
5683,5684,720,Hemdenlänge:,
5684,5685,720,bei Armlänge extra kurz,
5685,5686,720,bei Armlänge normal,
5686,5687,720,bei Armlänge extra lang,
5687,5688,721,Kragenweite,49.5
5688,5689,721,Oberweite,
5689,5690,721,Taillenweite,
5690,5691,721,Rückenbreite,
5691,5692,721,Hemdenlänge:,
5692,5693,721,bei Armlänge extra kurz,
5693,5694,721,bei Armlänge normal,
5694,5695,721,bei Armlänge extra lang,
5695,5696,722,Kragenweite,52.0
5696,5697,722,Oberweite,
5697,5698,722,Taillenweite,
5698,5699,722,Rückenbreite,
5699,5700,722,Hemdenlänge:,
5700,5701,722,bei Armlänge extra kurz,
5701,5702,722,bei Armlänge normal,
5702,5703,722,bei Armlänge extra lang,
5703,5704,723,Kragenweite,54.0
5704,5705,723,Oberweite,
5705,5706,723,Taillenweite,
5706,5707,723,Rückenbreite,
5707,5708,723,Hemdenlänge:,
5708,5709,723,bei Armlänge extra kurz,
5709,5710,723,bei Armlänge normal,
5710,5711,723,bei Armlänge extra lang,
5711,5712,724,Kragenweite,36.0
5712,5713,724,Oberweite,98.0
5713,5714,724,Taillenweite,86.0
5714,5715,724,Rückenbreite,38.0
5715,5716,724,Hemdenlänge:,
5716,5717,724,bei Armlänge extra kurz,76.0
5717,5718,724,bei Armlänge normal,76.0
5718,5719,724,bei Armlänge extra lang,79.0
5719,5720,725,Kragenweite,37.5
5720,5721,725,Oberweite,104.0
5721,5722,725,Taillenweite,92.0
5722,5723,725,Rückenbreite,40.0
5723,5724,725,Hemdenlänge:,
5724,5725,725,bei Armlänge extra kurz,78.0
5725,5726,725,bei Armlänge normal,78.0
5726,5727,725,bei Armlänge extra lang,81.0
5727,5728,726,Kragenweite,39.5
5728,5729,726,Oberweite,110.0
5729,5730,726,Taillenweite,98.0
5730,5731,726,Rückenbreite,42.0
5731,5732,726,Hemdenlänge:,
5732,5733,726,bei Armlänge extra kurz,80.0
5733,5734,726,bei Armlänge normal,80.0
5734,5735,726,bei Armlänge extra lang,83.0
5735,5736,727,Kragenweite,41.5
5736,5737,727,Oberweite,116.0
5737,5738,727,Taillenweite,104.0
5738,5739,727,Rückenbreite,44.0
5739,5740,727,Hemdenlänge:,
5740,5741,727,bei Armlänge extra kurz,80.0
5741,5742,727,bei Armlänge normal,80.0
5742,5743,727,bei Armlänge extra lang,83.0
5743,5744,728,Kragenweite,43.5
5744,5745,728,Oberweite,124.0
5745,5746,728,Taillenweite,112.0
5746,5747,728,Rückenbreite,46.0
5747,5748,728,Hemdenlänge:,
5748,5749,728,bei Armlänge extra kurz,83.0
5749,5750,728,bei Armlänge normal,83.0
5750,5751,728,bei Armlänge extra lang,87.0
5751,5752,729,Kragenweite,45.5
5752,5753,729,Oberweite,132.0
5753,5754,729,Taillenweite,120.0
5754,5755,729,Rückenbreite,48.0
5755,5756,729,Hemdenlänge:,
5756,5757,729,bei Armlänge extra kurz,85.0
5757,5758,729,bei Armlänge normal,85.0
5758,5759,729,bei Armlänge extra lang,89.0
5759,5760,730,Kragenweite,47.5
5760,5761,730,Oberweite,
5761,5762,730,Taillenweite,
5762,5763,730,Rückenbreite,
5763,5764,730,Hemdenlänge:,
5764,5765,730,bei Armlänge extra kurz,
5765,5766,730,bei Armlänge normal,
5766,5767,730,bei Armlänge extra lang,
5767,5768,731,Kragenweite,49.5
5768,5769,731,Oberweite,
5769,5770,731,Taillenweite,
5770,5771,731,Rückenbreite,
5771,5772,731,Hemdenlänge:,
5772,5773,731,bei Armlänge extra kurz,
5773,5774,731,bei Armlänge normal,
5774,5775,731,bei Armlänge extra lang,
5775,5776,732,Kragenweite,52.0
5776,5777,732,Oberweite,
5777,5778,732,Taillenweite,
5778,5779,732,Rückenbreite,
5779,5780,732,Hemdenlänge:,
5780,5781,732,bei Armlänge extra kurz,
5781,5782,732,bei Armlänge normal,
5782,5783,732,bei Armlänge extra lang,
5783,5784,733,Kragenweite,54.0
5784,5785,733,Oberweite,
5785,5786,733,Taillenweite,
5786,5787,733,Rückenbreite,
5787,5788,733,Hemdenlänge:,
5788,5789,733,bei Armlänge extra kurz,
5789,5790,733,bei Armlänge normal,
5790,5791,733,bei Armlänge extra lang,
5791,5792,734,Kragenweite,36.0
5792,5793,734,Oberweite,108.0
5793,5794,734,Taillenweite,98.0
5794,5795,734,Hüftweite,
5795,5796,734,Rückenbreite,455.0
5796,5797,734,Hemdenlänge:,
5797,5798,734,bei Armlänge extra kurz,82.0
5798,5799,734,bei Armlänge normal,82.0
5799,5800,734,bei Armlänge extra lang,85.0
5800,5801,735,Kragenweite,37.5
5801,5802,735,Oberweite,114.0
5802,5803,735,Taillenweite,102.0
5803,5804,735,Hüftweite,106.0
5804,5805,735,Rückenbreite,47.0
5805,5806,735,Hemdenlänge:,
5806,5807,735,bei Armlänge extra kurz,82.0
5807,5808,735,bei Armlänge normal,82.0
5808,5809,735,bei Armlänge extra lang,85.0
5809,5810,736,Kragenweite,39.5
5810,5811,736,Oberweite,120.0
5811,5812,736,Taillenweite,106.0
5812,5813,736,Hüftweite,112.0
5813,5814,736,Rückenbreite,485.0
5814,5815,736,Hemdenlänge:,
5815,5816,736,bei Armlänge extra kurz,82.0
5816,5817,736,bei Armlänge normal,82.0
5817,5818,736,bei Armlänge extra lang,85.0
5818,5819,737,Kragenweite,41.5
5819,5820,737,Oberweite,126.0
5820,5821,737,Taillenweite,112.0
5821,5822,737,Hüftweite,118.0
5822,5823,737,Rückenbreite,50.0
5823,5824,737,Hemdenlänge:,
5824,5825,737,bei Armlänge extra kurz,82.0
5825,5826,737,bei Armlänge normal,82.0
5826,5827,737,bei Armlänge extra lang,85.0
5827,5828,738,Kragenweite,43.5
5828,5829,738,Oberweite,132.0
5829,5830,738,Taillenweite,122.0
5830,5831,738,Hüftweite,124.0
5831,5832,738,Rückenbreite,515.0
5832,5833,738,Hemdenlänge:,
5833,5834,738,bei Armlänge extra kurz,82.0
5834,5835,738,bei Armlänge normal,85.0
5835,5836,738,bei Armlänge extra lang,90.0
5836,5837,739,Kragenweite,45.5
5837,5838,739,Oberweite,138.0
5838,5839,739,Taillenweite,130.0
5839,5840,739,Hüftweite,130.0
5840,5841,739,Rückenbreite,53.0
5841,5842,739,Hemdenlänge:,
5842,5843,739,bei Armlänge extra kurz,84.0
5843,5844,739,bei Armlänge normal,85.0
5844,5845,739,bei Armlänge extra lang,90.0
5845,5846,740,Kragenweite,47.5
5846,5847,740,Oberweite,144.0
5847,5848,740,Taillenweite,138.0
5848,5849,740,Hüftweite,136.0
5849,5850,740,Rückenbreite,545.0
5850,5851,740,Hemdenlänge:,
5851,5852,740,bei Armlänge extra kurz,84.0
5852,5853,740,bei Armlänge normal,90.0
5853,5854,740,bei Armlänge extra lang,90.0
5854,5855,741,Kragenweite,49.5
5855,5856,741,Oberweite,152.0
5856,5857,741,Taillenweite,144.0
5857,5858,741,Hüftweite,
5858,5859,741,Rückenbreite,565.0
5859,5860,741,Hemdenlänge:,
5860,5861,741,bei Armlänge extra kurz,86.0
5861,5862,741,bei Armlänge normal,95.0
5862,5863,741,bei Armlänge extra lang,95.0
5863,5864,742,Kragenweite,52.0
5864,5865,742,Oberweite,
5865,5866,742,Taillenweite,
5866,5867,742,Hüftweite,
5867,5868,742,Rückenbreite,
5868,5869,742,Hemdenlänge:,
5869,5870,742,bei Armlänge extra kurz,
5870,5871,742,bei Armlänge normal,
5871,5872,742,bei Armlänge extra lang,
5872,5873,743,Kragenweite,54.0
5873,5874,743,Oberweite,
5874,5875,743,Taillenweite,
5875,5876,743,Hüftweite,
5876,5877,743,Rückenbreite,
5877,5878,743,Hemdenlänge:,
5878,5879,743,bei Armlänge extra kurz,
5879,5880,743,bei Armlänge normal,
5880,5881,743,bei Armlänge extra lang,
5881,5882,744,Kragenweite,36.0
5882,5883,744,Oberweite,108.0
5883,5884,744,Taillenweite,98.0
5884,5885,744,Hüftweite,
5885,5886,744,Rückenbreite,455.0
5886,5887,744,Hemdenlänge:,
5887,5888,744,bei Armlänge extra kurz,82.0
5888,5889,744,bei Armlänge normal,82.0
5889,5890,744,bei Armlänge extra lang,85.0
5890,5891,745,Kragenweite,37.5
5891,5892,745,Oberweite,114.0
5892,5893,745,Taillenweite,102.0
5893,5894,745,Hüftweite,106.0
5894,5895,745,Rückenbreite,47.0
5895,5896,745,Hemdenlänge:,
5896,5897,745,bei Armlänge extra kurz,82.0
5897,5898,745,bei Armlänge normal,82.0
5898,5899,745,bei Armlänge extra lang,85.0
5899,5900,746,Kragenweite,39.5
5900,5901,746,Oberweite,120.0
5901,5902,746,Taillenweite,106.0
5902,5903,746,Hüftweite,112.0
5903,5904,746,Rückenbreite,485.0
5904,5905,746,Hemdenlänge:,
5905,5906,746,bei Armlänge extra kurz,82.0
5906,5907,746,bei Armlänge normal,82.0
5907,5908,746,bei Armlänge extra lang,85.0
5908,5909,747,Kragenweite,41.5
5909,5910,747,Oberweite,126.0
5910,5911,747,Taillenweite,112.0
5911,5912,747,Hüftweite,118.0
5912,5913,747,Rückenbreite,50.0
5913,5914,747,Hemdenlänge:,
5914,5915,747,bei Armlänge extra kurz,82.0
5915,5916,747,bei Armlänge normal,82.0
5916,5917,747,bei Armlänge extra lang,85.0
5917,5918,748,Kragenweite,43.5
5918,5919,748,Oberweite,132.0
5919,5920,748,Taillenweite,122.0
5920,5921,748,Hüftweite,124.0
5921,5922,748,Rückenbreite,515.0
5922,5923,748,Hemdenlänge:,
5923,5924,748,bei Armlänge extra kurz,82.0
5924,5925,748,bei Armlänge normal,85.0
5925,5926,748,bei Armlänge extra lang,90.0
5926,5927,749,Kragenweite,45.5
5927,5928,749,Oberweite,138.0
5928,5929,749,Taillenweite,130.0
5929,5930,749,Hüftweite,130.0
5930,5931,749,Rückenbreite,53.0
5931,5932,749,Hemdenlänge:,
5932,5933,749,bei Armlänge extra kurz,84.0
5933,5934,749,bei Armlänge normal,85.0
5934,5935,749,bei Armlänge extra lang,90.0
5935,5936,750,Kragenweite,47.5
5936,5937,750,Oberweite,144.0
5937,5938,750,Taillenweite,138.0
5938,5939,750,Hüftweite,136.0
5939,5940,750,Rückenbreite,545.0
5940,5941,750,Hemdenlänge:,
5941,5942,750,bei Armlänge extra kurz,84.0
5942,5943,750,bei Armlänge normal,90.0
5943,5944,750,bei Armlänge extra lang,90.0
5944,5945,751,Kragenweite,49.5
5945,5946,751,Oberweite,152.0
5946,5947,751,Taillenweite,144.0
5947,5948,751,Hüftweite,
5948,5949,751,Rückenbreite,565.0
5949,5950,751,Hemdenlänge:,
5950,5951,751,bei Armlänge extra kurz,86.0
5951,5952,751,bei Armlänge normal,95.0
5952,5953,751,bei Armlänge extra lang,95.0
5953,5954,752,Kragenweite,52.0
5954,5955,752,Oberweite,
5955,5956,752,Taillenweite,
5956,5957,752,Hüftweite,
5957,5958,752,Rückenbreite,
5958,5959,752,Hemdenlänge:,
5959,5960,752,bei Armlänge extra kurz,
5960,5961,752,bei Armlänge normal,
5961,5962,752,bei Armlänge extra lang,
5962,5963,753,Kragenweite,54.0
5963,5964,753,Oberweite,
5964,5965,753,Taillenweite,
5965,5966,753,Hüftweite,
5966,5967,753,Rückenbreite,
5967,5968,753,Hemdenlänge:,
5968,5969,753,bei Armlänge extra kurz,
5969,5970,753,bei Armlänge normal,
5970,5971,753,bei Armlänge extra lang,
5971,5972,754,Kragenweite,36.0
5972,5973,754,Oberweite,
5973,5974,754,Taillenweite,
5974,5975,754,Rückenbreite,
5975,5976,754,Hemdenlänge:,
5976,5977,754,bei Armlänge normal,
5977,5978,754,bei Armlänge extra lang,
5978,5979,755,Kragenweite,37.5
5979,5980,755,Oberweite,114.0
5980,5981,755,Taillenweite,102.0
5981,5982,755,Rückenbreite,47.0
5982,5983,755,Hemdenlänge:,
5983,5984,755,bei Armlänge normal,82.0
5984,5985,755,bei Armlänge extra lang,85.0
5985,5986,756,Kragenweite,39.5
5986,5987,756,Oberweite,120.0
5987,5988,756,Taillenweite,106.0
5988,5989,756,Rückenbreite,485.0
5989,5990,756,Hemdenlänge:,
5990,5991,756,bei Armlänge normal,82.0
5991,5992,756,bei Armlänge extra lang,85.0
5992,5993,757,Kragenweite,41.5
5993,5994,757,Oberweite,126.0
5994,5995,757,Taillenweite,112.0
5995,5996,757,Rückenbreite,50.0
5996,5997,757,Hemdenlänge:,
5997,5998,757,bei Armlänge normal,82.0
5998,5999,757,bei Armlänge extra lang,85.0
5999,6000,758,Kragenweite,43.5
6000,6001,758,Oberweite,132.0
6001,6002,758,Taillenweite,122.0
6002,6003,758,Rückenbreite,515.0
6003,6004,758,Hemdenlänge:,
6004,6005,758,bei Armlänge normal,85.0
6005,6006,758,bei Armlänge extra lang,90.0
6006,6007,759,Kragenweite,45.5
6007,6008,759,Oberweite,138.0
6008,6009,759,Taillenweite,130.0
6009,6010,759,Rückenbreite,53.0
6010,6011,759,Hemdenlänge:,
6011,6012,759,bei Armlänge normal,85.0
6012,6013,759,bei Armlänge extra lang,90.0
6013,6014,760,Kragenweite,47.5
6014,6015,760,Oberweite,
6015,6016,760,Taillenweite,
6016,6017,760,Rückenbreite,
6017,6018,760,Hemdenlänge:,
6018,6019,760,bei Armlänge normal,
6019,6020,760,bei Armlänge extra lang,
6020,6021,761,Kragenweite,49.5
6021,6022,761,Oberweite,
6022,6023,761,Taillenweite,
6023,6024,761,Rückenbreite,
6024,6025,761,Hemdenlänge:,
6025,6026,761,bei Armlänge normal,
6026,6027,761,bei Armlänge extra lang,
6027,6028,762,Kragenweite,52.0
6028,6029,762,Oberweite,
6029,6030,762,Taillenweite,
6030,6031,762,Rückenbreite,
6031,6032,762,Hemdenlänge:,
6032,6033,762,bei Armlänge normal,
6033,6034,762,bei Armlänge extra lang,
6034,6035,763,Kragenweite,54.0
6035,6036,763,Oberweite,
6036,6037,763,Taillenweite,
6037,6038,763,Rückenbreite,
6038,6039,763,Hemdenlänge:,
6039,6040,763,bei Armlänge normal,
6040,6041,763,bei Armlänge extra lang,
6041,6042,764,Kragenweite,39.5
6042,6043,764,Oberweite,122.0
6043,6044,764,Taillenweite,118.0
6044,6045,764,Hüftweite,116.0
6045,6046,764,Rückenbreite,495.0
6046,6047,764,Hemdenlänge:,
6047,6048,764,bei Armlänge extra kurz,80.0
6048,6049,764,bei Armlänge normal,80.0
6049,6050,764,bei Armlänge extra lang,84.0
6050,6051,765,Kragenweite,41.5
6051,6052,765,Oberweite,128.0
6052,6053,765,Taillenweite,124.0
6053,6054,765,Hüftweite,122.0
6054,6055,765,Rückenbreite,51.0
6055,6056,765,Hemdenlänge:,
6056,6057,765,bei Armlänge extra kurz,82.0
6057,6058,765,bei Armlänge normal,82.0
6058,6059,765,bei Armlänge extra lang,86.0
6059,6060,766,Kragenweite,43.5
6060,6061,766,Oberweite,134.0
6061,6062,766,Taillenweite,132.0
6062,6063,766,Hüftweite,128.0
6063,6064,766,Rückenbreite,525.0
6064,6065,766,Hemdenlänge:,
6065,6066,766,bei Armlänge extra kurz,82.0
6066,6067,766,bei Armlänge normal,82.0
6067,6068,766,bei Armlänge extra lang,86.0
6068,6069,767,Kragenweite,45.5
6069,6070,767,Oberweite,140.0
6070,6071,767,Taillenweite,140.0
6071,6072,767,Hüftweite,136.0
6072,6073,767,Rückenbreite,54.0
6073,6074,767,Hemdenlänge:,
6074,6075,767,bei Armlänge extra kurz,84.0
6075,6076,767,bei Armlänge normal,84.0
6076,6077,767,bei Armlänge extra lang,88.0
6077,6078,768,Kragenweite,47.5
6078,6079,768,Oberweite,148.0
6079,6080,768,Taillenweite,148.0
6080,6081,768,Hüftweite,144.0
6081,6082,768,Rückenbreite,555.0
6082,6083,768,Hemdenlänge:,
6083,6084,768,bei Armlänge extra kurz,84.0
6084,6085,768,bei Armlänge normal,84.0
6085,6086,768,bei Armlänge extra lang,88.0
6086,6087,769,Kragenweite,49.5
6087,6088,769,Oberweite,156.0
6088,6089,769,Taillenweite,156.0
6089,6090,769,Hüftweite,152.0
6090,6091,769,Rückenbreite,575.0
6091,6092,769,Hemdenlänge:,
6092,6093,769,bei Armlänge extra kurz,86.0
6093,6094,769,bei Armlänge normal,86.0
6094,6095,769,bei Armlänge extra lang,
6095,6096,770,Kragenweite,52.0
6096,6097,770,Oberweite,164.0
6097,6098,770,Taillenweite,164.0
6098,6099,770,Hüftweite,160.0
6099,6100,770,Rückenbreite,595.0
6100,6101,770,Hemdenlänge:,
6101,6102,770,bei Armlänge extra kurz,
6102,6103,770,bei Armlänge normal,86.0
6103,6104,770,bei Armlänge extra lang,
6104,6105,771,Kragenweite,54.0
6105,6106,771,Oberweite,172.0
6106,6107,771,Taillenweite,172.0
6107,6108,771,Hüftweite,168.0
6108,6109,771,Rückenbreite,615.0
6109,6110,771,Hemdenlänge:,
6110,6111,771,bei Armlänge extra kurz,
6111,6112,771,bei Armlänge normal,88.0
6112,6113,771,bei Armlänge extra lang,
6113,6114,772,Kragenweite,
6114,6115,772,Oberweite,
6115,6116,772,Taillenweite,
6116,6117,772,Hüftweite,
6117,6118,772,Rückenbreite,
6118,6119,772,Hemdenlänge:,
6119,6120,772,bei Armlänge extra kurz,
6120,6121,772,bei Armlänge normal,
6121,6122,772,bei Armlänge extra lang,
6122,6123,773,Kragenweite,
6123,6124,773,Oberweite,
6124,6125,773,Taillenweite,
6125,6126,773,Hüftweite,
6126,6127,773,Rückenbreite,
6127,6128,773,Hemdenlänge:,
6128,6129,773,bei Armlänge extra kurz,
6129,6130,773,bei Armlänge normal,
6130,6131,773,bei Armlänge extra lang,
6131,6132,774,Kragenweite,36.0
6132,6133,774,Oberweite,
6133,6134,774,Taillenweite,
6134,6135,774,Schulterbreite,
6135,6136,774,Hemdenlänge:,
6136,6137,774,bei Armlänge normal,
6137,6138,774,bei Armlänge extra lang,
6138,6139,775,Kragenweite,37.5
6139,6140,775,Oberweite,102.0
6140,6141,775,Taillenweite,92.0
6141,6142,775,Schulterbreite,162.0
6142,6143,775,Hemdenlänge:,
6143,6144,775,bei Armlänge normal,80.0
6144,6145,775,bei Armlänge extra lang,90.0
6145,6146,776,Kragenweite,39.5
6146,6147,776,Oberweite,110.0
6147,6148,776,Taillenweite,98.0
6148,6149,776,Schulterbreite,17.0
6149,6150,776,Hemdenlänge:,
6150,6151,776,bei Armlänge normal,80.0
6151,6152,776,bei Armlänge extra lang,90.0
6152,6153,777,Kragenweite,41.5
6153,6154,777,Oberweite,116.0
6154,6155,777,Taillenweite,104.0
6155,6156,777,Schulterbreite,178.0
6156,6157,777,Hemdenlänge:,
6157,6158,777,bei Armlänge normal,80.0
6158,6159,777,bei Armlänge extra lang,90.0
6159,6160,778,Kragenweite,43.5
6160,6161,778,Oberweite,124.0
6161,6162,778,Taillenweite,112.0
6162,6163,778,Schulterbreite,186.0
6163,6164,778,Hemdenlänge:,
6164,6165,778,bei Armlänge normal,82.0
6165,6166,778,bei Armlänge extra lang,90.0
6166,6167,779,Kragenweite,45.5
6167,6168,779,Oberweite,134.0
6168,6169,779,Taillenweite,122.0
6169,6170,779,Schulterbreite,194.0
6170,6171,779,Hemdenlänge:,
6171,6172,779,bei Armlänge normal,85.0
6172,6173,779,bei Armlänge extra lang,90.0
6173,6174,780,Kragenweite,47.5
6174,6175,780,Oberweite,
6175,6176,780,Taillenweite,
6176,6177,780,Schulterbreite,
6177,6178,780,Hemdenlänge:,
6178,6179,780,bei Armlänge normal,
6179,6180,780,bei Armlänge extra lang,
6180,6181,781,Kragenweite,49.5
6181,6182,781,Oberweite,
6182,6183,781,Taillenweite,
6183,6184,781,Schulterbreite,
6184,6185,781,Hemdenlänge:,
6185,6186,781,bei Armlänge normal,
6186,6187,781,bei Armlänge extra lang,
6187,6188,782,Kragenweite,52.0
6188,6189,782,Oberweite,
6189,6190,782,Taillenweite,
6190,6191,782,Schulterbreite,
6191,6192,782,Hemdenlänge:,
6192,6193,782,bei Armlänge normal,
6193,6194,782,bei Armlänge extra lang,
6194,6195,783,Kragenweite,54.0
6195,6196,783,Oberweite,
6196,6197,783,Taillenweite,
6197,6198,783,Schulterbreite,
6198,6199,783,Hemdenlänge:,
6199,6200,783,bei Armlänge normal,
6200,6201,783,bei Armlänge extra lang,
6201,6202,784,Kragenweite,36.0
6202,6203,784,Oberweite,108.0
6203,6204,784,Taillenweite,98.0
6204,6205,784,Hüftweite,
6205,6206,784,Rückenbreite,455.0
6206,6207,784,Hemdenlänge:,
6207,6208,784,bei Armlänge extra kurz,82.0
6208,6209,784,bei Armlänge normal,82.0
6209,6210,784,bei Armlänge extra lang,85.0
6210,6211,785,Kragenweite,37.5
6211,6212,785,Oberweite,114.0
6212,6213,785,Taillenweite,102.0
6213,6214,785,Hüftweite,106.0
6214,6215,785,Rückenbreite,47.0
6215,6216,785,Hemdenlänge:,
6216,6217,785,bei Armlänge extra kurz,82.0
6217,6218,785,bei Armlänge normal,82.0
6218,6219,785,bei Armlänge extra lang,85.0
6219,6220,786,Kragenweite,39.5
6220,6221,786,Oberweite,120.0
6221,6222,786,Taillenweite,106.0
6222,6223,786,Hüftweite,112.0
6223,6224,786,Rückenbreite,485.0
6224,6225,786,Hemdenlänge:,
6225,6226,786,bei Armlänge extra kurz,82.0
6226,6227,786,bei Armlänge normal,82.0
6227,6228,786,bei Armlänge extra lang,85.0
6228,6229,787,Kragenweite,41.5
6229,6230,787,Oberweite,126.0
6230,6231,787,Taillenweite,112.0
6231,6232,787,Hüftweite,118.0
6232,6233,787,Rückenbreite,50.0
6233,6234,787,Hemdenlänge:,
6234,6235,787,bei Armlänge extra kurz,82.0
6235,6236,787,bei Armlänge normal,82.0
6236,6237,787,bei Armlänge extra lang,85.0
6237,6238,788,Kragenweite,43.5
6238,6239,788,Oberweite,132.0
6239,6240,788,Taillenweite,122.0
6240,6241,788,Hüftweite,124.0
6241,6242,788,Rückenbreite,515.0
6242,6243,788,Hemdenlänge:,
6243,6244,788,bei Armlänge extra kurz,82.0
6244,6245,788,bei Armlänge normal,85.0
6245,6246,788,bei Armlänge extra lang,90.0
6246,6247,789,Kragenweite,45.5
6247,6248,789,Oberweite,138.0
6248,6249,789,Taillenweite,130.0
6249,6250,789,Hüftweite,130.0
6250,6251,789,Rückenbreite,53.0
6251,6252,789,Hemdenlänge:,
6252,6253,789,bei Armlänge extra kurz,84.0
6253,6254,789,bei Armlänge normal,85.0
6254,6255,789,bei Armlänge extra lang,90.0
6255,6256,790,Kragenweite,47.5
6256,6257,790,Oberweite,144.0
6257,6258,790,Taillenweite,138.0
6258,6259,790,Hüftweite,136.0
6259,6260,790,Rückenbreite,545.0
6260,6261,790,Hemdenlänge:,
6261,6262,790,bei Armlänge extra kurz,84.0
6262,6263,790,bei Armlänge normal,90.0
6263,6264,790,bei Armlänge extra lang,90.0
6264,6265,791,Kragenweite,49.5
6265,6266,791,Oberweite,152.0
6266,6267,791,Taillenweite,144.0
6267,6268,791,Hüftweite,
6268,6269,791,Rückenbreite,565.0
6269,6270,791,Hemdenlänge:,
6270,6271,791,bei Armlänge extra kurz,86.0
6271,6272,791,bei Armlänge normal,95.0
6272,6273,791,bei Armlänge extra lang,95.0
6273,6274,792,Kragenweite,52.0
6274,6275,792,Oberweite,
6275,6276,792,Taillenweite,
6276,6277,792,Hüftweite,
6277,6278,792,Rückenbreite,
6278,6279,792,Hemdenlänge:,
6279,6280,792,bei Armlänge extra kurz,
6280,6281,792,bei Armlänge normal,
6281,6282,792,bei Armlänge extra lang,
6282,6283,793,Kragenweite,54.0
6283,6284,793,Oberweite,
6284,6285,793,Taillenweite,
6285,6286,793,Hüftweite,
6286,6287,793,Rückenbreite,
6287,6288,793,Hemdenlänge:,
6288,6289,793,bei Armlänge extra kurz,
6289,6290,793,bei Armlänge normal,
6290,6291,793,bei Armlänge extra lang,
6291,6292,794,Kragenweite,36.0
6292,6293,794,Oberweite,96.0
6293,6294,794,Taillenweite,80.0
6294,6295,794,Rückenbreite,40.0
6295,6296,794,Hemdenlänge:,
6296,6297,794,bei Armlänge extra kurz,76.0
6297,6298,794,bei Armlänge normal,76.0
6298,6299,794,bei Armlänge extra lang,79.0
6299,6300,795,Kragenweite,37.5
6300,6301,795,Oberweite,102.0
6301,6302,795,Taillenweite,86.0
6302,6303,795,Rückenbreite,415.0
6303,6304,795,Hemdenlänge:,
6304,6305,795,bei Armlänge extra kurz,78.0
6305,6306,795,bei Armlänge normal,78.0
6306,6307,795,bei Armlänge extra lang,81.0
6307,6308,796,Kragenweite,39.5
6308,6309,796,Oberweite,106.0
6309,6310,796,Taillenweite,92.0
6310,6311,796,Rückenbreite,43.0
6311,6312,796,Hemdenlänge:,
6312,6313,796,bei Armlänge extra kurz,80.0
6313,6314,796,bei Armlänge normal,80.0
6314,6315,796,bei Armlänge extra lang,83.0
6315,6316,797,Kragenweite,41.5
6316,6317,797,Oberweite,112.0
6317,6318,797,Taillenweite,98.0
6318,6319,797,Rückenbreite,45.0
6319,6320,797,Hemdenlänge:,
6320,6321,797,bei Armlänge extra kurz,80.0
6321,6322,797,bei Armlänge normal,80.0
6322,6323,797,bei Armlänge extra lang,83.0
6323,6324,798,Kragenweite,43.5
6324,6325,798,Oberweite,120.0
6325,6326,798,Taillenweite,106.0
6326,6327,798,Rückenbreite,47.0
6327,6328,798,Hemdenlänge:,
6328,6329,798,bei Armlänge extra kurz,83.0
6329,6330,798,bei Armlänge normal,83.0
6330,6331,798,bei Armlänge extra lang,84.0
6331,6332,799,Kragenweite,45.5
6332,6333,799,Oberweite,128.0
6333,6334,799,Taillenweite,114.0
6334,6335,799,Rückenbreite,49.0
6335,6336,799,Hemdenlänge:,
6336,6337,799,bei Armlänge extra kurz,85.0
6337,6338,799,bei Armlänge normal,85.0
6338,6339,799,bei Armlänge extra lang,89.0
6339,6340,800,Kragenweite,47.5
6340,6341,800,Oberweite,
6341,6342,800,Taillenweite,
6342,6343,800,Rückenbreite,
6343,6344,800,Hemdenlänge:,
6344,6345,800,bei Armlänge extra kurz,
6345,6346,800,bei Armlänge normal,
6346,6347,800,bei Armlänge extra lang,
6347,6348,801,Kragenweite,49.5
6348,6349,801,Oberweite,
6349,6350,801,Taillenweite,
6350,6351,801,Rückenbreite,
6351,6352,801,Hemdenlänge:,
6352,6353,801,bei Armlänge extra kurz,
6353,6354,801,bei Armlänge normal,
6354,6355,801,bei Armlänge extra lang,
6355,6356,802,Kragenweite,52.0
6356,6357,802,Oberweite,
6357,6358,802,Taillenweite,
6358,6359,802,Rückenbreite,
6359,6360,802,Hemdenlänge:,
6360,6361,802,bei Armlänge extra kurz,
6361,6362,802,bei Armlänge normal,
6362,6363,802,bei Armlänge extra lang,
6363,6364,803,Kragenweite,54.0
6364,6365,803,Oberweite,
6365,6366,803,Taillenweite,
6366,6367,803,Rückenbreite,
6367,6368,803,Hemdenlänge:,
6368,6369,803,bei Armlänge extra kurz,
6369,6370,803,bei Armlänge normal,
6370,6371,803,bei Armlänge extra lang,
6371,6372,804,Kragenweite,36.0
6372,6373,804,Oberweite,96.0
6373,6374,804,Taillenweite,80.0
6374,6375,804,Rückenbreite,40.0
6375,6376,804,Hemdenlänge:,
6376,6377,804,bei Armlänge extra kurz,76.0
6377,6378,804,bei Armlänge normal,76.0
6378,6379,804,bei Armlänge extra lang,79.0
6379,6380,805,Kragenweite,37.5
6380,6381,805,Oberweite,102.0
6381,6382,805,Taillenweite,86.0
6382,6383,805,Rückenbreite,415.0
6383,6384,805,Hemdenlänge:,
6384,6385,805,bei Armlänge extra kurz,78.0
6385,6386,805,bei Armlänge normal,78.0
6386,6387,805,bei Armlänge extra lang,81.0
6387,6388,806,Kragenweite,39.5
6388,6389,806,Oberweite,106.0
6389,6390,806,Taillenweite,92.0
6390,6391,806,Rückenbreite,43.0
6391,6392,806,Hemdenlänge:,
6392,6393,806,bei Armlänge extra kurz,80.0
6393,6394,806,bei Armlänge normal,80.0
6394,6395,806,bei Armlänge extra lang,83.0
6395,6396,807,Kragenweite,41.5
6396,6397,807,Oberweite,112.0
6397,6398,807,Taillenweite,98.0
6398,6399,807,Rückenbreite,45.0
6399,6400,807,Hemdenlänge:,
6400,6401,807,bei Armlänge extra kurz,80.0
6401,6402,807,bei Armlänge normal,80.0
6402,6403,807,bei Armlänge extra lang,83.0
6403,6404,808,Kragenweite,43.5
6404,6405,808,Oberweite,120.0
6405,6406,808,Taillenweite,106.0
6406,6407,808,Rückenbreite,47.0
6407,6408,808,Hemdenlänge:,
6408,6409,808,bei Armlänge extra kurz,83.0
6409,6410,808,bei Armlänge normal,83.0
6410,6411,808,bei Armlänge extra lang,84.0
6411,6412,809,Kragenweite,45.5
6412,6413,809,Oberweite,128.0
6413,6414,809,Taillenweite,114.0
6414,6415,809,Rückenbreite,49.0
6415,6416,809,Hemdenlänge:,
6416,6417,809,bei Armlänge extra kurz,85.0
6417,6418,809,bei Armlänge normal,85.0
6418,6419,809,bei Armlänge extra lang,89.0
6419,6420,810,Kragenweite,47.5
6420,6421,810,Oberweite,
6421,6422,810,Taillenweite,
6422,6423,810,Rückenbreite,
6423,6424,810,Hemdenlänge:,
6424,6425,810,bei Armlänge extra kurz,
6425,6426,810,bei Armlänge normal,
6426,6427,810,bei Armlänge extra lang,
6427,6428,811,Kragenweite,49.5
6428,6429,811,Oberweite,
6429,6430,811,Taillenweite,
6430,6431,811,Rückenbreite,
6431,6432,811,Hemdenlänge:,
6432,6433,811,bei Armlänge extra kurz,
6433,6434,811,bei Armlänge normal,
6434,6435,811,bei Armlänge extra lang,
6435,6436,812,Kragenweite,52.0
6436,6437,812,Oberweite,
6437,6438,812,Taillenweite,
6438,6439,812,Rückenbreite,
6439,6440,812,Hemdenlänge:,
6440,6441,812,bei Armlänge extra kurz,
6441,6442,812,bei Armlänge normal,
6442,6443,812,bei Armlänge extra lang,
6443,6444,813,Kragenweite,54.0
6444,6445,813,Oberweite,
6445,6446,813,Taillenweite,
6446,6447,813,Rückenbreite,
6447,6448,813,Hemdenlänge:,
6448,6449,813,bei Armlänge extra kurz,
6449,6450,813,bei Armlänge normal,
6450,6451,813,bei Armlänge extra lang,
6451,6452,814,Kragenweite,36.0
6452,6453,814,Oberweite,98.0
6453,6454,814,Taillenweite,86.0
6454,6455,814,Rückenbreite,38.0
6455,6456,814,Hemdenlänge:,
6456,6457,814,bei Armlänge extra kurz,76.0
6457,6458,814,bei Armlänge normal,76.0
6458,6459,814,bei Armlänge extra lang,79.0
6459,6460,815,Kragenweite,37.5
6460,6461,815,Oberweite,104.0
6461,6462,815,Taillenweite,92.0
6462,6463,815,Rückenbreite,40.0
6463,6464,815,Hemdenlänge:,
6464,6465,815,bei Armlänge extra kurz,78.0
6465,6466,815,bei Armlänge normal,78.0
6466,6467,815,bei Armlänge extra lang,81.0
6467,6468,816,Kragenweite,39.5
6468,6469,816,Oberweite,110.0
6469,6470,816,Taillenweite,98.0
6470,6471,816,Rückenbreite,42.0
6471,6472,816,Hemdenlänge:,
6472,6473,816,bei Armlänge extra kurz,80.0
6473,6474,816,bei Armlänge normal,80.0
6474,6475,816,bei Armlänge extra lang,83.0
6475,6476,817,Kragenweite,41.5
6476,6477,817,Oberweite,116.0
6477,6478,817,Taillenweite,104.0
6478,6479,817,Rückenbreite,44.0
6479,6480,817,Hemdenlänge:,
6480,6481,817,bei Armlänge extra kurz,80.0
6481,6482,817,bei Armlänge normal,80.0
6482,6483,817,bei Armlänge extra lang,83.0
6483,6484,818,Kragenweite,43.5
6484,6485,818,Oberweite,124.0
6485,6486,818,Taillenweite,112.0
6486,6487,818,Rückenbreite,46.0
6487,6488,818,Hemdenlänge:,
6488,6489,818,bei Armlänge extra kurz,83.0
6489,6490,818,bei Armlänge normal,83.0
6490,6491,818,bei Armlänge extra lang,87.0
6491,6492,819,Kragenweite,45.5
6492,6493,819,Oberweite,132.0
6493,6494,819,Taillenweite,120.0
6494,6495,819,Rückenbreite,48.0
6495,6496,819,Hemdenlänge:,
6496,6497,819,bei Armlänge extra kurz,85.0
6497,6498,819,bei Armlänge normal,85.0
6498,6499,819,bei Armlänge extra lang,89.0
6499,6500,820,Kragenweite,47.5
6500,6501,820,Oberweite,
6501,6502,820,Taillenweite,
6502,6503,820,Rückenbreite,
6503,6504,820,Hemdenlänge:,
6504,6505,820,bei Armlänge extra kurz,
6505,6506,820,bei Armlänge normal,
6506,6507,820,bei Armlänge extra lang,
6507,6508,821,Kragenweite,49.5
6508,6509,821,Oberweite,
6509,6510,821,Taillenweite,
6510,6511,821,Rückenbreite,
6511,6512,821,Hemdenlänge:,
6512,6513,821,bei Armlänge extra kurz,
6513,6514,821,bei Armlänge normal,
6514,6515,821,bei Armlänge extra lang,
6515,6516,822,Kragenweite,52.0
6516,6517,822,Oberweite,
6517,6518,822,Taillenweite,
6518,6519,822,Rückenbreite,
6519,6520,822,Hemdenlänge:,
6520,6521,822,bei Armlänge extra kurz,
6521,6522,822,bei Armlänge normal,
6522,6523,822,bei Armlänge extra lang,
6523,6524,823,Kragenweite,54.0
6524,6525,823,Oberweite,
6525,6526,823,Taillenweite,
6526,6527,823,Rückenbreite,
6527,6528,823,Hemdenlänge:,
6528,6529,823,bei Armlänge extra kurz,
6529,6530,823,bei Armlänge normal,
6530,6531,823,bei Armlänge extra lang,
6531,6532,824,Kragenweite,36.0
6532,6533,824,Oberweite,
6533,6534,824,Taillenweite,
6534,6535,824,Rückenbreite,
6535,6536,824,Hemdenlänge:,
6536,6537,824,bei Armlänge normal,
6537,6538,824,bei Armlänge extra lang,
6538,6539,825,Kragenweite,37.5
6539,6540,825,Oberweite,114.0
6540,6541,825,Taillenweite,102.0
6541,6542,825,Rückenbreite,47.0
6542,6543,825,Hemdenlänge:,
6543,6544,825,bei Armlänge normal,82.0
6544,6545,825,bei Armlänge extra lang,85.0
6545,6546,826,Kragenweite,39.5
6546,6547,826,Oberweite,120.0
6547,6548,826,Taillenweite,106.0
6548,6549,826,Rückenbreite,485.0
6549,6550,826,Hemdenlänge:,
6550,6551,826,bei Armlänge normal,82.0
6551,6552,826,bei Armlänge extra lang,85.0
6552,6553,827,Kragenweite,41.5
6553,6554,827,Oberweite,126.0
6554,6555,827,Taillenweite,112.0
6555,6556,827,Rückenbreite,50.0
6556,6557,827,Hemdenlänge:,
6557,6558,827,bei Armlänge normal,82.0
6558,6559,827,bei Armlänge extra lang,85.0
6559,6560,828,Kragenweite,43.5
6560,6561,828,Oberweite,132.0
6561,6562,828,Taillenweite,122.0
6562,6563,828,Rückenbreite,515.0
6563,6564,828,Hemdenlänge:,
6564,6565,828,bei Armlänge normal,85.0
6565,6566,828,bei Armlänge extra lang,90.0
6566,6567,829,Kragenweite,45.5
6567,6568,829,Oberweite,138.0
6568,6569,829,Taillenweite,130.0
6569,6570,829,Rückenbreite,53.0
6570,6571,829,Hemdenlänge:,
6571,6572,829,bei Armlänge normal,85.0
6572,6573,829,bei Armlänge extra lang,90.0
6573,6574,830,Kragenweite,47.5
6574,6575,830,Oberweite,
6575,6576,830,Taillenweite,
6576,6577,830,Rückenbreite,
6577,6578,830,Hemdenlänge:,
6578,6579,830,bei Armlänge normal,
6579,6580,830,bei Armlänge extra lang,
6580,6581,831,Kragenweite,49.5
6581,6582,831,Oberweite,
6582,6583,831,Taillenweite,
6583,6584,831,Rückenbreite,
6584,6585,831,Hemdenlänge:,
6585,6586,831,bei Armlänge normal,
6586,6587,831,bei Armlänge extra lang,
6587,6588,832,Kragenweite,52.0
6588,6589,832,Oberweite,
6589,6590,832,Taillenweite,
6590,6591,832,Rückenbreite,
6591,6592,832,Hemdenlänge:,
6592,6593,832,bei Armlänge normal,
6593,6594,832,bei Armlänge extra lang,
6594,6595,833,Kragenweite,54.0
6595,6596,833,Oberweite,
6596,6597,833,Taillenweite,
6597,6598,833,Rückenbreite,
6598,6599,833,Hemdenlänge:,
6599,6600,833,bei Armlänge normal,
6600,6601,833,bei Armlänge extra lang,
6601,6602,834,Kragenweite,36.0
6602,6603,834,Oberweite,96.0
6603,6604,834,Taillenweite,80.0
6604,6605,834,Rückenbreite,40.0
6605,6606,834,Hemdenlänge:,
6606,6607,834,bei Armlänge extra kurz,76.0
6607,6608,834,bei Armlänge normal,76.0
6608,6609,834,bei Armlänge extra lang,79.0
6609,6610,835,Kragenweite,37.5
6610,6611,835,Oberweite,102.0
6611,6612,835,Taillenweite,86.0
6612,6613,835,Rückenbreite,415.0
6613,6614,835,Hemdenlänge:,
6614,6615,835,bei Armlänge extra kurz,78.0
6615,6616,835,bei Armlänge normal,78.0
6616,6617,835,bei Armlänge extra lang,81.0
6617,6618,836,Kragenweite,39.5
6618,6619,836,Oberweite,106.0
6619,6620,836,Taillenweite,92.0
6620,6621,836,Rückenbreite,43.0
6621,6622,836,Hemdenlänge:,
6622,6623,836,bei Armlänge extra kurz,80.0
6623,6624,836,bei Armlänge normal,80.0
6624,6625,836,bei Armlänge extra lang,83.0
6625,6626,837,Kragenweite,41.5
6626,6627,837,Oberweite,112.0
6627,6628,837,Taillenweite,98.0
6628,6629,837,Rückenbreite,45.0
6629,6630,837,Hemdenlänge:,
6630,6631,837,bei Armlänge extra kurz,80.0
6631,6632,837,bei Armlänge normal,80.0
6632,6633,837,bei Armlänge extra lang,83.0
6633,6634,838,Kragenweite,43.5
6634,6635,838,Oberweite,120.0
6635,6636,838,Taillenweite,106.0
6636,6637,838,Rückenbreite,47.0
6637,6638,838,Hemdenlänge:,
6638,6639,838,bei Armlänge extra kurz,83.0
6639,6640,838,bei Armlänge normal,83.0
6640,6641,838,bei Armlänge extra lang,84.0
6641,6642,839,Kragenweite,45.5
6642,6643,839,Oberweite,128.0
6643,6644,839,Taillenweite,114.0
6644,6645,839,Rückenbreite,49.0
6645,6646,839,Hemdenlänge:,
6646,6647,839,bei Armlänge extra kurz,85.0
6647,6648,839,bei Armlänge normal,85.0
6648,6649,839,bei Armlänge extra lang,89.0
6649,6650,840,Kragenweite,47.5
6650,6651,840,Oberweite,
6651,6652,840,Taillenweite,
6652,6653,840,Rückenbreite,
6653,6654,840,Hemdenlänge:,
6654,6655,840,bei Armlänge extra kurz,
6655,6656,840,bei Armlänge normal,
6656,6657,840,bei Armlänge extra lang,
6657,6658,841,Kragenweite,49.5
6658,6659,841,Oberweite,
6659,6660,841,Taillenweite,
6660,6661,841,Rückenbreite,
6661,6662,841,Hemdenlänge:,
6662,6663,841,bei Armlänge extra kurz,
6663,6664,841,bei Armlänge normal,
6664,6665,841,bei Armlänge extra lang,
6665,6666,842,Kragenweite,52.0
6666,6667,842,Oberweite,
6667,6668,842,Taillenweite,
6668,6669,842,Rückenbreite,
6669,6670,842,Hemdenlänge:,
6670,6671,842,bei Armlänge extra kurz,
6671,6672,842,bei Armlänge normal,
6672,6673,842,bei Armlänge extra lang,
6673,6674,843,Kragenweite,54.0
6674,6675,843,Oberweite,
6675,6676,843,Taillenweite,
6676,6677,843,Rückenbreite,
6677,6678,843,Hemdenlänge:,
6678,6679,843,bei Armlänge extra kurz,
6679,6680,843,bei Armlänge normal,
6680,6681,843,bei Armlänge extra lang,
6681,6682,844,Kragenweite,36.0
6682,6683,844,Oberweite,
6683,6684,844,Taillenweite,
6684,6685,844,Rückenbreite,
6685,6686,844,Hemdenlänge:,
6686,6687,844,bei Armlänge normal,
6687,6688,844,bei Armlänge extra lang,
6688,6689,845,Kragenweite,37.5
6689,6690,845,Oberweite,114.0
6690,6691,845,Taillenweite,102.0
6691,6692,845,Rückenbreite,47.0
6692,6693,845,Hemdenlänge:,
6693,6694,845,bei Armlänge normal,82.0
6694,6695,845,bei Armlänge extra lang,85.0
6695,6696,846,Kragenweite,39.5
6696,6697,846,Oberweite,120.0
6697,6698,846,Taillenweite,106.0
6698,6699,846,Rückenbreite,485.0
6699,6700,846,Hemdenlänge:,
6700,6701,846,bei Armlänge normal,82.0
6701,6702,846,bei Armlänge extra lang,85.0
6702,6703,847,Kragenweite,41.5
6703,6704,847,Oberweite,126.0
6704,6705,847,Taillenweite,112.0
6705,6706,847,Rückenbreite,50.0
6706,6707,847,Hemdenlänge:,
6707,6708,847,bei Armlänge normal,82.0
6708,6709,847,bei Armlänge extra lang,85.0
6709,6710,848,Kragenweite,43.5
6710,6711,848,Oberweite,132.0
6711,6712,848,Taillenweite,122.0
6712,6713,848,Rückenbreite,515.0
6713,6714,848,Hemdenlänge:,
6714,6715,848,bei Armlänge normal,85.0
6715,6716,848,bei Armlänge extra lang,90.0
6716,6717,849,Kragenweite,45.5
6717,6718,849,Oberweite,138.0
6718,6719,849,Taillenweite,130.0
6719,6720,849,Rückenbreite,53.0
6720,6721,849,Hemdenlänge:,
6721,6722,849,bei Armlänge normal,85.0
6722,6723,849,bei Armlänge extra lang,90.0
6723,6724,850,Kragenweite,47.5
6724,6725,850,Oberweite,
6725,6726,850,Taillenweite,
6726,6727,850,Rückenbreite,
6727,6728,850,Hemdenlänge:,
6728,6729,850,bei Armlänge normal,
6729,6730,850,bei Armlänge extra lang,
6730,6731,851,Kragenweite,49.5
6731,6732,851,Oberweite,
6732,6733,851,Taillenweite,
6733,6734,851,Rückenbreite,
6734,6735,851,Hemdenlänge:,
6735,6736,851,bei Armlänge normal,
6736,6737,851,bei Armlänge extra lang,
6737,6738,852,Kragenweite,52.0
6738,6739,852,Oberweite,
6739,6740,852,Taillenweite,
6740,6741,852,Rückenbreite,
6741,6742,852,Hemdenlänge:,
6742,6743,852,bei Armlänge normal,
6743,6744,852,bei Armlänge extra lang,
6744,6745,853,Kragenweite,54.0
6745,6746,853,Oberweite,
6746,6747,853,Taillenweite,
6747,6748,853,Rückenbreite,
6748,6749,853,Hemdenlänge:,
6749,6750,853,bei Armlänge normal,
6750,6751,853,bei Armlänge extra lang,
6751,6752,854,Kragenweite,36.0
6752,6753,854,Oberweite,96.0
6753,6754,854,Taillenweite,80.0
6754,6755,854,Rückenbreite,40.0
6755,6756,854,Hemdenlänge:,
6756,6757,854,bei Armlänge extra kurz,76.0
6757,6758,854,bei Armlänge normal,76.0
6758,6759,854,bei Armlänge extra lang,79.0
6759,6760,855,Kragenweite,37.5
6760,6761,855,Oberweite,102.0
6761,6762,855,Taillenweite,86.0
6762,6763,855,Rückenbreite,415.0
6763,6764,855,Hemdenlänge:,
6764,6765,855,bei Armlänge extra kurz,78.0
6765,6766,855,bei Armlänge normal,78.0
6766,6767,855,bei Armlänge extra lang,81.0
6767,6768,856,Kragenweite,39.5
6768,6769,856,Oberweite,106.0
6769,6770,856,Taillenweite,92.0
6770,6771,856,Rückenbreite,43.0
6771,6772,856,Hemdenlänge:,
6772,6773,856,bei Armlänge extra kurz,80.0
6773,6774,856,bei Armlänge normal,80.0
6774,6775,856,bei Armlänge extra lang,83.0
6775,6776,857,Kragenweite,41.5
6776,6777,857,Oberweite,112.0
6777,6778,857,Taillenweite,98.0
6778,6779,857,Rückenbreite,45.0
6779,6780,857,Hemdenlänge:,
6780,6781,857,bei Armlänge extra kurz,80.0
6781,6782,857,bei Armlänge normal,80.0
6782,6783,857,bei Armlänge extra lang,83.0
6783,6784,858,Kragenweite,43.5
6784,6785,858,Oberweite,120.0
6785,6786,858,Taillenweite,106.0
6786,6787,858,Rückenbreite,47.0
6787,6788,858,Hemdenlänge:,
6788,6789,858,bei Armlänge extra kurz,83.0
6789,6790,858,bei Armlänge normal,83.0
6790,6791,858,bei Armlänge extra lang,84.0
6791,6792,859,Kragenweite,45.5
6792,6793,859,Oberweite,128.0
6793,6794,859,Taillenweite,114.0
6794,6795,859,Rückenbreite,49.0
6795,6796,859,Hemdenlänge:,
6796,6797,859,bei Armlänge extra kurz,85.0
6797,6798,859,bei Armlänge normal,85.0
6798,6799,859,bei Armlänge extra lang,89.0
6799,6800,860,Kragenweite,47.5
6800,6801,860,Oberweite,
6801,6802,860,Taillenweite,
6802,6803,860,Rückenbreite,
6803,6804,860,Hemdenlänge:,
6804,6805,860,bei Armlänge extra kurz,
6805,6806,860,bei Armlänge normal,
6806,6807,860,bei Armlänge extra lang,
6807,6808,861,Kragenweite,49.5
6808,6809,861,Oberweite,
6809,6810,861,Taillenweite,
6810,6811,861,Rückenbreite,
6811,6812,861,Hemdenlänge:,
6812,6813,861,bei Armlänge extra kurz,
6813,6814,861,bei Armlänge normal,
6814,6815,861,bei Armlänge extra lang,
6815,6816,862,Kragenweite,52.0
6816,6817,862,Oberweite,
6817,6818,862,Taillenweite,
6818,6819,862,Rückenbreite,
6819,6820,862,Hemdenlänge:,
6820,6821,862,bei Armlänge extra kurz,
6821,6822,862,bei Armlänge normal,
6822,6823,862,bei Armlänge extra lang,
6823,6824,863,Kragenweite,54.0
6824,6825,863,Oberweite,
6825,6826,863,Taillenweite,
6826,6827,863,Rückenbreite,
6827,6828,863,Hemdenlänge:,
6828,6829,863,bei Armlänge extra kurz,
6829,6830,863,bei Armlänge normal,
6830,6831,863,bei Armlänge extra lang,
6831,6832,864,Kragenweite,36.0
6832,6833,864,Oberweite,108.0
6833,6834,864,Taillenweite,98.0
6834,6835,864,Hüftweite,
6835,6836,864,Rückenbreite,455.0
6836,6837,864,Hemdenlänge:,
6837,6838,864,bei Armlänge extra kurz,82.0
6838,6839,864,bei Armlänge normal,82.0
6839,6840,864,bei Armlänge extra lang,85.0
6840,6841,865,Kragenweite,37.5
6841,6842,865,Oberweite,114.0
6842,6843,865,Taillenweite,102.0
6843,6844,865,Hüftweite,106.0
6844,6845,865,Rückenbreite,47.0
6845,6846,865,Hemdenlänge:,
6846,6847,865,bei Armlänge extra kurz,82.0
6847,6848,865,bei Armlänge normal,82.0
6848,6849,865,bei Armlänge extra lang,85.0
6849,6850,866,Kragenweite,39.5
6850,6851,866,Oberweite,120.0
6851,6852,866,Taillenweite,106.0
6852,6853,866,Hüftweite,112.0
6853,6854,866,Rückenbreite,485.0
6854,6855,866,Hemdenlänge:,
6855,6856,866,bei Armlänge extra kurz,82.0
6856,6857,866,bei Armlänge normal,82.0
6857,6858,866,bei Armlänge extra lang,85.0
6858,6859,867,Kragenweite,41.5
6859,6860,867,Oberweite,126.0
6860,6861,867,Taillenweite,112.0
6861,6862,867,Hüftweite,118.0
6862,6863,867,Rückenbreite,50.0
6863,6864,867,Hemdenlänge:,
6864,6865,867,bei Armlänge extra kurz,82.0
6865,6866,867,bei Armlänge normal,82.0
6866,6867,867,bei Armlänge extra lang,85.0
6867,6868,868,Kragenweite,43.5
6868,6869,868,Oberweite,132.0
6869,6870,868,Taillenweite,122.0
6870,6871,868,Hüftweite,124.0
6871,6872,868,Rückenbreite,515.0
6872,6873,868,Hemdenlänge:,
6873,6874,868,bei Armlänge extra kurz,82.0
6874,6875,868,bei Armlänge normal,85.0
6875,6876,868,bei Armlänge extra lang,90.0
6876,6877,869,Kragenweite,45.5
6877,6878,869,Oberweite,138.0
6878,6879,869,Taillenweite,130.0
6879,6880,869,Hüftweite,130.0
6880,6881,869,Rückenbreite,53.0
6881,6882,869,Hemdenlänge:,
6882,6883,869,bei Armlänge extra kurz,84.0
6883,6884,869,bei Armlänge normal,85.0
6884,6885,869,bei Armlänge extra lang,90.0
6885,6886,870,Kragenweite,47.5
6886,6887,870,Oberweite,144.0
6887,6888,870,Taillenweite,138.0
6888,6889,870,Hüftweite,136.0
6889,6890,870,Rückenbreite,545.0
6890,6891,870,Hemdenlänge:,
6891,6892,870,bei Armlänge extra kurz,84.0
6892,6893,870,bei Armlänge normal,90.0
6893,6894,870,bei Armlänge extra lang,90.0
6894,6895,871,Kragenweite,49.5
6895,6896,871,Oberweite,152.0
6896,6897,871,Taillenweite,144.0
6897,6898,871,Hüftweite,
6898,6899,871,Rückenbreite,565.0
6899,6900,871,Hemdenlänge:,
6900,6901,871,bei Armlänge extra kurz,86.0
6901,6902,871,bei Armlänge normal,95.0
6902,6903,871,bei Armlänge extra lang,95.0
6903,6904,872,Kragenweite,52.0
6904,6905,872,Oberweite,
6905,6906,872,Taillenweite,
6906,6907,872,Hüftweite,
6907,6908,872,Rückenbreite,
6908,6909,872,Hemdenlänge:,
6909,6910,872,bei Armlänge extra kurz,
6910,6911,872,bei Armlänge normal,
6911,6912,872,bei Armlänge extra lang,
6912,6913,873,Kragenweite,54.0
6913,6914,873,Oberweite,
6914,6915,873,Taillenweite,
6915,6916,873,Hüftweite,
6916,6917,873,Rückenbreite,
6917,6918,873,Hemdenlänge:,
6918,6919,873,bei Armlänge extra kurz,
6919,6920,873,bei Armlänge normal,
6920,6921,873,bei Armlänge extra lang,
6921,6922,874,Kragenweite,36.0
6922,6923,874,Oberweite,102.0
6923,6924,874,Taillenweite,98.0
6924,6925,874,Schulterbreite,145.0
6925,6926,874,Hemdenlänge:,
6926,6927,874,bei Armlänge normal,81.0
6927,6928,874,bei Armlänge extra lang,88.0
6928,6929,875,Kragenweite,37.5
6929,6930,875,Oberweite,110.0
6930,6931,875,Taillenweite,106.0
6931,6932,875,Schulterbreite,153.0
6932,6933,875,Hemdenlänge:,
6933,6934,875,bei Armlänge normal,82.0
6934,6935,875,bei Armlänge extra lang,89.0
6935,6936,876,Kragenweite,39.5
6936,6937,876,Oberweite,118.0
6937,6938,876,Taillenweite,114.0
6938,6939,876,Schulterbreite,16.0
6939,6940,876,Hemdenlänge:,
6940,6941,876,bei Armlänge normal,82.0
6941,6942,876,bei Armlänge extra lang,89.0
6942,6943,877,Kragenweite,41.5
6943,6944,877,Oberweite,126.0
6944,6945,877,Taillenweite,122.0
6945,6946,877,Schulterbreite,168.0
6946,6947,877,Hemdenlänge:,
6947,6948,877,bei Armlänge normal,83.0
6948,6949,877,bei Armlänge extra lang,90.0
6949,6950,878,Kragenweite,43.5
6950,6951,878,Oberweite,134.0
6951,6952,878,Taillenweite,134.0
6952,6953,878,Schulterbreite,175.0
6953,6954,878,Hemdenlänge:,
6954,6955,878,bei Armlänge normal,85.0
6955,6956,878,bei Armlänge extra lang,92.0
6956,6957,879,Kragenweite,45.5
6957,6958,879,Oberweite,144.0
6958,6959,879,Taillenweite,144.0
6959,6960,879,Schulterbreite,189.0
6960,6961,879,Hemdenlänge:,
6961,6962,879,bei Armlänge normal,88.0
6962,6963,879,bei Armlänge extra lang,95.0
6963,6964,880,Kragenweite,47.5
6964,6965,880,Oberweite,154.0
6965,6966,880,Taillenweite,154.0
6966,6967,880,Schulterbreite,199.0
6967,6968,880,Hemdenlänge:,
6968,6969,880,bei Armlänge normal,90.0
6969,6970,880,bei Armlänge extra lang,95.0
6970,6971,881,Kragenweite,49.5
6971,6972,881,Oberweite,164.0
6972,6973,881,Taillenweite,164.0
6973,6974,881,Schulterbreite,209.0
6974,6975,881,Hemdenlänge:,
6975,6976,881,bei Armlänge normal,90.0
6976,6977,881,bei Armlänge extra lang,95.0
6977,6978,882,Kragenweite,52.0
6978,6979,882,Oberweite,170.0
6979,6980,882,Taillenweite,172.0
6980,6981,882,Schulterbreite,219.0
6981,6982,882,Hemdenlänge:,
6982,6983,882,bei Armlänge normal,93.0
6983,6984,882,bei Armlänge extra lang,95.0
6984,6985,883,Kragenweite,54.0
6985,6986,883,Oberweite,180.0
6986,6987,883,Taillenweite,182.0
6987,6988,883,Schulterbreite,229.0
6988,6989,883,Hemdenlänge:,
6989,6990,883,bei Armlänge normal,93.0
6990,6991,883,bei Armlänge extra lang,95.0
6991,6992,884,Kragenweite,56.0
6992,6993,884,Oberweite,192.0
6993,6994,884,Taillenweite,194.0
6994,6995,884,Schulterbreite,237.0
6995,6996,884,Hemdenlänge:,
6996,6997,884,bei Armlänge normal,93.0
6997,6998,884,bei Armlänge extra lang,95.0
6998,6999,885,Kragenweite,36.0
6999,7000,885,Oberweite,
7000,7001,885,Taillenweite,
7001,7002,885,Hemdenlänge:,
7002,7003,885,bei Armlänge normal,
7003,7004,885,bei Armlänge extra lang,
7004,7005,886,Kragenweite,37.5
7005,7006,886,Oberweite,110.0
7006,7007,886,Taillenweite,100.0
7007,7008,886,Hemdenlänge:,
7008,7009,886,bei Armlänge normal,82.0
7009,7010,886,bei Armlänge extra lang,87.0
7010,7011,887,Kragenweite,39.5
7011,7012,887,Oberweite,116.0
7012,7013,887,Taillenweite,108.0
7013,7014,887,Hemdenlänge:,
7014,7015,887,bei Armlänge normal,82.0
7015,7016,887,bei Armlänge extra lang,87.0
7016,7017,888,Kragenweite,41.5
7017,7018,888,Oberweite,124.0
7018,7019,888,Taillenweite,116.0
7019,7020,888,Hemdenlänge:,
7020,7021,888,bei Armlänge normal,82.0
7021,7022,888,bei Armlänge extra lang,87.0
7022,7023,889,Kragenweite,43.5
7023,7024,889,Oberweite,132.0
7024,7025,889,Taillenweite,126.0
7025,7026,889,Hemdenlänge:,
7026,7027,889,bei Armlänge normal,85.0
7027,7028,889,bei Armlänge extra lang,90.0
7028,7029,890,Kragenweite,45.5
7029,7030,890,Oberweite,140.0
7030,7031,890,Taillenweite,134.0
7031,7032,890,Hemdenlänge:,
7032,7033,890,bei Armlänge normal,85.0
7033,7034,890,bei Armlänge extra lang,90.0
7034,7035,891,Kragenweite,47.5
7035,7036,891,Oberweite,150.0
7036,7037,891,Taillenweite,146.0
7037,7038,891,Hemdenlänge:,
7038,7039,891,bei Armlänge normal,90.0
7039,7040,891,bei Armlänge extra lang,95.0
7040,7041,892,Kragenweite,49.5
7041,7042,892,Oberweite,156.0
7042,7043,892,Taillenweite,156.0
7043,7044,892,Hemdenlänge:,
7044,7045,892,bei Armlänge normal,90.0
7045,7046,892,bei Armlänge extra lang,95.0
7046,7047,893,Kragenweite,52.0
7047,7048,893,Oberweite,160.0
7048,7049,893,Taillenweite,164.0
7049,7050,893,Hemdenlänge:,
7050,7051,893,bei Armlänge normal,90.0
7051,7052,893,bei Armlänge extra lang,95.0
7052,7053,894,Kragenweite,54.0
7053,7054,894,Oberweite,164.0
7054,7055,894,Taillenweite,170.0
7055,7056,894,Hemdenlänge:,
7056,7057,894,bei Armlänge normal,90.0
7057,7058,894,bei Armlänge extra lang,95.0
7058,7059,895,Kragenweite,36.0
7059,7060,895,Oberweite,108.0
7060,7061,895,Taillenweite,98.0
7061,7062,895,Hüftweite,
7062,7063,895,Rückenbreite,455.0
7063,7064,895,Hemdenlänge:,
7064,7065,895,bei Armlänge extra kurz,82.0
7065,7066,895,bei Armlänge normal,82.0
7066,7067,895,bei Armlänge extra lang,85.0
7067,7068,896,Kragenweite,37.5
7068,7069,896,Oberweite,114.0
7069,7070,896,Taillenweite,102.0
7070,7071,896,Hüftweite,106.0
7071,7072,896,Rückenbreite,47.0
7072,7073,896,Hemdenlänge:,
7073,7074,896,bei Armlänge extra kurz,82.0
7074,7075,896,bei Armlänge normal,82.0
7075,7076,896,bei Armlänge extra lang,85.0
7076,7077,897,Kragenweite,39.5
7077,7078,897,Oberweite,120.0
7078,7079,897,Taillenweite,106.0
7079,7080,897,Hüftweite,112.0
7080,7081,897,Rückenbreite,485.0
7081,7082,897,Hemdenlänge:,
7082,7083,897,bei Armlänge extra kurz,82.0
7083,7084,897,bei Armlänge normal,82.0
7084,7085,897,bei Armlänge extra lang,85.0
7085,7086,898,Kragenweite,41.5
7086,7087,898,Oberweite,126.0
7087,7088,898,Taillenweite,112.0
7088,7089,898,Hüftweite,118.0
7089,7090,898,Rückenbreite,50.0
7090,7091,898,Hemdenlänge:,
7091,7092,898,bei Armlänge extra kurz,82.0
7092,7093,898,bei Armlänge normal,82.0
7093,7094,898,bei Armlänge extra lang,85.0
7094,7095,899,Kragenweite,43.5
7095,7096,899,Oberweite,132.0
7096,7097,899,Taillenweite,122.0
7097,7098,899,Hüftweite,124.0
7098,7099,899,Rückenbreite,515.0
7099,7100,899,Hemdenlänge:,
7100,7101,899,bei Armlänge extra kurz,82.0
7101,7102,899,bei Armlänge normal,85.0
7102,7103,899,bei Armlänge extra lang,90.0
7103,7104,900,Kragenweite,45.5
7104,7105,900,Oberweite,138.0
7105,7106,900,Taillenweite,130.0
7106,7107,900,Hüftweite,130.0
7107,7108,900,Rückenbreite,53.0
7108,7109,900,Hemdenlänge:,
7109,7110,900,bei Armlänge extra kurz,84.0
7110,7111,900,bei Armlänge normal,85.0
7111,7112,900,bei Armlänge extra lang,90.0
7112,7113,901,Kragenweite,47.5
7113,7114,901,Oberweite,144.0
7114,7115,901,Taillenweite,138.0
7115,7116,901,Hüftweite,136.0
7116,7117,901,Rückenbreite,545.0
7117,7118,901,Hemdenlänge:,
7118,7119,901,bei Armlänge extra kurz,84.0
7119,7120,901,bei Armlänge normal,90.0
7120,7121,901,bei Armlänge extra lang,90.0
7121,7122,902,Kragenweite,49.5
7122,7123,902,Oberweite,152.0
7123,7124,902,Taillenweite,144.0
7124,7125,902,Hüftweite,
7125,7126,902,Rückenbreite,565.0
7126,7127,902,Hemdenlänge:,
7127,7128,902,bei Armlänge extra kurz,86.0
7128,7129,902,bei Armlänge normal,95.0
7129,7130,902,bei Armlänge extra lang,95.0
7130,7131,903,Kragenweite,52.0
7131,7132,903,Oberweite,
7132,7133,903,Taillenweite,
7133,7134,903,Hüftweite,
7134,7135,903,Rückenbreite,
7135,7136,903,Hemdenlänge:,
7136,7137,903,bei Armlänge extra kurz,
7137,7138,903,bei Armlänge normal,
7138,7139,903,bei Armlänge extra lang,
7139,7140,904,Kragenweite,54.0
7140,7141,904,Oberweite,
7141,7142,904,Taillenweite,
7142,7143,904,Hüftweite,
7143,7144,904,Rückenbreite,
7144,7145,904,Hemdenlänge:,
7145,7146,904,bei Armlänge extra kurz,
7146,7147,904,bei Armlänge normal,
7147,7148,904,bei Armlänge extra lang,
7148,7149,905,Kragenweite,36.0
7149,7150,905,Oberweite,
7150,7151,905,Taillenweite,
7151,7152,905,Schulterbreite,
7152,7153,905,Hemdenlänge:,
7153,7154,905,bei Armlänge extra kurz,
7154,7155,905,bei Armlänge normal,
7155,7156,905,bei Armlänge extra lang,
7156,7157,906,Kragenweite,37.5
7157,7158,906,Oberweite,110.0
7158,7159,906,Taillenweite,102.0
7159,7160,906,Schulterbreite,162.0
7160,7161,906,Hemdenlänge:,
7161,7162,906,bei Armlänge extra kurz,80.0
7162,7163,906,bei Armlänge normal,80.0
7163,7164,906,bei Armlänge extra lang,90.0
7164,7165,907,Kragenweite,39.5
7165,7166,907,Oberweite,116.0
7166,7167,907,Taillenweite,106.0
7167,7168,907,Schulterbreite,17.0
7168,7169,907,Hemdenlänge:,
7169,7170,907,bei Armlänge extra kurz,80.0
7170,7171,907,bei Armlänge normal,80.0
7171,7172,907,bei Armlänge extra lang,90.0
7172,7173,908,Kragenweite,41.5
7173,7174,908,Oberweite,122.0
7174,7175,908,Taillenweite,114.0
7175,7176,908,Schulterbreite,178.0
7176,7177,908,Hemdenlänge:,
7177,7178,908,bei Armlänge extra kurz,80.0
7178,7179,908,bei Armlänge normal,80.0
7179,7180,908,bei Armlänge extra lang,90.0
7180,7181,909,Kragenweite,43.5
7181,7182,909,Oberweite,132.0
7182,7183,909,Taillenweite,122.0
7183,7184,909,Schulterbreite,186.0
7184,7185,909,Hemdenlänge:,
7185,7186,909,bei Armlänge extra kurz,80.0
7186,7187,909,bei Armlänge normal,82.0
7187,7188,909,bei Armlänge extra lang,90.0
7188,7189,910,Kragenweite,45.5
7189,7190,910,Oberweite,138.0
7190,7191,910,Taillenweite,130.0
7191,7192,910,Schulterbreite,194.0
7192,7193,910,Hemdenlänge:,
7193,7194,910,bei Armlänge extra kurz,80.0
7194,7195,910,bei Armlänge normal,85.0
7195,7196,910,bei Armlänge extra lang,90.0
7196,7197,911,Kragenweite,47.5
7197,7198,911,Oberweite,146.0
7198,7199,911,Taillenweite,138.0
7199,7200,911,Schulterbreite,202.0
7200,7201,911,Hemdenlänge:,
7201,7202,911,bei Armlänge extra kurz,80.0
7202,7203,911,bei Armlänge normal,90.0
7203,7204,911,bei Armlänge extra lang,90.0
7204,7205,912,Kragenweite,49.5
7205,7206,912,Oberweite,
7206,7207,912,Taillenweite,
7207,7208,912,Schulterbreite,
7208,7209,912,Hemdenlänge:,
7209,7210,912,bei Armlänge extra kurz,
7210,7211,912,bei Armlänge normal,
7211,7212,912,bei Armlänge extra lang,
7212,7213,913,Kragenweite,52.0
7213,7214,913,Oberweite,
7214,7215,913,Taillenweite,
7215,7216,913,Schulterbreite,
7216,7217,913,Hemdenlänge:,
7217,7218,913,bei Armlänge extra kurz,
7218,7219,913,bei Armlänge normal,
7219,7220,913,bei Armlänge extra lang,
7220,7221,914,Kragenweite,54.0
7221,7222,914,Oberweite,
7222,7223,914,Taillenweite,
7223,7224,914,Schulterbreite,
7224,7225,914,Hemdenlänge:,
7225,7226,914,bei Armlänge extra kurz,
7226,7227,914,bei Armlänge normal,
7227,7228,914,bei Armlänge extra lang,
7228,7229,915,Kragenweite,36.0
7229,7230,915,Oberweite,
7230,7231,915,Taillenweite,
7231,7232,915,Hemdenlänge:,
7232,7233,915,bei Armlänge extra kurz,
7233,7234,915,bei Armlänge normal,
7234,7235,915,bei Armlänge extra lang,
7235,7236,916,Kragenweite,37.5
7236,7237,916,Oberweite,110.0
7237,7238,916,Taillenweite,100.0
7238,7239,916,Hemdenlänge:,
7239,7240,916,bei Armlänge extra kurz,82.0
7240,7241,916,bei Armlänge normal,82.0
7241,7242,916,bei Armlänge extra lang,87.0
7242,7243,917,Kragenweite,39.5
7243,7244,917,Oberweite,116.0
7244,7245,917,Taillenweite,108.0
7245,7246,917,Hemdenlänge:,
7246,7247,917,bei Armlänge extra kurz,82.0
7247,7248,917,bei Armlänge normal,82.0
7248,7249,917,bei Armlänge extra lang,87.0
7249,7250,918,Kragenweite,41.5
7250,7251,918,Oberweite,124.0
7251,7252,918,Taillenweite,116.0
7252,7253,918,Hemdenlänge:,
7253,7254,918,bei Armlänge extra kurz,82.0
7254,7255,918,bei Armlänge normal,82.0
7255,7256,918,bei Armlänge extra lang,87.0
7256,7257,919,Kragenweite,43.5
7257,7258,919,Oberweite,132.0
7258,7259,919,Taillenweite,126.0
7259,7260,919,Hemdenlänge:,
7260,7261,919,bei Armlänge extra kurz,82.0
7261,7262,919,bei Armlänge normal,85.0
7262,7263,919,bei Armlänge extra lang,90.0
7263,7264,920,Kragenweite,45.5
7264,7265,920,Oberweite,140.0
7265,7266,920,Taillenweite,134.0
7266,7267,920,Hemdenlänge:,
7267,7268,920,bei Armlänge extra kurz,82.0
7268,7269,920,bei Armlänge normal,85.0
7269,7270,920,bei Armlänge extra lang,90.0
7270,7271,921,Kragenweite,47.5
7271,7272,921,Oberweite,150.0
7272,7273,921,Taillenweite,146.0
7273,7274,921,Hemdenlänge:,
7274,7275,921,bei Armlänge extra kurz,82.0
7275,7276,921,bei Armlänge normal,90.0
7276,7277,921,bei Armlänge extra lang,95.0
7277,7278,922,Kragenweite,49.5
7278,7279,922,Oberweite,156.0
7279,7280,922,Taillenweite,156.0
7280,7281,922,Hemdenlänge:,
7281,7282,922,bei Armlänge extra kurz,82.0
7282,7283,922,bei Armlänge normal,90.0
7283,7284,922,bei Armlänge extra lang,95.0
7284,7285,923,Kragenweite,52.0
7285,7286,923,Oberweite,160.0
7286,7287,923,Taillenweite,164.0
7287,7288,923,Hemdenlänge:,
7288,7289,923,bei Armlänge extra kurz,82.0
7289,7290,923,bei Armlänge normal,90.0
7290,7291,923,bei Armlänge extra lang,95.0
7291,7292,924,Kragenweite,54.0
7292,7293,924,Oberweite,164.0
7293,7294,924,Taillenweite,170.0
7294,7295,924,Hemdenlänge:,
7295,7296,924,bei Armlänge extra kurz,82.0
7296,7297,924,bei Armlänge normal,90.0
7297,7298,924,bei Armlänge extra lang,95.0
7298,7299,925,Kragenweite,36.0
7299,7300,925,Oberweite,98.0
7300,7301,925,Taillenweite,86.0
7301,7302,925,Rückenbreite,38.0
7302,7303,925,Hemdenlänge:,
7303,7304,925,bei Armlänge normal,76.0
7304,7305,925,bei Armlänge extra lang,
7305,7306,926,Kragenweite,37.5
7306,7307,926,Oberweite,104.0
7307,7308,926,Taillenweite,92.0
7308,7309,926,Rückenbreite,40.0
7309,7310,926,Hemdenlänge:,
7310,7311,926,bei Armlänge normal,78.0
7311,7312,926,bei Armlänge extra lang,81.0
7312,7313,927,Kragenweite,39.5
7313,7314,927,Oberweite,110.0
7314,7315,927,Taillenweite,98.0
7315,7316,927,Rückenbreite,42.0
7316,7317,927,Hemdenlänge:,
7317,7318,927,bei Armlänge normal,80.0
7318,7319,927,bei Armlänge extra lang,83.0
7319,7320,928,Kragenweite,41.5
7320,7321,928,Oberweite,116.0
7321,7322,928,Taillenweite,104.0
7322,7323,928,Rückenbreite,44.0
7323,7324,928,Hemdenlänge:,
7324,7325,928,bei Armlänge normal,80.0
7325,7326,928,bei Armlänge extra lang,83.0
7326,7327,929,Kragenweite,43.5
7327,7328,929,Oberweite,124.0
7328,7329,929,Taillenweite,112.0
7329,7330,929,Rückenbreite,46.0
7330,7331,929,Hemdenlänge:,
7331,7332,929,bei Armlänge normal,83.0
7332,7333,929,bei Armlänge extra lang,87.0
7333,7334,930,Kragenweite,45.5
7334,7335,930,Oberweite,
7335,7336,930,Taillenweite,
7336,7337,930,Rückenbreite,
7337,7338,930,Hemdenlänge:,
7338,7339,930,bei Armlänge normal,
7339,7340,930,bei Armlänge extra lang,
7340,7341,931,Kragenweite,47.5
7341,7342,931,Oberweite,
7342,7343,931,Taillenweite,
7343,7344,931,Rückenbreite,
7344,7345,931,Hemdenlänge:,
7345,7346,931,bei Armlänge normal,
7346,7347,931,bei Armlänge extra lang,
7347,7348,932,Kragenweite,49.5
7348,7349,932,Oberweite,
7349,7350,932,Taillenweite,
7350,7351,932,Rückenbreite,
7351,7352,932,Hemdenlänge:,
7352,7353,932,bei Armlänge normal,
7353,7354,932,bei Armlänge extra lang,
7354,7355,933,Kragenweite,52.0
7355,7356,933,Oberweite,
7356,7357,933,Taillenweite,
7357,7358,933,Rückenbreite,
7358,7359,933,Hemdenlänge:,
7359,7360,933,bei Armlänge normal,
7360,7361,933,bei Armlänge extra lang,
7361,7362,934,Kragenweite,54.0
7362,7363,934,Oberweite,
7363,7364,934,Taillenweite,
7364,7365,934,Rückenbreite,
7365,7366,934,Hemdenlänge:,
7366,7367,934,bei Armlänge normal,
7367,7368,934,bei Armlänge extra lang,
7368,7369,935,Kragenweite,36.0
7369,7370,935,Oberweite,98.0
7370,7371,935,Taillenweite,88.0
7371,7372,935,Schulterbreite,147.0
7372,7373,935,Hemdenlänge:,
7373,7374,935,bei Armlänge normal,77.0
7374,7375,935,bei Armlänge extra lang,85.0
7375,7376,936,Kragenweite,37.5
7376,7377,936,Oberweite,104.0
7377,7378,936,Taillenweite,94.0
7378,7379,936,Schulterbreite,152.0
7379,7380,936,Hemdenlänge:,
7380,7381,936,bei Armlänge normal,78.0
7381,7382,936,bei Armlänge extra lang,86.0
7382,7383,937,Kragenweite,39.5
7383,7384,937,Oberweite,112.0
7384,7385,937,Taillenweite,102.0
7385,7386,937,Schulterbreite,157.0
7386,7387,937,Hemdenlänge:,
7387,7388,937,bei Armlänge normal,80.0
7388,7389,937,bei Armlänge extra lang,88.0
7389,7390,938,Kragenweite,41.5
7390,7391,938,Oberweite,120.0
7391,7392,938,Taillenweite,110.0
7392,7393,938,Schulterbreite,162.0
7393,7394,938,Hemdenlänge:,
7394,7395,938,bei Armlänge normal,82.0
7395,7396,938,bei Armlänge extra lang,90.0
7396,7397,939,Kragenweite,43.5
7397,7398,939,Oberweite,130.0
7398,7399,939,Taillenweite,120.0
7399,7400,939,Schulterbreite,172.0
7400,7401,939,Hemdenlänge:,
7401,7402,939,bei Armlänge normal,84.0
7402,7403,939,bei Armlänge extra lang,91.0
7403,7404,940,Kragenweite,45.5
7404,7405,940,Oberweite,138.0
7405,7406,940,Taillenweite,130.0
7406,7407,940,Schulterbreite,182.0
7407,7408,940,Hemdenlänge:,
7408,7409,940,bei Armlänge normal,86.0
7409,7410,940,bei Armlänge extra lang,93.0
7410,7411,941,Kragenweite,47.5
7411,7412,941,Oberweite,146.0
7412,7413,941,Taillenweite,140.0
7413,7414,941,Schulterbreite,189.0
7414,7415,941,Hemdenlänge:,
7415,7416,941,bei Armlänge normal,90.0
7416,7417,941,bei Armlänge extra lang,95.0
7417,7418,942,Kragenweite,49.5
7418,7419,942,Oberweite,
7419,7420,942,Taillenweite,
7420,7421,942,Schulterbreite,
7421,7422,942,Hemdenlänge:,
7422,7423,942,bei Armlänge normal,
7423,7424,942,bei Armlänge extra lang,
7424,7425,943,Kragenweite,52.0
7425,7426,943,Oberweite,
7426,7427,943,Taillenweite,
7427,7428,943,Schulterbreite,
7428,7429,943,Hemdenlänge:,
7429,7430,943,bei Armlänge normal,
7430,7431,943,bei Armlänge extra lang,
7431,7432,944,Kragenweite,54.0
7432,7433,944,Oberweite,
7433,7434,944,Taillenweite,
7434,7435,944,Schulterbreite,
7435,7436,944,Hemdenlänge:,
7436,7437,944,bei Armlänge normal,
7437,7438,944,bei Armlänge extra lang,
7438,7439,945,Kragenweite,36.0
7439,7440,945,Oberweite,
7440,7441,945,Taillenweite,
7441,7442,945,Hemdenlänge:,
7442,7443,945,bei Armlänge normal,
7443,7444,945,bei Armlänge extra lang,
7444,7445,946,Kragenweite,37.5
7445,7446,946,Oberweite,110.0
7446,7447,946,Taillenweite,100.0
7447,7448,946,Hemdenlänge:,
7448,7449,946,bei Armlänge normal,82.0
7449,7450,946,bei Armlänge extra lang,87.0
7450,7451,947,Kragenweite,39.5
7451,7452,947,Oberweite,116.0
7452,7453,947,Taillenweite,108.0
7453,7454,947,Hemdenlänge:,
7454,7455,947,bei Armlänge normal,82.0
7455,7456,947,bei Armlänge extra lang,87.0
7456,7457,948,Kragenweite,41.5
7457,7458,948,Oberweite,124.0
7458,7459,948,Taillenweite,116.0
7459,7460,948,Hemdenlänge:,
7460,7461,948,bei Armlänge normal,82.0
7461,7462,948,bei Armlänge extra lang,87.0
7462,7463,949,Kragenweite,43.5
7463,7464,949,Oberweite,132.0
7464,7465,949,Taillenweite,126.0
7465,7466,949,Hemdenlänge:,
7466,7467,949,bei Armlänge normal,85.0
7467,7468,949,bei Armlänge extra lang,90.0
7468,7469,950,Kragenweite,45.5
7469,7470,950,Oberweite,140.0
7470,7471,950,Taillenweite,134.0
7471,7472,950,Hemdenlänge:,
7472,7473,950,bei Armlänge normal,85.0
7473,7474,950,bei Armlänge extra lang,90.0
7474,7475,951,Kragenweite,47.5
7475,7476,951,Oberweite,150.0
7476,7477,951,Taillenweite,146.0
7477,7478,951,Hemdenlänge:,
7478,7479,951,bei Armlänge normal,90.0
7479,7480,951,bei Armlänge extra lang,95.0
7480,7481,952,Kragenweite,49.5
7481,7482,952,Oberweite,156.0
7482,7483,952,Taillenweite,156.0
7483,7484,952,Hemdenlänge:,
7484,7485,952,bei Armlänge normal,90.0
7485,7486,952,bei Armlänge extra lang,95.0
7486,7487,953,Kragenweite,52.0
7487,7488,953,Oberweite,160.0
7488,7489,953,Taillenweite,164.0
7489,7490,953,Hemdenlänge:,
7490,7491,953,bei Armlänge normal,90.0
7491,7492,953,bei Armlänge extra lang,95.0
7492,7493,954,Kragenweite,54.0
7493,7494,954,Oberweite,164.0
7494,7495,954,Taillenweite,170.0
7495,7496,954,Hemdenlänge:,
7496,7497,954,bei Armlänge normal,90.0
7497,7498,954,bei Armlänge extra lang,95.0
7498,7499,955,Kragenweite,39.5
7499,7500,955,Oberweite,122.0
7500,7501,955,Taillenweite,118.0
7501,7502,955,Hüftweite,116.0
7502,7503,955,Rückenbreite,495.0
7503,7504,955,Hemdenlänge:,
7504,7505,955,bei Armlänge extra kurz,80.0
7505,7506,955,bei Armlänge normal,80.0
7506,7507,955,bei Armlänge extra lang,84.0
7507,7508,956,Kragenweite,41.5
7508,7509,956,Oberweite,128.0
7509,7510,956,Taillenweite,124.0
7510,7511,956,Hüftweite,122.0
7511,7512,956,Rückenbreite,51.0
7512,7513,956,Hemdenlänge:,
7513,7514,956,bei Armlänge extra kurz,82.0
7514,7515,956,bei Armlänge normal,82.0
7515,7516,956,bei Armlänge extra lang,86.0
7516,7517,957,Kragenweite,43.5
7517,7518,957,Oberweite,134.0
7518,7519,957,Taillenweite,132.0
7519,7520,957,Hüftweite,128.0
7520,7521,957,Rückenbreite,525.0
7521,7522,957,Hemdenlänge:,
7522,7523,957,bei Armlänge extra kurz,82.0
7523,7524,957,bei Armlänge normal,82.0
7524,7525,957,bei Armlänge extra lang,86.0
7525,7526,958,Kragenweite,45.5
7526,7527,958,Oberweite,140.0
7527,7528,958,Taillenweite,140.0
7528,7529,958,Hüftweite,136.0
7529,7530,958,Rückenbreite,54.0
7530,7531,958,Hemdenlänge:,
7531,7532,958,bei Armlänge extra kurz,84.0
7532,7533,958,bei Armlänge normal,84.0
7533,7534,958,bei Armlänge extra lang,88.0
7534,7535,959,Kragenweite,47.5
7535,7536,959,Oberweite,148.0
7536,7537,959,Taillenweite,148.0
7537,7538,959,Hüftweite,144.0
7538,7539,959,Rückenbreite,555.0
7539,7540,959,Hemdenlänge:,
7540,7541,959,bei Armlänge extra kurz,84.0
7541,7542,959,bei Armlänge normal,84.0
7542,7543,959,bei Armlänge extra lang,88.0
7543,7544,960,Kragenweite,49.5
7544,7545,960,Oberweite,156.0
7545,7546,960,Taillenweite,156.0
7546,7547,960,Hüftweite,152.0
7547,7548,960,Rückenbreite,575.0
7548,7549,960,Hemdenlänge:,
7549,7550,960,bei Armlänge extra kurz,86.0
7550,7551,960,bei Armlänge normal,86.0
7551,7552,960,bei Armlänge extra lang,
7552,7553,961,Kragenweite,52.0
7553,7554,961,Oberweite,164.0
7554,7555,961,Taillenweite,164.0
7555,7556,961,Hüftweite,160.0
7556,7557,961,Rückenbreite,595.0
7557,7558,961,Hemdenlänge:,
7558,7559,961,bei Armlänge extra kurz,
7559,7560,961,bei Armlänge normal,86.0
7560,7561,961,bei Armlänge extra lang,
7561,7562,962,Kragenweite,54.0
7562,7563,962,Oberweite,172.0
7563,7564,962,Taillenweite,172.0
7564,7565,962,Hüftweite,168.0
7565,7566,962,Rückenbreite,615.0
7566,7567,962,Hemdenlänge:,
7567,7568,962,bei Armlänge extra kurz,
7568,7569,962,bei Armlänge normal,88.0
7569,7570,962,bei Armlänge extra lang,
7570,7571,963,Kragenweite,
7571,7572,963,Oberweite,
7572,7573,963,Taillenweite,
7573,7574,963,Hüftweite,
7574,7575,963,Rückenbreite,
7575,7576,963,Hemdenlänge:,
7576,7577,963,bei Armlänge extra kurz,
7577,7578,963,bei Armlänge normal,
7578,7579,963,bei Armlänge extra lang,
7579,7580,964,Kragenweite,
7580,7581,964,Oberweite,
7581,7582,964,Taillenweite,
7582,7583,964,Hüftweite,
7583,7584,964,Rückenbreite,
7584,7585,964,Hemdenlänge:,
7585,7586,964,bei Armlänge extra kurz,
7586,7587,964,bei Armlänge normal,
7587,7588,964,bei Armlänge extra lang,
7588,7589,965,Kragenweite,36.0
7589,7590,965,Oberweite,96.0
7590,7591,965,Taillenweite,82.0
7591,7592,965,Hemdenlänge:,
7592,7593,965,bei Armlänge extra kurz,76.0
7593,7594,965,bei Armlänge normal,76.0
7594,7595,965,bei Armlänge extra lang,81.0
7595,7596,966,Kragenweite,37.5
7596,7597,966,Oberweite,104.0
7597,7598,966,Taillenweite,90.0
7598,7599,966,Hemdenlänge:,
7599,7600,966,bei Armlänge extra kurz,77.0
7600,7601,966,bei Armlänge normal,77.0
7601,7602,966,bei Armlänge extra lang,82.0
7602,7603,967,Kragenweite,39.5
7603,7604,967,Oberweite,112.0
7604,7605,967,Taillenweite,98.0
7605,7606,967,Hemdenlänge:,
7606,7607,967,bei Armlänge extra kurz,78.0
7607,7608,967,bei Armlänge normal,78.0
7608,7609,967,bei Armlänge extra lang,83.0
7609,7610,968,Kragenweite,41.5
7610,7611,968,Oberweite,118.0
7611,7612,968,Taillenweite,104.0
7612,7613,968,Hemdenlänge:,
7613,7614,968,bei Armlänge extra kurz,79.0
7614,7615,968,bei Armlänge normal,79.0
7615,7616,968,bei Armlänge extra lang,84.0
7616,7617,969,Kragenweite,43.5
7617,7618,969,Oberweite,126.0
7618,7619,969,Taillenweite,112.0
7619,7620,969,Hemdenlänge:,
7620,7621,969,bei Armlänge extra kurz,80.0
7621,7622,969,bei Armlänge normal,80.0
7622,7623,969,bei Armlänge extra lang,85.0
7623,7624,970,Kragenweite,45.5
7624,7625,970,Oberweite,134.0
7625,7626,970,Taillenweite,120.0
7626,7627,970,Hemdenlänge:,
7627,7628,970,bei Armlänge extra kurz,81.0
7628,7629,970,bei Armlänge normal,81.0
7629,7630,970,bei Armlänge extra lang,86.0
7630,7631,971,Kragenweite,47.5
7631,7632,971,Oberweite,
7632,7633,971,Taillenweite,
7633,7634,971,Hemdenlänge:,
7634,7635,971,bei Armlänge extra kurz,
7635,7636,971,bei Armlänge normal,
7636,7637,971,bei Armlänge extra lang,
7637,7638,972,Kragenweite,49.5
7638,7639,972,Oberweite,
7639,7640,972,Taillenweite,
7640,7641,972,Hemdenlänge:,
7641,7642,972,bei Armlänge extra kurz,
7642,7643,972,bei Armlänge normal,
7643,7644,972,bei Armlänge extra lang,
7644,7645,973,Kragenweite,52.0
7645,7646,973,Oberweite,
7646,7647,973,Taillenweite,
7647,7648,973,Hemdenlänge:,
7648,7649,973,bei Armlänge extra kurz,
7649,7650,973,bei Armlänge normal,
7650,7651,973,bei Armlänge extra lang,
7651,7652,974,Kragenweite,54.0
7652,7653,974,Oberweite,
7653,7654,974,Taillenweite,
7654,7655,974,Hemdenlänge:,
7655,7656,974,bei Armlänge extra kurz,
7656,7657,974,bei Armlänge normal,
7657,7658,974,bei Armlänge extra lang,
7658,7659,975,Kragenweite,36.0
7659,7660,975,Oberweite,
7660,7661,975,Taillenweite,
7661,7662,975,Schulterbreite,
7662,7663,975,Hemdenlänge:,
7663,7664,975,bei Armlänge extra kurz,
7664,7665,975,bei Armlänge normal,
7665,7666,975,bei Armlänge extra lang,
7666,7667,976,Kragenweite,37.5
7667,7668,976,Oberweite,112.0
7668,7669,976,Taillenweite,108.0
7669,7670,976,Schulterbreite,17.0
7670,7671,976,Hemdenlänge:,
7671,7672,976,bei Armlänge extra kurz,80.0
7672,7673,976,bei Armlänge normal,80.0
7673,7674,976,bei Armlänge extra lang,90.0
7674,7675,977,Kragenweite,39.5
7675,7676,977,Oberweite,120.0
7676,7677,977,Taillenweite,114.0
7677,7678,977,Schulterbreite,178.0
7678,7679,977,Hemdenlänge:,
7679,7680,977,bei Armlänge extra kurz,80.0
7680,7681,977,bei Armlänge normal,80.0
7681,7682,977,bei Armlänge extra lang,90.0
7682,7683,978,Kragenweite,41.5
7683,7684,978,Oberweite,128.0
7684,7685,978,Taillenweite,124.0
7685,7686,978,Schulterbreite,186.0
7686,7687,978,Hemdenlänge:,
7687,7688,978,bei Armlänge extra kurz,80.0
7688,7689,978,bei Armlänge normal,80.0
7689,7690,978,bei Armlänge extra lang,90.0
7690,7691,979,Kragenweite,43.5
7691,7692,979,Oberweite,134.0
7692,7693,979,Taillenweite,134.0
7693,7694,979,Schulterbreite,194.0
7694,7695,979,Hemdenlänge:,
7695,7696,979,bei Armlänge extra kurz,80.0
7696,7697,979,bei Armlänge normal,82.0
7697,7698,979,bei Armlänge extra lang,90.0
7698,7699,980,Kragenweite,45.5
7699,7700,980,Oberweite,148.0
7700,7701,980,Taillenweite,148.0
7701,7702,980,Schulterbreite,202.0
7702,7703,980,Hemdenlänge:,
7703,7704,980,bei Armlänge extra kurz,80.0
7704,7705,980,bei Armlänge normal,90.0
7705,7706,980,bei Armlänge extra lang,90.0
7706,7707,981,Kragenweite,47.5
7707,7708,981,Oberweite,154.0
7708,7709,981,Taillenweite,154.0
7709,7710,981,Schulterbreite,21.0
7710,7711,981,Hemdenlänge:,
7711,7712,981,bei Armlänge extra kurz,80.0
7712,7713,981,bei Armlänge normal,90.0
7713,7714,981,bei Armlänge extra lang,90.0
7714,7715,982,Kragenweite,49.5
7715,7716,982,Oberweite,160.0
7716,7717,982,Taillenweite,160.0
7717,7718,982,Schulterbreite,218.0
7718,7719,982,Hemdenlänge:,
7719,7720,982,bei Armlänge extra kurz,80.0
7720,7721,982,bei Armlänge normal,95.0
7721,7722,982,bei Armlänge extra lang,95.0
7722,7723,983,Kragenweite,52.0
7723,7724,983,Oberweite,168.0
7724,7725,983,Taillenweite,168.0
7725,7726,983,Schulterbreite,226.0
7726,7727,983,Hemdenlänge:,
7727,7728,983,bei Armlänge extra kurz,80.0
7728,7729,983,bei Armlänge normal,95.0
7729,7730,983,bei Armlänge extra lang,95.0
7730,7731,984,Kragenweite,54.0
7731,7732,984,Oberweite,176.0
7732,7733,984,Taillenweite,176.0
7733,7734,984,Schulterbreite,234.0
7734,7735,984,Hemdenlänge:,
7735,7736,984,bei Armlänge extra kurz,80.0
7736,7737,984,bei Armlänge normal,95.0
7737,7738,984,bei Armlänge extra lang,95.0
7738,7739,985,Kragenweite,36.0
7739,7740,985,Oberweite,
7740,7741,985,Taillenweite,
7741,7742,985,Hemdenlänge:,
7742,7743,985,bei Armlänge normal,
7743,7744,985,bei Armlänge extra lang,
7744,7745,986,Kragenweite,37.5
7745,7746,986,Oberweite,110.0
7746,7747,986,Taillenweite,100.0
7747,7748,986,Hemdenlänge:,
7748,7749,986,bei Armlänge normal,82.0
7749,7750,986,bei Armlänge extra lang,87.0
7750,7751,987,Kragenweite,39.5
7751,7752,987,Oberweite,116.0
7752,7753,987,Taillenweite,108.0
7753,7754,987,Hemdenlänge:,
7754,7755,987,bei Armlänge normal,82.0
7755,7756,987,bei Armlänge extra lang,87.0
7756,7757,988,Kragenweite,41.5
7757,7758,988,Oberweite,124.0
7758,7759,988,Taillenweite,116.0
7759,7760,988,Hemdenlänge:,
7760,7761,988,bei Armlänge normal,82.0
7761,7762,988,bei Armlänge extra lang,87.0
7762,7763,989,Kragenweite,43.5
7763,7764,989,Oberweite,132.0
7764,7765,989,Taillenweite,126.0
7765,7766,989,Hemdenlänge:,
7766,7767,989,bei Armlänge normal,85.0
7767,7768,989,bei Armlänge extra lang,90.0
7768,7769,990,Kragenweite,45.5
7769,7770,990,Oberweite,140.0
7770,7771,990,Taillenweite,134.0
7771,7772,990,Hemdenlänge:,
7772,7773,990,bei Armlänge normal,85.0
7773,7774,990,bei Armlänge extra lang,90.0
7774,7775,991,Kragenweite,47.5
7775,7776,991,Oberweite,150.0
7776,7777,991,Taillenweite,146.0
7777,7778,991,Hemdenlänge:,
7778,7779,991,bei Armlänge normal,90.0
7779,7780,991,bei Armlänge extra lang,95.0
7780,7781,992,Kragenweite,49.5
7781,7782,992,Oberweite,156.0
7782,7783,992,Taillenweite,156.0
7783,7784,992,Hemdenlänge:,
7784,7785,992,bei Armlänge normal,90.0
7785,7786,992,bei Armlänge extra lang,95.0
7786,7787,993,Kragenweite,52.0
7787,7788,993,Oberweite,160.0
7788,7789,993,Taillenweite,164.0
7789,7790,993,Hemdenlänge:,
7790,7791,993,bei Armlänge normal,90.0
7791,7792,993,bei Armlänge extra lang,95.0
7792,7793,994,Kragenweite,54.0
7793,7794,994,Oberweite,164.0
7794,7795,994,Taillenweite,170.0
7795,7796,994,Hemdenlänge:,
7796,7797,994,bei Armlänge normal,90.0
7797,7798,994,bei Armlänge extra lang,95.0
7798,7799,995,Kragenweite,36.0
7799,7800,995,Oberweite,
7800,7801,995,Taillenweite,
7801,7802,995,Schulterbreite,
7802,7803,995,Hemdenlänge:,
7803,7804,995,bei Armlänge normal,
7804,7805,995,bei Armlänge extra lang,
7805,7806,996,Kragenweite,37.5
7806,7807,996,Oberweite,102.0
7807,7808,996,Taillenweite,92.0
7808,7809,996,Schulterbreite,162.0
7809,7810,996,Hemdenlänge:,
7810,7811,996,bei Armlänge normal,80.0
7811,7812,996,bei Armlänge extra lang,90.0
7812,7813,997,Kragenweite,39.5
7813,7814,997,Oberweite,110.0
7814,7815,997,Taillenweite,98.0
7815,7816,997,Schulterbreite,17.0
7816,7817,997,Hemdenlänge:,
7817,7818,997,bei Armlänge normal,80.0
7818,7819,997,bei Armlänge extra lang,90.0
7819,7820,998,Kragenweite,41.5
7820,7821,998,Oberweite,116.0
7821,7822,998,Taillenweite,104.0
7822,7823,998,Schulterbreite,178.0
7823,7824,998,Hemdenlänge:,
7824,7825,998,bei Armlänge normal,80.0
7825,7826,998,bei Armlänge extra lang,90.0
7826,7827,999,Kragenweite,43.5
7827,7828,999,Oberweite,124.0
7828,7829,999,Taillenweite,112.0
7829,7830,999,Schulterbreite,186.0
7830,7831,999,Hemdenlänge:,
7831,7832,999,bei Armlänge normal,82.0
7832,7833,999,bei Armlänge extra lang,90.0
7833,7834,1000,Kragenweite,45.5
7834,7835,1000,Oberweite,134.0
7835,7836,1000,Taillenweite,122.0
7836,7837,1000,Schulterbreite,194.0
7837,7838,1000,Hemdenlänge:,
7838,7839,1000,bei Armlänge normal,85.0
7839,7840,1000,bei Armlänge extra lang,90.0
7840,7841,1001,Kragenweite,47.5
7841,7842,1001,Oberweite,
7842,7843,1001,Taillenweite,
7843,7844,1001,Schulterbreite,
7844,7845,1001,Hemdenlänge:,
7845,7846,1001,bei Armlänge normal,
7846,7847,1001,bei Armlänge extra lang,
7847,7848,1002,Kragenweite,49.5
7848,7849,1002,Oberweite,
7849,7850,1002,Taillenweite,
7850,7851,1002,Schulterbreite,
7851,7852,1002,Hemdenlänge:,
7852,7853,1002,bei Armlänge normal,
7853,7854,1002,bei Armlänge extra lang,
7854,7855,1003,Kragenweite,52.0
7855,7856,1003,Oberweite,
7856,7857,1003,Taillenweite,
7857,7858,1003,Schulterbreite,
7858,7859,1003,Hemdenlänge:,
7859,7860,1003,bei Armlänge normal,
7860,7861,1003,bei Armlänge extra lang,
7861,7862,1004,Kragenweite,54.0
7862,7863,1004,Oberweite,
7863,7864,1004,Taillenweite,
7864,7865,1004,Schulterbreite,
7865,7866,1004,Hemdenlänge:,
7866,7867,1004,bei Armlänge normal,
7867,7868,1004,bei Armlänge extra lang,
7868,7869,1005,Kragenweite,36.0
7869,7870,1005,Oberweite,
7870,7871,1005,Taillenweite,
7871,7872,1005,Rückenbreite,
7872,7873,1005,Hemdenlänge:,
7873,7874,1005,bei Armlänge normal,
7874,7875,1005,bei Armlänge extra lang,
7875,7876,1006,Kragenweite,37.5
7876,7877,1006,Oberweite,114.0
7877,7878,1006,Taillenweite,102.0
7878,7879,1006,Rückenbreite,47.0
7879,7880,1006,Hemdenlänge:,
7880,7881,1006,bei Armlänge normal,82.0
7881,7882,1006,bei Armlänge extra lang,85.0
7882,7883,1007,Kragenweite,39.5
7883,7884,1007,Oberweite,120.0
7884,7885,1007,Taillenweite,106.0
7885,7886,1007,Rückenbreite,485.0
7886,7887,1007,Hemdenlänge:,
7887,7888,1007,bei Armlänge normal,82.0
7888,7889,1007,bei Armlänge extra lang,85.0
7889,7890,1008,Kragenweite,41.5
7890,7891,1008,Oberweite,126.0
7891,7892,1008,Taillenweite,112.0
7892,7893,1008,Rückenbreite,50.0
7893,7894,1008,Hemdenlänge:,
7894,7895,1008,bei Armlänge normal,82.0
7895,7896,1008,bei Armlänge extra lang,85.0
7896,7897,1009,Kragenweite,43.5
7897,7898,1009,Oberweite,132.0
7898,7899,1009,Taillenweite,122.0
7899,7900,1009,Rückenbreite,515.0
7900,7901,1009,Hemdenlänge:,
7901,7902,1009,bei Armlänge normal,85.0
7902,7903,1009,bei Armlänge extra lang,90.0
7903,7904,1010,Kragenweite,45.5
7904,7905,1010,Oberweite,138.0
7905,7906,1010,Taillenweite,130.0
7906,7907,1010,Rückenbreite,53.0
7907,7908,1010,Hemdenlänge:,
7908,7909,1010,bei Armlänge normal,85.0
7909,7910,1010,bei Armlänge extra lang,90.0
7910,7911,1011,Kragenweite,47.5
7911,7912,1011,Oberweite,
7912,7913,1011,Taillenweite,
7913,7914,1011,Rückenbreite,
7914,7915,1011,Hemdenlänge:,
7915,7916,1011,bei Armlänge normal,
7916,7917,1011,bei Armlänge extra lang,
7917,7918,1012,Kragenweite,49.5
7918,7919,1012,Oberweite,
7919,7920,1012,Taillenweite,
7920,7921,1012,Rückenbreite,
7921,7922,1012,Hemdenlänge:,
7922,7923,1012,bei Armlänge normal,
7923,7924,1012,bei Armlänge extra lang,
7924,7925,1013,Kragenweite,52.0
7925,7926,1013,Oberweite,
7926,7927,1013,Taillenweite,
7927,7928,1013,Rückenbreite,
7928,7929,1013,Hemdenlänge:,
7929,7930,1013,bei Armlänge normal,
7930,7931,1013,bei Armlänge extra lang,
7931,7932,1014,Kragenweite,54.0
7932,7933,1014,Oberweite,
7933,7934,1014,Taillenweite,
7934,7935,1014,Rückenbreite,
7935,7936,1014,Hemdenlänge:,
7936,7937,1014,bei Armlänge normal,
7937,7938,1014,bei Armlänge extra lang,
7938,7939,1015,Kragenweite,36.0
7939,7940,1015,Oberweite,98.0
7940,7941,1015,Taillenweite,88.0
7941,7942,1015,Schulterbreite,147.0
7942,7943,1015,Hemdenlänge:,
7943,7944,1015,bei Armlänge normal,77.0
7944,7945,1015,bei Armlänge extra lang,85.0
7945,7946,1016,Kragenweite,37.5
7946,7947,1016,Oberweite,104.0
7947,7948,1016,Taillenweite,94.0
7948,7949,1016,Schulterbreite,152.0
7949,7950,1016,Hemdenlänge:,
7950,7951,1016,bei Armlänge normal,78.0
7951,7952,1016,bei Armlänge extra lang,86.0
7952,7953,1017,Kragenweite,39.5
7953,7954,1017,Oberweite,112.0
7954,7955,1017,Taillenweite,102.0
7955,7956,1017,Schulterbreite,157.0
7956,7957,1017,Hemdenlänge:,
7957,7958,1017,bei Armlänge normal,80.0
7958,7959,1017,bei Armlänge extra lang,88.0
7959,7960,1018,Kragenweite,41.5
7960,7961,1018,Oberweite,120.0
7961,7962,1018,Taillenweite,110.0
7962,7963,1018,Schulterbreite,162.0
7963,7964,1018,Hemdenlänge:,
7964,7965,1018,bei Armlänge normal,82.0
7965,7966,1018,bei Armlänge extra lang,90.0
7966,7967,1019,Kragenweite,43.5
7967,7968,1019,Oberweite,130.0
7968,7969,1019,Taillenweite,120.0
7969,7970,1019,Schulterbreite,172.0
7970,7971,1019,Hemdenlänge:,
7971,7972,1019,bei Armlänge normal,84.0
7972,7973,1019,bei Armlänge extra lang,91.0
7973,7974,1020,Kragenweite,45.5
7974,7975,1020,Oberweite,138.0
7975,7976,1020,Taillenweite,130.0
7976,7977,1020,Schulterbreite,182.0
7977,7978,1020,Hemdenlänge:,
7978,7979,1020,bei Armlänge normal,86.0
7979,7980,1020,bei Armlänge extra lang,93.0
7980,7981,1021,Kragenweite,47.5
7981,7982,1021,Oberweite,146.0
7982,7983,1021,Taillenweite,140.0
7983,7984,1021,Schulterbreite,189.0
7984,7985,1021,Hemdenlänge:,
7985,7986,1021,bei Armlänge normal,90.0
7986,7987,1021,bei Armlänge extra lang,95.0
7987,7988,1022,Kragenweite,49.5
7988,7989,1022,Oberweite,
7989,7990,1022,Taillenweite,
7990,7991,1022,Schulterbreite,
7991,7992,1022,Hemdenlänge:,
7992,7993,1022,bei Armlänge normal,
7993,7994,1022,bei Armlänge extra lang,
7994,7995,1023,Kragenweite,52.0
7995,7996,1023,Oberweite,
7996,7997,1023,Taillenweite,
7997,7998,1023,Schulterbreite,
7998,7999,1023,Hemdenlänge:,
7999,8000,1023,bei Armlänge normal,
8000,8001,1023,bei Armlänge extra lang,
8001,8002,1024,Kragenweite,54.0
8002,8003,1024,Oberweite,
8003,8004,1024,Taillenweite,
8004,8005,1024,Schulterbreite,
8005,8006,1024,Hemdenlänge:,
8006,8007,1024,bei Armlänge normal,
8007,8008,1024,bei Armlänge extra lang,
8008,8009,1025,Kragenweite,36.0
8009,8010,1025,Oberweite,
8010,8011,1025,Taillenweite,
8011,8012,1025,Hemdenlänge:,
8012,8013,1025,bei Armlänge normal,
8013,8014,1026,Kragenweite,37.5
8014,8015,1026,Oberweite,108.0
8015,8016,1026,Taillenweite,100.0
8016,8017,1026,Hemdenlänge:,
8017,8018,1026,bei Armlänge normal,79.0
8018,8019,1027,Kragenweite,39.5
8019,8020,1027,Oberweite,114.0
8020,8021,1027,Taillenweite,106.0
8021,8022,1027,Hemdenlänge:,
8022,8023,1027,bei Armlänge normal,81.0
8023,8024,1028,Kragenweite,41.5
8024,8025,1028,Oberweite,120.0
8025,8026,1028,Taillenweite,112.0
8026,8027,1028,Hemdenlänge:,
8027,8028,1028,bei Armlänge normal,83.0
8028,8029,1029,Kragenweite,43.5
8029,8030,1029,Oberweite,126.0
8030,8031,1029,Taillenweite,118.0
8031,8032,1029,Hemdenlänge:,
8032,8033,1029,bei Armlänge normal,84.0
8033,8034,1030,Kragenweite,45.5
8034,8035,1030,Oberweite,132.0
8035,8036,1030,Taillenweite,124.0
8036,8037,1030,Hemdenlänge:,
8037,8038,1030,bei Armlänge normal,85.0
8038,8039,1031,Kragenweite,47.5
8039,8040,1031,Oberweite,138.0
8040,8041,1031,Taillenweite,130.0
8041,8042,1031,Hemdenlänge:,
8042,8043,1031,bei Armlänge normal,87.0
8043,8044,1032,Kragenweite,49.5
8044,8045,1032,Oberweite,
8045,8046,1032,Taillenweite,
8046,8047,1032,Hemdenlänge:,
8047,8048,1032,bei Armlänge normal,
8048,8049,1033,Kragenweite,52.0
8049,8050,1033,Oberweite,
8050,8051,1033,Taillenweite,
8051,8052,1033,Hemdenlänge:,
8052,8053,1033,bei Armlänge normal,
8053,8054,1034,Kragenweite,54.0
8054,8055,1034,Oberweite,
8055,8056,1034,Taillenweite,
8056,8057,1034,Hemdenlänge:,
8057,8058,1034,bei Armlänge normal,
8058,8059,1035,Kragenweite,36.0
8059,8060,1035,Oberweite,96.0
8060,8061,1035,Taillenweite,82.0
8061,8062,1035,Hemdenlänge:,
8062,8063,1035,bei Armlänge extra kurz,76.0
8063,8064,1035,bei Armlänge normal,76.0
8064,8065,1035,bei Armlänge extra lang,81.0
8065,8066,1036,Kragenweite,37.5
8066,8067,1036,Oberweite,104.0
8067,8068,1036,Taillenweite,90.0
8068,8069,1036,Hemdenlänge:,
8069,8070,1036,bei Armlänge extra kurz,77.0
8070,8071,1036,bei Armlänge normal,77.0
8071,8072,1036,bei Armlänge extra lang,82.0
8072,8073,1037,Kragenweite,39.5
8073,8074,1037,Oberweite,112.0
8074,8075,1037,Taillenweite,98.0
8075,8076,1037,Hemdenlänge:,
8076,8077,1037,bei Armlänge extra kurz,78.0
8077,8078,1037,bei Armlänge normal,78.0
8078,8079,1037,bei Armlänge extra lang,83.0
8079,8080,1038,Kragenweite,41.5
8080,8081,1038,Oberweite,118.0
8081,8082,1038,Taillenweite,104.0
8082,8083,1038,Hemdenlänge:,
8083,8084,1038,bei Armlänge extra kurz,79.0
8084,8085,1038,bei Armlänge normal,79.0
8085,8086,1038,bei Armlänge extra lang,84.0
8086,8087,1039,Kragenweite,43.5
8087,8088,1039,Oberweite,126.0
8088,8089,1039,Taillenweite,112.0
8089,8090,1039,Hemdenlänge:,
8090,8091,1039,bei Armlänge extra kurz,80.0
8091,8092,1039,bei Armlänge normal,80.0
8092,8093,1039,bei Armlänge extra lang,85.0
8093,8094,1040,Kragenweite,45.5
8094,8095,1040,Oberweite,134.0
8095,8096,1040,Taillenweite,120.0
8096,8097,1040,Hemdenlänge:,
8097,8098,1040,bei Armlänge extra kurz,81.0
8098,8099,1040,bei Armlänge normal,81.0
8099,8100,1040,bei Armlänge extra lang,86.0
8100,8101,1041,Kragenweite,47.5
8101,8102,1041,Oberweite,
8102,8103,1041,Taillenweite,
8103,8104,1041,Hemdenlänge:,
8104,8105,1041,bei Armlänge extra kurz,
8105,8106,1041,bei Armlänge normal,
8106,8107,1041,bei Armlänge extra lang,
8107,8108,1042,Kragenweite,49.5
8108,8109,1042,Oberweite,
8109,8110,1042,Taillenweite,
8110,8111,1042,Hemdenlänge:,
8111,8112,1042,bei Armlänge extra kurz,
8112,8113,1042,bei Armlänge normal,
8113,8114,1042,bei Armlänge extra lang,
8114,8115,1043,Kragenweite,52.0
8115,8116,1043,Oberweite,
8116,8117,1043,Taillenweite,
8117,8118,1043,Hemdenlänge:,
8118,8119,1043,bei Armlänge extra kurz,
8119,8120,1043,bei Armlänge normal,
8120,8121,1043,bei Armlänge extra lang,
8121,8122,1044,Kragenweite,54.0
8122,8123,1044,Oberweite,
8123,8124,1044,Taillenweite,
8124,8125,1044,Hemdenlänge:,
8125,8126,1044,bei Armlänge extra kurz,
8126,8127,1044,bei Armlänge normal,
8127,8128,1044,bei Armlänge extra lang,
8128,8129,1045,Kragenweite,36.0
8129,8130,1045,Oberweite,108.0
8130,8131,1045,Taillenweite,98.0
8131,8132,1045,Hüftweite,
8132,8133,1045,Rückenbreite,455.0
8133,8134,1045,Hemdenlänge:,
8134,8135,1045,bei Armlänge extra kurz,82.0
8135,8136,1045,bei Armlänge normal,82.0
8136,8137,1045,bei Armlänge extra lang,85.0
8137,8138,1046,Kragenweite,37.5
8138,8139,1046,Oberweite,114.0
8139,8140,1046,Taillenweite,102.0
8140,8141,1046,Hüftweite,106.0
8141,8142,1046,Rückenbreite,47.0
8142,8143,1046,Hemdenlänge:,
8143,8144,1046,bei Armlänge extra kurz,82.0
8144,8145,1046,bei Armlänge normal,82.0
8145,8146,1046,bei Armlänge extra lang,85.0
8146,8147,1047,Kragenweite,39.5
8147,8148,1047,Oberweite,120.0
8148,8149,1047,Taillenweite,106.0
8149,8150,1047,Hüftweite,112.0
8150,8151,1047,Rückenbreite,485.0
8151,8152,1047,Hemdenlänge:,
8152,8153,1047,bei Armlänge extra kurz,82.0
8153,8154,1047,bei Armlänge normal,82.0
8154,8155,1047,bei Armlänge extra lang,85.0
8155,8156,1048,Kragenweite,41.5
8156,8157,1048,Oberweite,126.0
8157,8158,1048,Taillenweite,112.0
8158,8159,1048,Hüftweite,118.0
8159,8160,1048,Rückenbreite,50.0
8160,8161,1048,Hemdenlänge:,
8161,8162,1048,bei Armlänge extra kurz,82.0
8162,8163,1048,bei Armlänge normal,82.0
8163,8164,1048,bei Armlänge extra lang,85.0
8164,8165,1049,Kragenweite,43.5
8165,8166,1049,Oberweite,132.0
8166,8167,1049,Taillenweite,122.0
8167,8168,1049,Hüftweite,124.0
8168,8169,1049,Rückenbreite,515.0
8169,8170,1049,Hemdenlänge:,
8170,8171,1049,bei Armlänge extra kurz,82.0
8171,8172,1049,bei Armlänge normal,85.0
8172,8173,1049,bei Armlänge extra lang,90.0
8173,8174,1050,Kragenweite,45.5
8174,8175,1050,Oberweite,138.0
8175,8176,1050,Taillenweite,130.0
8176,8177,1050,Hüftweite,130.0
8177,8178,1050,Rückenbreite,53.0
8178,8179,1050,Hemdenlänge:,
8179,8180,1050,bei Armlänge extra kurz,84.0
8180,8181,1050,bei Armlänge normal,85.0
8181,8182,1050,bei Armlänge extra lang,90.0
8182,8183,1051,Kragenweite,47.5
8183,8184,1051,Oberweite,144.0
8184,8185,1051,Taillenweite,138.0
8185,8186,1051,Hüftweite,136.0
8186,8187,1051,Rückenbreite,545.0
8187,8188,1051,Hemdenlänge:,
8188,8189,1051,bei Armlänge extra kurz,84.0
8189,8190,1051,bei Armlänge normal,90.0
8190,8191,1051,bei Armlänge extra lang,90.0
8191,8192,1052,Kragenweite,49.5
8192,8193,1052,Oberweite,152.0
8193,8194,1052,Taillenweite,144.0
8194,8195,1052,Hüftweite,
8195,8196,1052,Rückenbreite,565.0
8196,8197,1052,Hemdenlänge:,
8197,8198,1052,bei Armlänge extra kurz,86.0
8198,8199,1052,bei Armlänge normal,95.0
8199,8200,1052,bei Armlänge extra lang,95.0
8200,8201,1053,Kragenweite,52.0
8201,8202,1053,Oberweite,
8202,8203,1053,Taillenweite,
8203,8204,1053,Hüftweite,
8204,8205,1053,Rückenbreite,
8205,8206,1053,Hemdenlänge:,
8206,8207,1053,bei Armlänge extra kurz,
8207,8208,1053,bei Armlänge normal,
8208,8209,1053,bei Armlänge extra lang,
8209,8210,1054,Kragenweite,54.0
8210,8211,1054,Oberweite,
8211,8212,1054,Taillenweite,
8212,8213,1054,Hüftweite,
8213,8214,1054,Rückenbreite,
8214,8215,1054,Hemdenlänge:,
8215,8216,1054,bei Armlänge extra kurz,
8216,8217,1054,bei Armlänge normal,
8217,8218,1054,bei Armlänge extra lang,
8218,8219,1055,Kragenweite,36.0
8219,8220,1055,Oberweite,
8220,8221,1055,Taillenweite,
8221,8222,1055,Hemdenlänge:,
8222,8223,1055,bei Armlänge extra kurz,
8223,8224,1055,bei Armlänge normal,
8224,8225,1056,Kragenweite,37.5
8225,8226,1056,Oberweite,108.0
8226,8227,1056,Taillenweite,94.0
8227,8228,1056,Hemdenlänge:,
8228,8229,1056,bei Armlänge extra kurz,77.0
8229,8230,1056,bei Armlänge normal,82.0
8230,8231,1057,Kragenweite,39.5
8231,8232,1057,Oberweite,114.0
8232,8233,1057,Taillenweite,102.0
8233,8234,1057,Hemdenlänge:,
8234,8235,1057,bei Armlänge extra kurz,78.0
8235,8236,1057,bei Armlänge normal,83.0
8236,8237,1058,Kragenweite,41.5
8237,8238,1058,Oberweite,122.0
8238,8239,1058,Taillenweite,108.0
8239,8240,1058,Hemdenlänge:,
8240,8241,1058,bei Armlänge extra kurz,79.0
8241,8242,1058,bei Armlänge normal,84.0
8242,8243,1059,Kragenweite,43.5
8243,8244,1059,Oberweite,128.0
8244,8245,1059,Taillenweite,114.0
8245,8246,1059,Hemdenlänge:,
8246,8247,1059,bei Armlänge extra kurz,80.0
8247,8248,1059,bei Armlänge normal,85.0
8248,8249,1060,Kragenweite,45.5
8249,8250,1060,Oberweite,134.0
8250,8251,1060,Taillenweite,120.0
8251,8252,1060,Hemdenlänge:,
8252,8253,1060,bei Armlänge extra kurz,81.0
8253,8254,1060,bei Armlänge normal,86.0
8254,8255,1061,Kragenweite,47.5
8255,8256,1061,Oberweite,
8256,8257,1061,Taillenweite,
8257,8258,1061,Hemdenlänge:,
8258,8259,1061,bei Armlänge extra kurz,
8259,8260,1061,bei Armlänge normal,
8260,8261,1062,Kragenweite,49.5
8261,8262,1062,Oberweite,
8262,8263,1062,Taillenweite,
8263,8264,1062,Hemdenlänge:,
8264,8265,1062,bei Armlänge extra kurz,
8265,8266,1062,bei Armlänge normal,
8266,8267,1063,Kragenweite,52.0
8267,8268,1063,Oberweite,
8268,8269,1063,Taillenweite,
8269,8270,1063,Hemdenlänge:,
8270,8271,1063,bei Armlänge extra kurz,
8271,8272,1063,bei Armlänge normal,
8272,8273,1064,Kragenweite,54.0
8273,8274,1064,Oberweite,
8274,8275,1064,Taillenweite,
8275,8276,1064,Hemdenlänge:,
8276,8277,1064,bei Armlänge extra kurz,
8277,8278,1064,bei Armlänge normal,
8278,8279,1065,Kragenweite,36.0
8279,8280,1065,Oberweite,
8280,8281,1065,Taillenweite,
8281,8282,1065,Rückenbreite,
8282,8283,1065,Hemdenlänge:,
8283,8284,1065,bei Armlänge normal,
8284,8285,1065,bei Armlänge extra lang,
8285,8286,1066,Kragenweite,37.5
8286,8287,1066,Oberweite,114.0
8287,8288,1066,Taillenweite,102.0
8288,8289,1066,Rückenbreite,47.0
8289,8290,1066,Hemdenlänge:,
8290,8291,1066,bei Armlänge normal,82.0
8291,8292,1066,bei Armlänge extra lang,85.0
8292,8293,1067,Kragenweite,39.5
8293,8294,1067,Oberweite,120.0
8294,8295,1067,Taillenweite,106.0
8295,8296,1067,Rückenbreite,485.0
8296,8297,1067,Hemdenlänge:,
8297,8298,1067,bei Armlänge normal,82.0
8298,8299,1067,bei Armlänge extra lang,85.0
8299,8300,1068,Kragenweite,41.5
8300,8301,1068,Oberweite,126.0
8301,8302,1068,Taillenweite,112.0
8302,8303,1068,Rückenbreite,50.0
8303,8304,1068,Hemdenlänge:,
8304,8305,1068,bei Armlänge normal,82.0
8305,8306,1068,bei Armlänge extra lang,85.0
8306,8307,1069,Kragenweite,43.5
8307,8308,1069,Oberweite,132.0
8308,8309,1069,Taillenweite,122.0
8309,8310,1069,Rückenbreite,515.0
8310,8311,1069,Hemdenlänge:,
8311,8312,1069,bei Armlänge normal,85.0
8312,8313,1069,bei Armlänge extra lang,90.0
8313,8314,1070,Kragenweite,45.5
8314,8315,1070,Oberweite,138.0
8315,8316,1070,Taillenweite,130.0
8316,8317,1070,Rückenbreite,53.0
8317,8318,1070,Hemdenlänge:,
8318,8319,1070,bei Armlänge normal,85.0
8319,8320,1070,bei Armlänge extra lang,90.0
8320,8321,1071,Kragenweite,47.5
8321,8322,1071,Oberweite,
8322,8323,1071,Taillenweite,
8323,8324,1071,Rückenbreite,
8324,8325,1071,Hemdenlänge:,
8325,8326,1071,bei Armlänge normal,
8326,8327,1071,bei Armlänge extra lang,
8327,8328,1072,Kragenweite,49.5
8328,8329,1072,Oberweite,
8329,8330,1072,Taillenweite,
8330,8331,1072,Rückenbreite,
8331,8332,1072,Hemdenlänge:,
8332,8333,1072,bei Armlänge normal,
8333,8334,1072,bei Armlänge extra lang,
8334,8335,1073,Kragenweite,52.0
8335,8336,1073,Oberweite,
8336,8337,1073,Taillenweite,
8337,8338,1073,Rückenbreite,
8338,8339,1073,Hemdenlänge:,
8339,8340,1073,bei Armlänge normal,
8340,8341,1073,bei Armlänge extra lang,
8341,8342,1074,Kragenweite,54.0
8342,8343,1074,Oberweite,
8343,8344,1074,Taillenweite,
8344,8345,1074,Rückenbreite,
8345,8346,1074,Hemdenlänge:,
8346,8347,1074,bei Armlänge normal,
8347,8348,1074,bei Armlänge extra lang,
8348,8349,1075,Kragenweite,36.0
8349,8350,1075,Oberweite,102.0
8350,8351,1075,Taillenweite,98.0
8351,8352,1075,Schulterbreite,145.0
8352,8353,1075,Hemdenlänge:,
8353,8354,1075,bei Armlänge normal,81.0
8354,8355,1075,bei Armlänge extra lang,88.0
8355,8356,1076,Kragenweite,37.5
8356,8357,1076,Oberweite,110.0
8357,8358,1076,Taillenweite,106.0
8358,8359,1076,Schulterbreite,153.0
8359,8360,1076,Hemdenlänge:,
8360,8361,1076,bei Armlänge normal,82.0
8361,8362,1076,bei Armlänge extra lang,89.0
8362,8363,1077,Kragenweite,39.5
8363,8364,1077,Oberweite,118.0
8364,8365,1077,Taillenweite,114.0
8365,8366,1077,Schulterbreite,16.0
8366,8367,1077,Hemdenlänge:,
8367,8368,1077,bei Armlänge normal,82.0
8368,8369,1077,bei Armlänge extra lang,89.0
8369,8370,1078,Kragenweite,41.5
8370,8371,1078,Oberweite,126.0
8371,8372,1078,Taillenweite,122.0
8372,8373,1078,Schulterbreite,168.0
8373,8374,1078,Hemdenlänge:,
8374,8375,1078,bei Armlänge normal,83.0
8375,8376,1078,bei Armlänge extra lang,90.0
8376,8377,1079,Kragenweite,43.5
8377,8378,1079,Oberweite,134.0
8378,8379,1079,Taillenweite,134.0
8379,8380,1079,Schulterbreite,175.0
8380,8381,1079,Hemdenlänge:,
8381,8382,1079,bei Armlänge normal,85.0
8382,8383,1079,bei Armlänge extra lang,92.0
8383,8384,1080,Kragenweite,45.5
8384,8385,1080,Oberweite,144.0
8385,8386,1080,Taillenweite,144.0
8386,8387,1080,Schulterbreite,189.0
8387,8388,1080,Hemdenlänge:,
8388,8389,1080,bei Armlänge normal,88.0
8389,8390,1080,bei Armlänge extra lang,95.0
8390,8391,1081,Kragenweite,47.5
8391,8392,1081,Oberweite,154.0
8392,8393,1081,Taillenweite,154.0
8393,8394,1081,Schulterbreite,199.0
8394,8395,1081,Hemdenlänge:,
8395,8396,1081,bei Armlänge normal,90.0
8396,8397,1081,bei Armlänge extra lang,95.0
8397,8398,1082,Kragenweite,49.5
8398,8399,1082,Oberweite,164.0
8399,8400,1082,Taillenweite,164.0
8400,8401,1082,Schulterbreite,209.0
8401,8402,1082,Hemdenlänge:,
8402,8403,1082,bei Armlänge normal,90.0
8403,8404,1082,bei Armlänge extra lang,95.0
8404,8405,1083,Kragenweite,52.0
8405,8406,1083,Oberweite,170.0
8406,8407,1083,Taillenweite,172.0
8407,8408,1083,Schulterbreite,219.0
8408,8409,1083,Hemdenlänge:,
8409,8410,1083,bei Armlänge normal,93.0
8410,8411,1083,bei Armlänge extra lang,95.0
8411,8412,1084,Kragenweite,54.0
8412,8413,1084,Oberweite,180.0
8413,8414,1084,Taillenweite,182.0
8414,8415,1084,Schulterbreite,229.0
8415,8416,1084,Hemdenlänge:,
8416,8417,1084,bei Armlänge normal,93.0
8417,8418,1084,bei Armlänge extra lang,95.0
8418,8419,1085,Kragenweite,56.0
8419,8420,1085,Oberweite,192.0
8420,8421,1085,Taillenweite,194.0
8421,8422,1085,Schulterbreite,237.0
8422,8423,1085,Hemdenlänge:,
8423,8424,1085,bei Armlänge normal,93.0
8424,8425,1085,bei Armlänge extra lang,95.0
8425,8426,1086,Kragenweite,36.0
8426,8427,1086,Oberweite,
8427,8428,1086,Taillenweite,
8428,8429,1086,Schulterbreite,
8429,8430,1086,Hemdenlänge:,
8430,8431,1086,bei Armlänge extra kurz,
8431,8432,1086,bei Armlänge normal,
8432,8433,1086,bei Armlänge extra lang,
8433,8434,1087,Kragenweite,37.5
8434,8435,1087,Oberweite,110.0
8435,8436,1087,Taillenweite,102.0
8436,8437,1087,Schulterbreite,162.0
8437,8438,1087,Hemdenlänge:,
8438,8439,1087,bei Armlänge extra kurz,80.0
8439,8440,1087,bei Armlänge normal,80.0
8440,8441,1087,bei Armlänge extra lang,90.0
8441,8442,1088,Kragenweite,39.5
8442,8443,1088,Oberweite,116.0
8443,8444,1088,Taillenweite,106.0
8444,8445,1088,Schulterbreite,17.0
8445,8446,1088,Hemdenlänge:,
8446,8447,1088,bei Armlänge extra kurz,80.0
8447,8448,1088,bei Armlänge normal,80.0
8448,8449,1088,bei Armlänge extra lang,90.0
8449,8450,1089,Kragenweite,41.5
8450,8451,1089,Oberweite,122.0
8451,8452,1089,Taillenweite,114.0
8452,8453,1089,Schulterbreite,178.0
8453,8454,1089,Hemdenlänge:,
8454,8455,1089,bei Armlänge extra kurz,80.0
8455,8456,1089,bei Armlänge normal,80.0
8456,8457,1089,bei Armlänge extra lang,90.0
8457,8458,1090,Kragenweite,43.5
8458,8459,1090,Oberweite,132.0
8459,8460,1090,Taillenweite,122.0
8460,8461,1090,Schulterbreite,186.0
8461,8462,1090,Hemdenlänge:,
8462,8463,1090,bei Armlänge extra kurz,80.0
8463,8464,1090,bei Armlänge normal,82.0
8464,8465,1090,bei Armlänge extra lang,90.0
8465,8466,1091,Kragenweite,45.5
8466,8467,1091,Oberweite,138.0
8467,8468,1091,Taillenweite,130.0
8468,8469,1091,Schulterbreite,194.0
8469,8470,1091,Hemdenlänge:,
8470,8471,1091,bei Armlänge extra kurz,80.0
8471,8472,1091,bei Armlänge normal,85.0
8472,8473,1091,bei Armlänge extra lang,90.0
8473,8474,1092,Kragenweite,47.5
8474,8475,1092,Oberweite,146.0
8475,8476,1092,Taillenweite,138.0
8476,8477,1092,Schulterbreite,202.0
8477,8478,1092,Hemdenlänge:,
8478,8479,1092,bei Armlänge extra kurz,80.0
8479,8480,1092,bei Armlänge normal,90.0
8480,8481,1092,bei Armlänge extra lang,90.0
8481,8482,1093,Kragenweite,49.5
8482,8483,1093,Oberweite,
8483,8484,1093,Taillenweite,
8484,8485,1093,Schulterbreite,
8485,8486,1093,Hemdenlänge:,
8486,8487,1093,bei Armlänge extra kurz,
8487,8488,1093,bei Armlänge normal,
8488,8489,1093,bei Armlänge extra lang,
8489,8490,1094,Kragenweite,52.0
8490,8491,1094,Oberweite,
8491,8492,1094,Taillenweite,
8492,8493,1094,Schulterbreite,
8493,8494,1094,Hemdenlänge:,
8494,8495,1094,bei Armlänge extra kurz,
8495,8496,1094,bei Armlänge normal,
8496,8497,1094,bei Armlänge extra lang,
8497,8498,1095,Kragenweite,54.0
8498,8499,1095,Oberweite,
8499,8500,1095,Taillenweite,
8500,8501,1095,Schulterbreite,
8501,8502,1095,Hemdenlänge:,
8502,8503,1095,bei Armlänge extra kurz,
8503,8504,1095,bei Armlänge normal,
8504,8505,1095,bei Armlänge extra lang,
8505,8506,1096,Kragenweite,36.0
8506,8507,1096,Oberweite,108.0
8507,8508,1096,Taillenweite,98.0
8508,8509,1096,Hüftweite,
8509,8510,1096,Rückenbreite,455.0
8510,8511,1096,Hemdenlänge:,
8511,8512,1096,bei Armlänge extra kurz,82.0
8512,8513,1096,bei Armlänge normal,82.0
8513,8514,1096,bei Armlänge extra lang,85.0
8514,8515,1097,Kragenweite,37.5
8515,8516,1097,Oberweite,114.0
8516,8517,1097,Taillenweite,102.0
8517,8518,1097,Hüftweite,106.0
8518,8519,1097,Rückenbreite,47.0
8519,8520,1097,Hemdenlänge:,
8520,8521,1097,bei Armlänge extra kurz,82.0
8521,8522,1097,bei Armlänge normal,82.0
8522,8523,1097,bei Armlänge extra lang,85.0
8523,8524,1098,Kragenweite,39.5
8524,8525,1098,Oberweite,120.0
8525,8526,1098,Taillenweite,106.0
8526,8527,1098,Hüftweite,112.0
8527,8528,1098,Rückenbreite,485.0
8528,8529,1098,Hemdenlänge:,
8529,8530,1098,bei Armlänge extra kurz,82.0
8530,8531,1098,bei Armlänge normal,82.0
8531,8532,1098,bei Armlänge extra lang,85.0
8532,8533,1099,Kragenweite,41.5
8533,8534,1099,Oberweite,126.0
8534,8535,1099,Taillenweite,112.0
8535,8536,1099,Hüftweite,118.0
8536,8537,1099,Rückenbreite,50.0
8537,8538,1099,Hemdenlänge:,
8538,8539,1099,bei Armlänge extra kurz,82.0
8539,8540,1099,bei Armlänge normal,82.0
8540,8541,1099,bei Armlänge extra lang,85.0
8541,8542,1100,Kragenweite,43.5
8542,8543,1100,Oberweite,132.0
8543,8544,1100,Taillenweite,122.0
8544,8545,1100,Hüftweite,124.0
8545,8546,1100,Rückenbreite,515.0
8546,8547,1100,Hemdenlänge:,
8547,8548,1100,bei Armlänge extra kurz,82.0
8548,8549,1100,bei Armlänge normal,85.0
8549,8550,1100,bei Armlänge extra lang,90.0
8550,8551,1101,Kragenweite,45.5
8551,8552,1101,Oberweite,138.0
8552,8553,1101,Taillenweite,130.0
8553,8554,1101,Hüftweite,130.0
8554,8555,1101,Rückenbreite,53.0
8555,8556,1101,Hemdenlänge:,
8556,8557,1101,bei Armlänge extra kurz,84.0
8557,8558,1101,bei Armlänge normal,85.0
8558,8559,1101,bei Armlänge extra lang,90.0
8559,8560,1102,Kragenweite,47.5
8560,8561,1102,Oberweite,144.0
8561,8562,1102,Taillenweite,138.0
8562,8563,1102,Hüftweite,136.0
8563,8564,1102,Rückenbreite,545.0
8564,8565,1102,Hemdenlänge:,
8565,8566,1102,bei Armlänge extra kurz,84.0
8566,8567,1102,bei Armlänge normal,90.0
8567,8568,1102,bei Armlänge extra lang,90.0
8568,8569,1103,Kragenweite,49.5
8569,8570,1103,Oberweite,152.0
8570,8571,1103,Taillenweite,144.0
8571,8572,1103,Hüftweite,
8572,8573,1103,Rückenbreite,565.0
8573,8574,1103,Hemdenlänge:,
8574,8575,1103,bei Armlänge extra kurz,86.0
8575,8576,1103,bei Armlänge normal,95.0
8576,8577,1103,bei Armlänge extra lang,95.0
8577,8578,1104,Kragenweite,52.0
8578,8579,1104,Oberweite,
8579,8580,1104,Taillenweite,
8580,8581,1104,Hüftweite,
8581,8582,1104,Rückenbreite,
8582,8583,1104,Hemdenlänge:,
8583,8584,1104,bei Armlänge extra kurz,
8584,8585,1104,bei Armlänge normal,
8585,8586,1104,bei Armlänge extra lang,
8586,8587,1105,Kragenweite,54.0
8587,8588,1105,Oberweite,
8588,8589,1105,Taillenweite,
8589,8590,1105,Hüftweite,
8590,8591,1105,Rückenbreite,
8591,8592,1105,Hemdenlänge:,
8592,8593,1105,bei Armlänge extra kurz,
8593,8594,1105,bei Armlänge normal,
8594,8595,1105,bei Armlänge extra lang,
8595,8596,1106,Kragenweite,36.0
8596,8597,1106,Oberweite,98.0
8597,8598,1106,Taillenweite,86.0
8598,8599,1106,Rückenbreite,38.0
8599,8600,1106,Hemdenlänge:,
8600,8601,1106,bei Armlänge normal,76.0
8601,8602,1106,bei Armlänge extra lang,
8602,8603,1107,Kragenweite,37.5
8603,8604,1107,Oberweite,104.0
8604,8605,1107,Taillenweite,92.0
8605,8606,1107,Rückenbreite,40.0
8606,8607,1107,Hemdenlänge:,
8607,8608,1107,bei Armlänge normal,78.0
8608,8609,1107,bei Armlänge extra lang,81.0
8609,8610,1108,Kragenweite,39.5
8610,8611,1108,Oberweite,110.0
8611,8612,1108,Taillenweite,98.0
8612,8613,1108,Rückenbreite,42.0
8613,8614,1108,Hemdenlänge:,
8614,8615,1108,bei Armlänge normal,80.0
8615,8616,1108,bei Armlänge extra lang,83.0
8616,8617,1109,Kragenweite,41.5
8617,8618,1109,Oberweite,116.0
8618,8619,1109,Taillenweite,104.0
8619,8620,1109,Rückenbreite,44.0
8620,8621,1109,Hemdenlänge:,
8621,8622,1109,bei Armlänge normal,80.0
8622,8623,1109,bei Armlänge extra lang,83.0
8623,8624,1110,Kragenweite,43.5
8624,8625,1110,Oberweite,124.0
8625,8626,1110,Taillenweite,112.0
8626,8627,1110,Rückenbreite,46.0
8627,8628,1110,Hemdenlänge:,
8628,8629,1110,bei Armlänge normal,83.0
8629,8630,1110,bei Armlänge extra lang,87.0
8630,8631,1111,Kragenweite,45.5
8631,8632,1111,Oberweite,
8632,8633,1111,Taillenweite,
8633,8634,1111,Rückenbreite,
8634,8635,1111,Hemdenlänge:,
8635,8636,1111,bei Armlänge normal,
8636,8637,1111,bei Armlänge extra lang,
8637,8638,1112,Kragenweite,47.5
8638,8639,1112,Oberweite,
8639,8640,1112,Taillenweite,
8640,8641,1112,Rückenbreite,
8641,8642,1112,Hemdenlänge:,
8642,8643,1112,bei Armlänge normal,
8643,8644,1112,bei Armlänge extra lang,
8644,8645,1113,Kragenweite,49.5
8645,8646,1113,Oberweite,
8646,8647,1113,Taillenweite,
8647,8648,1113,Rückenbreite,
8648,8649,1113,Hemdenlänge:,
8649,8650,1113,bei Armlänge normal,
8650,8651,1113,bei Armlänge extra lang,
8651,8652,1114,Kragenweite,52.0
8652,8653,1114,Oberweite,
8653,8654,1114,Taillenweite,
8654,8655,1114,Rückenbreite,
8655,8656,1114,Hemdenlänge:,
8656,8657,1114,bei Armlänge normal,
8657,8658,1114,bei Armlänge extra lang,
8658,8659,1115,Kragenweite,54.0
8659,8660,1115,Oberweite,
8660,8661,1115,Taillenweite,
8661,8662,1115,Rückenbreite,
8662,8663,1115,Hemdenlänge:,
8663,8664,1115,bei Armlänge normal,
8664,8665,1115,bei Armlänge extra lang,
8665,8666,1116,Kragenweite,36.0
8666,8667,1116,Oberweite,96.0
8667,8668,1116,Taillenweite,80.0
8668,8669,1116,Rückenbreite,40.0
8669,8670,1116,Hemdenlänge:,
8670,8671,1116,bei Armlänge extra kurz,76.0
8671,8672,1116,bei Armlänge normal,76.0
8672,8673,1116,bei Armlänge extra lang,79.0
8673,8674,1117,Kragenweite,37.5
8674,8675,1117,Oberweite,102.0
8675,8676,1117,Taillenweite,86.0
8676,8677,1117,Rückenbreite,415.0
8677,8678,1117,Hemdenlänge:,
8678,8679,1117,bei Armlänge extra kurz,78.0
8679,8680,1117,bei Armlänge normal,78.0
8680,8681,1117,bei Armlänge extra lang,81.0
8681,8682,1118,Kragenweite,39.5
8682,8683,1118,Oberweite,106.0
8683,8684,1118,Taillenweite,92.0
8684,8685,1118,Rückenbreite,43.0
8685,8686,1118,Hemdenlänge:,
8686,8687,1118,bei Armlänge extra kurz,80.0
8687,8688,1118,bei Armlänge normal,80.0
8688,8689,1118,bei Armlänge extra lang,83.0
8689,8690,1119,Kragenweite,41.5
8690,8691,1119,Oberweite,112.0
8691,8692,1119,Taillenweite,98.0
8692,8693,1119,Rückenbreite,45.0
8693,8694,1119,Hemdenlänge:,
8694,8695,1119,bei Armlänge extra kurz,80.0
8695,8696,1119,bei Armlänge normal,80.0
8696,8697,1119,bei Armlänge extra lang,83.0
8697,8698,1120,Kragenweite,43.5
8698,8699,1120,Oberweite,120.0
8699,8700,1120,Taillenweite,106.0
8700,8701,1120,Rückenbreite,47.0
8701,8702,1120,Hemdenlänge:,
8702,8703,1120,bei Armlänge extra kurz,83.0
8703,8704,1120,bei Armlänge normal,83.0
8704,8705,1120,bei Armlänge extra lang,84.0
8705,8706,1121,Kragenweite,45.5
8706,8707,1121,Oberweite,128.0
8707,8708,1121,Taillenweite,114.0
8708,8709,1121,Rückenbreite,49.0
8709,8710,1121,Hemdenlänge:,
8710,8711,1121,bei Armlänge extra kurz,85.0
8711,8712,1121,bei Armlänge normal,85.0
8712,8713,1121,bei Armlänge extra lang,89.0
8713,8714,1122,Kragenweite,47.5
8714,8715,1122,Oberweite,
8715,8716,1122,Taillenweite,
8716,8717,1122,Rückenbreite,
8717,8718,1122,Hemdenlänge:,
8718,8719,1122,bei Armlänge extra kurz,
8719,8720,1122,bei Armlänge normal,
8720,8721,1122,bei Armlänge extra lang,
8721,8722,1123,Kragenweite,49.5
8722,8723,1123,Oberweite,
8723,8724,1123,Taillenweite,
8724,8725,1123,Rückenbreite,
8725,8726,1123,Hemdenlänge:,
8726,8727,1123,bei Armlänge extra kurz,
8727,8728,1123,bei Armlänge normal,
8728,8729,1123,bei Armlänge extra lang,
8729,8730,1124,Kragenweite,52.0
8730,8731,1124,Oberweite,
8731,8732,1124,Taillenweite,
8732,8733,1124,Rückenbreite,
8733,8734,1124,Hemdenlänge:,
8734,8735,1124,bei Armlänge extra kurz,
8735,8736,1124,bei Armlänge normal,
8736,8737,1124,bei Armlänge extra lang,
8737,8738,1125,Kragenweite,54.0
8738,8739,1125,Oberweite,
8739,8740,1125,Taillenweite,
8740,8741,1125,Rückenbreite,
8741,8742,1125,Hemdenlänge:,
8742,8743,1125,bei Armlänge extra kurz,
8743,8744,1125,bei Armlänge normal,
8744,8745,1125,bei Armlänge extra lang,
8745,8746,1126,Kragenweite,39.5
8746,8747,1126,Oberweite,122.0
8747,8748,1126,Taillenweite,118.0
8748,8749,1126,Hüftweite,116.0
8749,8750,1126,Rückenbreite,495.0
8750,8751,1126,Hemdenlänge:,
8751,8752,1126,bei Armlänge extra kurz,80.0
8752,8753,1126,bei Armlänge normal,80.0
8753,8754,1126,bei Armlänge extra lang,84.0
8754,8755,1127,Kragenweite,41.5
8755,8756,1127,Oberweite,128.0
8756,8757,1127,Taillenweite,124.0
8757,8758,1127,Hüftweite,122.0
8758,8759,1127,Rückenbreite,51.0
8759,8760,1127,Hemdenlänge:,
8760,8761,1127,bei Armlänge extra kurz,82.0
8761,8762,1127,bei Armlänge normal,82.0
8762,8763,1127,bei Armlänge extra lang,86.0
8763,8764,1128,Kragenweite,43.5
8764,8765,1128,Oberweite,134.0
8765,8766,1128,Taillenweite,132.0
8766,8767,1128,Hüftweite,128.0
8767,8768,1128,Rückenbreite,525.0
8768,8769,1128,Hemdenlänge:,
8769,8770,1128,bei Armlänge extra kurz,82.0
8770,8771,1128,bei Armlänge normal,82.0
8771,8772,1128,bei Armlänge extra lang,86.0
8772,8773,1129,Kragenweite,45.5
8773,8774,1129,Oberweite,140.0
8774,8775,1129,Taillenweite,140.0
8775,8776,1129,Hüftweite,136.0
8776,8777,1129,Rückenbreite,54.0
8777,8778,1129,Hemdenlänge:,
8778,8779,1129,bei Armlänge extra kurz,84.0
8779,8780,1129,bei Armlänge normal,84.0
8780,8781,1129,bei Armlänge extra lang,88.0
8781,8782,1130,Kragenweite,47.5
8782,8783,1130,Oberweite,148.0
8783,8784,1130,Taillenweite,148.0
8784,8785,1130,Hüftweite,144.0
8785,8786,1130,Rückenbreite,555.0
8786,8787,1130,Hemdenlänge:,
8787,8788,1130,bei Armlänge extra kurz,84.0
8788,8789,1130,bei Armlänge normal,84.0
8789,8790,1130,bei Armlänge extra lang,88.0
8790,8791,1131,Kragenweite,49.5
8791,8792,1131,Oberweite,156.0
8792,8793,1131,Taillenweite,156.0
8793,8794,1131,Hüftweite,152.0
8794,8795,1131,Rückenbreite,575.0
8795,8796,1131,Hemdenlänge:,
8796,8797,1131,bei Armlänge extra kurz,86.0
8797,8798,1131,bei Armlänge normal,86.0
8798,8799,1131,bei Armlänge extra lang,
8799,8800,1132,Kragenweite,52.0
8800,8801,1132,Oberweite,164.0
8801,8802,1132,Taillenweite,164.0
8802,8803,1132,Hüftweite,160.0
8803,8804,1132,Rückenbreite,595.0
8804,8805,1132,Hemdenlänge:,
8805,8806,1132,bei Armlänge extra kurz,
8806,8807,1132,bei Armlänge normal,86.0
8807,8808,1132,bei Armlänge extra lang,
8808,8809,1133,Kragenweite,54.0
8809,8810,1133,Oberweite,172.0
8810,8811,1133,Taillenweite,172.0
8811,8812,1133,Hüftweite,168.0
8812,8813,1133,Rückenbreite,615.0
8813,8814,1133,Hemdenlänge:,
8814,8815,1133,bei Armlänge extra kurz,
8815,8816,1133,bei Armlänge normal,88.0
8816,8817,1133,bei Armlänge extra lang,
8817,8818,1134,Kragenweite,
8818,8819,1134,Oberweite,
8819,8820,1134,Taillenweite,
8820,8821,1134,Hüftweite,
8821,8822,1134,Rückenbreite,
8822,8823,1134,Hemdenlänge:,
8823,8824,1134,bei Armlänge extra kurz,
8824,8825,1134,bei Armlänge normal,
8825,8826,1134,bei Armlänge extra lang,
8826,8827,1135,Kragenweite,
8827,8828,1135,Oberweite,
8828,8829,1135,Taillenweite,
8829,8830,1135,Hüftweite,
8830,8831,1135,Rückenbreite,
8831,8832,1135,Hemdenlänge:,
8832,8833,1135,bei Armlänge extra kurz,
8833,8834,1135,bei Armlänge normal,
8834,8835,1135,bei Armlänge extra lang,
8835,8836,1136,Kragenweite,36.0
8836,8837,1136,Oberweite,98.0
8837,8838,1136,Taillenweite,86.0
8838,8839,1136,Rückenbreite,38.0
8839,8840,1136,Hemdenlänge:,
8840,8841,1136,bei Armlänge normal,76.0
8841,8842,1136,bei Armlänge extra lang,
8842,8843,1137,Kragenweite,37.5
8843,8844,1137,Oberweite,104.0
8844,8845,1137,Taillenweite,92.0
8845,8846,1137,Rückenbreite,40.0
8846,8847,1137,Hemdenlänge:,
8847,8848,1137,bei Armlänge normal,78.0
8848,8849,1137,bei Armlänge extra lang,81.0
8849,8850,1138,Kragenweite,39.5
8850,8851,1138,Oberweite,110.0
8851,8852,1138,Taillenweite,98.0
8852,8853,1138,Rückenbreite,42.0
8853,8854,1138,Hemdenlänge:,
8854,8855,1138,bei Armlänge normal,80.0
8855,8856,1138,bei Armlänge extra lang,83.0
8856,8857,1139,Kragenweite,41.5
8857,8858,1139,Oberweite,116.0
8858,8859,1139,Taillenweite,104.0
8859,8860,1139,Rückenbreite,44.0
8860,8861,1139,Hemdenlänge:,
8861,8862,1139,bei Armlänge normal,80.0
8862,8863,1139,bei Armlänge extra lang,83.0
8863,8864,1140,Kragenweite,43.5
8864,8865,1140,Oberweite,124.0
8865,8866,1140,Taillenweite,112.0
8866,8867,1140,Rückenbreite,46.0
8867,8868,1140,Hemdenlänge:,
8868,8869,1140,bei Armlänge normal,83.0
8869,8870,1140,bei Armlänge extra lang,87.0
8870,8871,1141,Kragenweite,45.5
8871,8872,1141,Oberweite,
8872,8873,1141,Taillenweite,
8873,8874,1141,Rückenbreite,
8874,8875,1141,Hemdenlänge:,
8875,8876,1141,bei Armlänge normal,
8876,8877,1141,bei Armlänge extra lang,
8877,8878,1142,Kragenweite,47.5
8878,8879,1142,Oberweite,
8879,8880,1142,Taillenweite,
8880,8881,1142,Rückenbreite,
8881,8882,1142,Hemdenlänge:,
8882,8883,1142,bei Armlänge normal,
8883,8884,1142,bei Armlänge extra lang,
8884,8885,1143,Kragenweite,49.5
8885,8886,1143,Oberweite,
8886,8887,1143,Taillenweite,
8887,8888,1143,Rückenbreite,
8888,8889,1143,Hemdenlänge:,
8889,8890,1143,bei Armlänge normal,
8890,8891,1143,bei Armlänge extra lang,
8891,8892,1144,Kragenweite,52.0
8892,8893,1144,Oberweite,
8893,8894,1144,Taillenweite,
8894,8895,1144,Rückenbreite,
8895,8896,1144,Hemdenlänge:,
8896,8897,1144,bei Armlänge normal,
8897,8898,1144,bei Armlänge extra lang,
8898,8899,1145,Kragenweite,54.0
8899,8900,1145,Oberweite,
8900,8901,1145,Taillenweite,
8901,8902,1145,Rückenbreite,
8902,8903,1145,Hemdenlänge:,
8903,8904,1145,bei Armlänge normal,
8904,8905,1145,bei Armlänge extra lang,
8905,8906,1146,Kragenweite,36.0
8906,8907,1146,Oberweite,98.0
8907,8908,1146,Taillenweite,86.0
8908,8909,1146,Rückenbreite,38.0
8909,8910,1146,Hemdenlänge:,
8910,8911,1146,bei Armlänge normal,76.0
8911,8912,1146,bei Armlänge extra lang,
8912,8913,1147,Kragenweite,37.5
8913,8914,1147,Oberweite,104.0
8914,8915,1147,Taillenweite,92.0
8915,8916,1147,Rückenbreite,40.0
8916,8917,1147,Hemdenlänge:,
8917,8918,1147,bei Armlänge normal,78.0
8918,8919,1147,bei Armlänge extra lang,81.0
8919,8920,1148,Kragenweite,39.5
8920,8921,1148,Oberweite,110.0
8921,8922,1148,Taillenweite,98.0
8922,8923,1148,Rückenbreite,42.0
8923,8924,1148,Hemdenlänge:,
8924,8925,1148,bei Armlänge normal,80.0
8925,8926,1148,bei Armlänge extra lang,83.0
8926,8927,1149,Kragenweite,41.5
8927,8928,1149,Oberweite,116.0
8928,8929,1149,Taillenweite,104.0
8929,8930,1149,Rückenbreite,44.0
8930,8931,1149,Hemdenlänge:,
8931,8932,1149,bei Armlänge normal,80.0
8932,8933,1149,bei Armlänge extra lang,83.0
8933,8934,1150,Kragenweite,43.5
8934,8935,1150,Oberweite,124.0
8935,8936,1150,Taillenweite,112.0
8936,8937,1150,Rückenbreite,46.0
8937,8938,1150,Hemdenlänge:,
8938,8939,1150,bei Armlänge normal,83.0
8939,8940,1150,bei Armlänge extra lang,87.0
8940,8941,1151,Kragenweite,45.5
8941,8942,1151,Oberweite,
8942,8943,1151,Taillenweite,
8943,8944,1151,Rückenbreite,
8944,8945,1151,Hemdenlänge:,
8945,8946,1151,bei Armlänge normal,
8946,8947,1151,bei Armlänge extra lang,
8947,8948,1152,Kragenweite,47.5
8948,8949,1152,Oberweite,
8949,8950,1152,Taillenweite,
8950,8951,1152,Rückenbreite,
8951,8952,1152,Hemdenlänge:,
8952,8953,1152,bei Armlänge normal,
8953,8954,1152,bei Armlänge extra lang,
8954,8955,1153,Kragenweite,49.5
8955,8956,1153,Oberweite,
8956,8957,1153,Taillenweite,
8957,8958,1153,Rückenbreite,
8958,8959,1153,Hemdenlänge:,
8959,8960,1153,bei Armlänge normal,
8960,8961,1153,bei Armlänge extra lang,
8961,8962,1154,Kragenweite,52.0
8962,8963,1154,Oberweite,
8963,8964,1154,Taillenweite,
8964,8965,1154,Rückenbreite,
8965,8966,1154,Hemdenlänge:,
8966,8967,1154,bei Armlänge normal,
8967,8968,1154,bei Armlänge extra lang,
8968,8969,1155,Kragenweite,54.0
8969,8970,1155,Oberweite,
8970,8971,1155,Taillenweite,
8971,8972,1155,Rückenbreite,
8972,8973,1155,Hemdenlänge:,
8973,8974,1155,bei Armlänge normal,
8974,8975,1155,bei Armlänge extra lang,
8975,8976,1156,Kragenweite,36.0
8976,8977,1156,Oberweite,98.0
8977,8978,1156,Taillenweite,86.0
8978,8979,1156,Rückenbreite,38.0
8979,8980,1156,Hemdenlänge:,
8980,8981,1156,bei Armlänge extra kurz,76.0
8981,8982,1156,bei Armlänge normal,76.0
8982,8983,1156,bei Armlänge extra lang,79.0
8983,8984,1157,Kragenweite,37.5
8984,8985,1157,Oberweite,104.0
8985,8986,1157,Taillenweite,92.0
8986,8987,1157,Rückenbreite,40.0
8987,8988,1157,Hemdenlänge:,
8988,8989,1157,bei Armlänge extra kurz,78.0
8989,8990,1157,bei Armlänge normal,78.0
8990,8991,1157,bei Armlänge extra lang,81.0
8991,8992,1158,Kragenweite,39.5
8992,8993,1158,Oberweite,110.0
8993,8994,1158,Taillenweite,98.0
8994,8995,1158,Rückenbreite,42.0
8995,8996,1158,Hemdenlänge:,
8996,8997,1158,bei Armlänge extra kurz,80.0
8997,8998,1158,bei Armlänge normal,80.0
8998,8999,1158,bei Armlänge extra lang,83.0
8999,9000,1159,Kragenweite,41.5
9000,9001,1159,Oberweite,116.0
9001,9002,1159,Taillenweite,104.0
9002,9003,1159,Rückenbreite,44.0
9003,9004,1159,Hemdenlänge:,
9004,9005,1159,bei Armlänge extra kurz,80.0
9005,9006,1159,bei Armlänge normal,80.0
9006,9007,1159,bei Armlänge extra lang,83.0
9007,9008,1160,Kragenweite,43.5
9008,9009,1160,Oberweite,124.0
9009,9010,1160,Taillenweite,112.0
9010,9011,1160,Rückenbreite,46.0
9011,9012,1160,Hemdenlänge:,
9012,9013,1160,bei Armlänge extra kurz,83.0
9013,9014,1160,bei Armlänge normal,83.0
9014,9015,1160,bei Armlänge extra lang,87.0
9015,9016,1161,Kragenweite,45.5
9016,9017,1161,Oberweite,132.0
9017,9018,1161,Taillenweite,120.0
9018,9019,1161,Rückenbreite,48.0
9019,9020,1161,Hemdenlänge:,
9020,9021,1161,bei Armlänge extra kurz,85.0
9021,9022,1161,bei Armlänge normal,85.0
9022,9023,1161,bei Armlänge extra lang,89.0
9023,9024,1162,Kragenweite,47.5
9024,9025,1162,Oberweite,
9025,9026,1162,Taillenweite,
9026,9027,1162,Rückenbreite,
9027,9028,1162,Hemdenlänge:,
9028,9029,1162,bei Armlänge extra kurz,
9029,9030,1162,bei Armlänge normal,
9030,9031,1162,bei Armlänge extra lang,
9031,9032,1163,Kragenweite,49.5
9032,9033,1163,Oberweite,
9033,9034,1163,Taillenweite,
9034,9035,1163,Rückenbreite,
9035,9036,1163,Hemdenlänge:,
9036,9037,1163,bei Armlänge extra kurz,
9037,9038,1163,bei Armlänge normal,
9038,9039,1163,bei Armlänge extra lang,
9039,9040,1164,Kragenweite,52.0
9040,9041,1164,Oberweite,
9041,9042,1164,Taillenweite,
9042,9043,1164,Rückenbreite,
9043,9044,1164,Hemdenlänge:,
9044,9045,1164,bei Armlänge extra kurz,
9045,9046,1164,bei Armlänge normal,
9046,9047,1164,bei Armlänge extra lang,
9047,9048,1165,Kragenweite,54.0
9048,9049,1165,Oberweite,
9049,9050,1165,Taillenweite,
9050,9051,1165,Rückenbreite,
9051,9052,1165,Hemdenlänge:,
9052,9053,1165,bei Armlänge extra kurz,
9053,9054,1165,bei Armlänge normal,
9054,9055,1165,bei Armlänge extra lang,
9055,9056,1166,Kragenweite,36.0
9056,9057,1166,Oberweite,98.0
9057,9058,1166,Taillenweite,86.0
9058,9059,1166,Rückenbreite,38.0
9059,9060,1166,Hemdenlänge:,
9060,9061,1166,bei Armlänge normal,76.0
9061,9062,1166,bei Armlänge extra lang,
9062,9063,1167,Kragenweite,37.5
9063,9064,1167,Oberweite,104.0
9064,9065,1167,Taillenweite,92.0
9065,9066,1167,Rückenbreite,40.0
9066,9067,1167,Hemdenlänge:,
9067,9068,1167,bei Armlänge normal,78.0
9068,9069,1167,bei Armlänge extra lang,81.0
9069,9070,1168,Kragenweite,39.5
9070,9071,1168,Oberweite,110.0
9071,9072,1168,Taillenweite,98.0
9072,9073,1168,Rückenbreite,42.0
9073,9074,1168,Hemdenlänge:,
9074,9075,1168,bei Armlänge normal,80.0
9075,9076,1168,bei Armlänge extra lang,83.0
9076,9077,1169,Kragenweite,41.5
9077,9078,1169,Oberweite,116.0
9078,9079,1169,Taillenweite,104.0
9079,9080,1169,Rückenbreite,44.0
9080,9081,1169,Hemdenlänge:,
9081,9082,1169,bei Armlänge normal,80.0
9082,9083,1169,bei Armlänge extra lang,83.0
9083,9084,1170,Kragenweite,43.5
9084,9085,1170,Oberweite,124.0
9085,9086,1170,Taillenweite,112.0
9086,9087,1170,Rückenbreite,46.0
9087,9088,1170,Hemdenlänge:,
9088,9089,1170,bei Armlänge normal,83.0
9089,9090,1170,bei Armlänge extra lang,87.0
9090,9091,1171,Kragenweite,45.5
9091,9092,1171,Oberweite,
9092,9093,1171,Taillenweite,
9093,9094,1171,Rückenbreite,
9094,9095,1171,Hemdenlänge:,
9095,9096,1171,bei Armlänge normal,
9096,9097,1171,bei Armlänge extra lang,
9097,9098,1172,Kragenweite,47.5
9098,9099,1172,Oberweite,
9099,9100,1172,Taillenweite,
9100,9101,1172,Rückenbreite,
9101,9102,1172,Hemdenlänge:,
9102,9103,1172,bei Armlänge normal,
9103,9104,1172,bei Armlänge extra lang,
9104,9105,1173,Kragenweite,49.5
9105,9106,1173,Oberweite,
9106,9107,1173,Taillenweite,
9107,9108,1173,Rückenbreite,
9108,9109,1173,Hemdenlänge:,
9109,9110,1173,bei Armlänge normal,
9110,9111,1173,bei Armlänge extra lang,
9111,9112,1174,Kragenweite,52.0
9112,9113,1174,Oberweite,
9113,9114,1174,Taillenweite,
9114,9115,1174,Rückenbreite,
9115,9116,1174,Hemdenlänge:,
9116,9117,1174,bei Armlänge normal,
9117,9118,1174,bei Armlänge extra lang,
9118,9119,1175,Kragenweite,54.0
9119,9120,1175,Oberweite,
9120,9121,1175,Taillenweite,
9121,9122,1175,Rückenbreite,
9122,9123,1175,Hemdenlänge:,
9123,9124,1175,bei Armlänge normal,
9124,9125,1175,bei Armlänge extra lang,
9125,9126,1176,Kragenweite,36.0
9126,9127,1176,Oberweite,102.0
9127,9128,1176,Taillenweite,98.0
9128,9129,1176,Schulterbreite,145.0
9129,9130,1176,Hemdenlänge:,
9130,9131,1176,bei Armlänge normal,81.0
9131,9132,1176,bei Armlänge extra lang,88.0
9132,9133,1177,Kragenweite,37.5
9133,9134,1177,Oberweite,110.0
9134,9135,1177,Taillenweite,106.0
9135,9136,1177,Schulterbreite,153.0
9136,9137,1177,Hemdenlänge:,
9137,9138,1177,bei Armlänge normal,82.0
9138,9139,1177,bei Armlänge extra lang,89.0
9139,9140,1178,Kragenweite,39.5
9140,9141,1178,Oberweite,118.0
9141,9142,1178,Taillenweite,114.0
9142,9143,1178,Schulterbreite,16.0
9143,9144,1178,Hemdenlänge:,
9144,9145,1178,bei Armlänge normal,82.0
9145,9146,1178,bei Armlänge extra lang,89.0
9146,9147,1179,Kragenweite,41.5
9147,9148,1179,Oberweite,126.0
9148,9149,1179,Taillenweite,122.0
9149,9150,1179,Schulterbreite,168.0
9150,9151,1179,Hemdenlänge:,
9151,9152,1179,bei Armlänge normal,83.0
9152,9153,1179,bei Armlänge extra lang,90.0
9153,9154,1180,Kragenweite,43.5
9154,9155,1180,Oberweite,134.0
9155,9156,1180,Taillenweite,134.0
9156,9157,1180,Schulterbreite,175.0
9157,9158,1180,Hemdenlänge:,
9158,9159,1180,bei Armlänge normal,85.0
9159,9160,1180,bei Armlänge extra lang,92.0
9160,9161,1181,Kragenweite,45.5
9161,9162,1181,Oberweite,144.0
9162,9163,1181,Taillenweite,144.0
9163,9164,1181,Schulterbreite,189.0
9164,9165,1181,Hemdenlänge:,
9165,9166,1181,bei Armlänge normal,88.0
9166,9167,1181,bei Armlänge extra lang,95.0
9167,9168,1182,Kragenweite,47.5
9168,9169,1182,Oberweite,154.0
9169,9170,1182,Taillenweite,154.0
9170,9171,1182,Schulterbreite,199.0
9171,9172,1182,Hemdenlänge:,
9172,9173,1182,bei Armlänge normal,90.0
9173,9174,1182,bei Armlänge extra lang,95.0
9174,9175,1183,Kragenweite,49.5
9175,9176,1183,Oberweite,164.0
9176,9177,1183,Taillenweite,164.0
9177,9178,1183,Schulterbreite,209.0
9178,9179,1183,Hemdenlänge:,
9179,9180,1183,bei Armlänge normal,90.0
9180,9181,1183,bei Armlänge extra lang,95.0
9181,9182,1184,Kragenweite,52.0
9182,9183,1184,Oberweite,170.0
9183,9184,1184,Taillenweite,172.0
9184,9185,1184,Schulterbreite,219.0
9185,9186,1184,Hemdenlänge:,
9186,9187,1184,bei Armlänge normal,93.0
9187,9188,1184,bei Armlänge extra lang,95.0
9188,9189,1185,Kragenweite,54.0
9189,9190,1185,Oberweite,180.0
9190,9191,1185,Taillenweite,182.0
9191,9192,1185,Schulterbreite,229.0
9192,9193,1185,Hemdenlänge:,
9193,9194,1185,bei Armlänge normal,93.0
9194,9195,1185,bei Armlänge extra lang,95.0
9195,9196,1186,Kragenweite,56.0
9196,9197,1186,Oberweite,192.0
9197,9198,1186,Taillenweite,194.0
9198,9199,1186,Schulterbreite,237.0
9199,9200,1186,Hemdenlänge:,
9200,9201,1186,bei Armlänge normal,93.0
9201,9202,1186,bei Armlänge extra lang,95.0
9202,9203,1187,Kragenweite,36.0
9203,9204,1187,Oberweite,94.0
9204,9205,1187,Taillenweite,78.0
9205,9206,1188,Kragenweite,37.5
9206,9207,1188,Oberweite,102.0
9207,9208,1188,Taillenweite,86.0
9208,9209,1189,Kragenweite,39.5
9209,9210,1189,Oberweite,110.0
9210,9211,1189,Taillenweite,94.0
9211,9212,1190,Kragenweite,41.5
9212,9213,1190,Oberweite,118.0
9213,9214,1190,Taillenweite,102.0
9214,9215,1191,Kragenweite,43.5
9215,9216,1191,Oberweite,126.0
9216,9217,1191,Taillenweite,110.0
9217,9218,1192,Kragenweite,45.5
9218,9219,1192,Oberweite,
9219,9220,1192,Taillenweite,
9220,9221,1193,Kragenweite,47.5
9221,9222,1193,Oberweite,
9222,9223,1193,Taillenweite,
9223,9224,1194,Kragenweite,49.5
9224,9225,1194,Oberweite,
9225,9226,1194,Taillenweite,
9226,9227,1195,Kragenweite,52.0
9227,9228,1195,Oberweite,
9228,9229,1195,Taillenweite,
9229,9230,1196,Kragenweite,54.0
9230,9231,1196,Oberweite,
9231,9232,1196,Taillenweite,
9232,9233,1197,Kragenweite,36.0
9233,9234,1197,Oberweite,96.0
9234,9235,1197,Taillenweite,82.0
9235,9236,1197,Hemdenlänge:,
9236,9237,1197,bei Armlänge extra kurz,76.0
9237,9238,1197,bei Armlänge normal,76.0
9238,9239,1197,bei Armlänge extra lang,81.0
9239,9240,1198,Kragenweite,37.5
9240,9241,1198,Oberweite,104.0
9241,9242,1198,Taillenweite,90.0
9242,9243,1198,Hemdenlänge:,
9243,9244,1198,bei Armlänge extra kurz,77.0
9244,9245,1198,bei Armlänge normal,77.0
9245,9246,1198,bei Armlänge extra lang,82.0
9246,9247,1199,Kragenweite,39.5
9247,9248,1199,Oberweite,112.0
9248,9249,1199,Taillenweite,98.0
9249,9250,1199,Hemdenlänge:,
9250,9251,1199,bei Armlänge extra kurz,78.0
9251,9252,1199,bei Armlänge normal,78.0
9252,9253,1199,bei Armlänge extra lang,83.0
9253,9254,1200,Kragenweite,41.5
9254,9255,1200,Oberweite,118.0
9255,9256,1200,Taillenweite,104.0
9256,9257,1200,Hemdenlänge:,
9257,9258,1200,bei Armlänge extra kurz,79.0
9258,9259,1200,bei Armlänge normal,79.0
9259,9260,1200,bei Armlänge extra lang,84.0
9260,9261,1201,Kragenweite,43.5
9261,9262,1201,Oberweite,126.0
9262,9263,1201,Taillenweite,112.0
9263,9264,1201,Hemdenlänge:,
9264,9265,1201,bei Armlänge extra kurz,80.0
9265,9266,1201,bei Armlänge normal,80.0
9266,9267,1201,bei Armlänge extra lang,85.0
9267,9268,1202,Kragenweite,45.5
9268,9269,1202,Oberweite,134.0
9269,9270,1202,Taillenweite,120.0
9270,9271,1202,Hemdenlänge:,
9271,9272,1202,bei Armlänge extra kurz,81.0
9272,9273,1202,bei Armlänge normal,81.0
9273,9274,1202,bei Armlänge extra lang,86.0
9274,9275,1203,Kragenweite,47.5
9275,9276,1203,Oberweite,
9276,9277,1203,Taillenweite,
9277,9278,1203,Hemdenlänge:,
9278,9279,1203,bei Armlänge extra kurz,
9279,9280,1203,bei Armlänge normal,
9280,9281,1203,bei Armlänge extra lang,
9281,9282,1204,Kragenweite,49.5
9282,9283,1204,Oberweite,
9283,9284,1204,Taillenweite,
9284,9285,1204,Hemdenlänge:,
9285,9286,1204,bei Armlänge extra kurz,
9286,9287,1204,bei Armlänge normal,
9287,9288,1204,bei Armlänge extra lang,
9288,9289,1205,Kragenweite,52.0
9289,9290,1205,Oberweite,
9290,9291,1205,Taillenweite,
9291,9292,1205,Hemdenlänge:,
9292,9293,1205,bei Armlänge extra kurz,
9293,9294,1205,bei Armlänge normal,
9294,9295,1205,bei Armlänge extra lang,
9295,9296,1206,Kragenweite,54.0
9296,9297,1206,Oberweite,
9297,9298,1206,Taillenweite,
9298,9299,1206,Hemdenlänge:,
9299,9300,1206,bei Armlänge extra kurz,
9300,9301,1206,bei Armlänge normal,
9301,9302,1206,bei Armlänge extra lang,
9302,9303,1207,Kragenweite,36.0
9303,9304,1207,Oberweite,98.0
9304,9305,1207,Taillenweite,88.0
9305,9306,1207,Schulterbreite,147.0
9306,9307,1207,Hemdenlänge:,
9307,9308,1207,bei Armlänge normal,77.0
9308,9309,1207,bei Armlänge extra lang,85.0
9309,9310,1208,Kragenweite,37.5
9310,9311,1208,Oberweite,104.0
9311,9312,1208,Taillenweite,94.0
9312,9313,1208,Schulterbreite,152.0
9313,9314,1208,Hemdenlänge:,
9314,9315,1208,bei Armlänge normal,78.0
9315,9316,1208,bei Armlänge extra lang,86.0
9316,9317,1209,Kragenweite,39.5
9317,9318,1209,Oberweite,112.0
9318,9319,1209,Taillenweite,102.0
9319,9320,1209,Schulterbreite,157.0
9320,9321,1209,Hemdenlänge:,
9321,9322,1209,bei Armlänge normal,80.0
9322,9323,1209,bei Armlänge extra lang,88.0
9323,9324,1210,Kragenweite,41.5
9324,9325,1210,Oberweite,120.0
9325,9326,1210,Taillenweite,110.0
9326,9327,1210,Schulterbreite,162.0
9327,9328,1210,Hemdenlänge:,
9328,9329,1210,bei Armlänge normal,82.0
9329,9330,1210,bei Armlänge extra lang,90.0
9330,9331,1211,Kragenweite,43.5
9331,9332,1211,Oberweite,130.0
9332,9333,1211,Taillenweite,120.0
9333,9334,1211,Schulterbreite,172.0
9334,9335,1211,Hemdenlänge:,
9335,9336,1211,bei Armlänge normal,84.0
9336,9337,1211,bei Armlänge extra lang,91.0
9337,9338,1212,Kragenweite,45.5
9338,9339,1212,Oberweite,138.0
9339,9340,1212,Taillenweite,130.0
9340,9341,1212,Schulterbreite,182.0
9341,9342,1212,Hemdenlänge:,
9342,9343,1212,bei Armlänge normal,86.0
9343,9344,1212,bei Armlänge extra lang,93.0
9344,9345,1213,Kragenweite,47.5
9345,9346,1213,Oberweite,146.0
9346,9347,1213,Taillenweite,140.0
9347,9348,1213,Schulterbreite,189.0
9348,9349,1213,Hemdenlänge:,
9349,9350,1213,bei Armlänge normal,90.0
9350,9351,1213,bei Armlänge extra lang,95.0
9351,9352,1214,Kragenweite,49.5
9352,9353,1214,Oberweite,
9353,9354,1214,Taillenweite,
9354,9355,1214,Schulterbreite,
9355,9356,1214,Hemdenlänge:,
9356,9357,1214,bei Armlänge normal,
9357,9358,1214,bei Armlänge extra lang,
9358,9359,1215,Kragenweite,52.0
9359,9360,1215,Oberweite,
9360,9361,1215,Taillenweite,
9361,9362,1215,Schulterbreite,
9362,9363,1215,Hemdenlänge:,
9363,9364,1215,bei Armlänge normal,
9364,9365,1215,bei Armlänge extra lang,
9365,9366,1216,Kragenweite,54.0
9366,9367,1216,Oberweite,
9367,9368,1216,Taillenweite,
9368,9369,1216,Schulterbreite,
9369,9370,1216,Hemdenlänge:,
9370,9371,1216,bei Armlänge normal,
9371,9372,1216,bei Armlänge extra lang,
9372,9373,1217,Kragenweite,36.0
9373,9374,1217,Oberweite,98.0
9374,9375,1217,Taillenweite,86.0
9375,9376,1217,Rückenbreite,38.0
9376,9377,1217,Hemdenlänge:,
9377,9378,1217,bei Armlänge normal,76.0
9378,9379,1217,bei Armlänge extra lang,
9379,9380,1218,Kragenweite,37.5
9380,9381,1218,Oberweite,104.0
9381,9382,1218,Taillenweite,92.0
9382,9383,1218,Rückenbreite,40.0
9383,9384,1218,Hemdenlänge:,
9384,9385,1218,bei Armlänge normal,78.0
9385,9386,1218,bei Armlänge extra lang,81.0
9386,9387,1219,Kragenweite,39.5
9387,9388,1219,Oberweite,110.0
9388,9389,1219,Taillenweite,98.0
9389,9390,1219,Rückenbreite,42.0
9390,9391,1219,Hemdenlänge:,
9391,9392,1219,bei Armlänge normal,80.0
9392,9393,1219,bei Armlänge extra lang,83.0
9393,9394,1220,Kragenweite,41.5
9394,9395,1220,Oberweite,116.0
9395,9396,1220,Taillenweite,104.0
9396,9397,1220,Rückenbreite,44.0
9397,9398,1220,Hemdenlänge:,
9398,9399,1220,bei Armlänge normal,80.0
9399,9400,1220,bei Armlänge extra lang,83.0
9400,9401,1221,Kragenweite,43.5
9401,9402,1221,Oberweite,124.0
9402,9403,1221,Taillenweite,112.0
9403,9404,1221,Rückenbreite,46.0
9404,9405,1221,Hemdenlänge:,
9405,9406,1221,bei Armlänge normal,83.0
9406,9407,1221,bei Armlänge extra lang,87.0
9407,9408,1222,Kragenweite,45.5
9408,9409,1222,Oberweite,
9409,9410,1222,Taillenweite,
9410,9411,1222,Rückenbreite,
9411,9412,1222,Hemdenlänge:,
9412,9413,1222,bei Armlänge normal,
9413,9414,1222,bei Armlänge extra lang,
9414,9415,1223,Kragenweite,47.5
9415,9416,1223,Oberweite,
9416,9417,1223,Taillenweite,
9417,9418,1223,Rückenbreite,
9418,9419,1223,Hemdenlänge:,
9419,9420,1223,bei Armlänge normal,
9420,9421,1223,bei Armlänge extra lang,
9421,9422,1224,Kragenweite,49.5
9422,9423,1224,Oberweite,
9423,9424,1224,Taillenweite,
9424,9425,1224,Rückenbreite,
9425,9426,1224,Hemdenlänge:,
9426,9427,1224,bei Armlänge normal,
9427,9428,1224,bei Armlänge extra lang,
9428,9429,1225,Kragenweite,52.0
9429,9430,1225,Oberweite,
9430,9431,1225,Taillenweite,
9431,9432,1225,Rückenbreite,
9432,9433,1225,Hemdenlänge:,
9433,9434,1225,bei Armlänge normal,
9434,9435,1225,bei Armlänge extra lang,
9435,9436,1226,Kragenweite,54.0
9436,9437,1226,Oberweite,
9437,9438,1226,Taillenweite,
9438,9439,1226,Rückenbreite,
9439,9440,1226,Hemdenlänge:,
9440,9441,1226,bei Armlänge normal,
9441,9442,1226,bei Armlänge extra lang,
9442,9443,1227,Kragenweite,36.0
9443,9444,1227,Oberweite,
9444,9445,1227,Taillenweite,
9445,9446,1227,Hemdenlänge:,
9446,9447,1227,bei Armlänge extra kurz,
9447,9448,1227,bei Armlänge normal,
9448,9449,1228,Kragenweite,37.5
9449,9450,1228,Oberweite,108.0
9450,9451,1228,Taillenweite,94.0
9451,9452,1228,Hemdenlänge:,
9452,9453,1228,bei Armlänge extra kurz,77.0
9453,9454,1228,bei Armlänge normal,82.0
9454,9455,1229,Kragenweite,39.5
9455,9456,1229,Oberweite,114.0
9456,9457,1229,Taillenweite,102.0
9457,9458,1229,Hemdenlänge:,
9458,9459,1229,bei Armlänge extra kurz,78.0
9459,9460,1229,bei Armlänge normal,83.0
9460,9461,1230,Kragenweite,41.5
9461,9462,1230,Oberweite,122.0
9462,9463,1230,Taillenweite,108.0
9463,9464,1230,Hemdenlänge:,
9464,9465,1230,bei Armlänge extra kurz,79.0
9465,9466,1230,bei Armlänge normal,84.0
9466,9467,1231,Kragenweite,43.5
9467,9468,1231,Oberweite,128.0
9468,9469,1231,Taillenweite,114.0
9469,9470,1231,Hemdenlänge:,
9470,9471,1231,bei Armlänge extra kurz,80.0
9471,9472,1231,bei Armlänge normal,85.0
9472,9473,1232,Kragenweite,45.5
9473,9474,1232,Oberweite,134.0
9474,9475,1232,Taillenweite,120.0
9475,9476,1232,Hemdenlänge:,
9476,9477,1232,bei Armlänge extra kurz,81.0
9477,9478,1232,bei Armlänge normal,86.0
9478,9479,1233,Kragenweite,47.5
9479,9480,1233,Oberweite,
9480,9481,1233,Taillenweite,
9481,9482,1233,Hemdenlänge:,
9482,9483,1233,bei Armlänge extra kurz,
9483,9484,1233,bei Armlänge normal,
9484,9485,1234,Kragenweite,49.5
9485,9486,1234,Oberweite,
9486,9487,1234,Taillenweite,
9487,9488,1234,Hemdenlänge:,
9488,9489,1234,bei Armlänge extra kurz,
9489,9490,1234,bei Armlänge normal,
9490,9491,1235,Kragenweite,52.0
9491,9492,1235,Oberweite,
9492,9493,1235,Taillenweite,
9493,9494,1235,Hemdenlänge:,
9494,9495,1235,bei Armlänge extra kurz,
9495,9496,1235,bei Armlänge normal,
9496,9497,1236,Kragenweite,54.0
9497,9498,1236,Oberweite,
9498,9499,1236,Taillenweite,
9499,9500,1236,Hemdenlänge:,
9500,9501,1236,bei Armlänge extra kurz,
9501,9502,1236,bei Armlänge normal,
9502,9503,1237,Kragenweite,36.0
9503,9504,1237,Oberweite,102.0
9504,9505,1237,Taillenweite,98.0
9505,9506,1237,Schulterbreite,145.0
9506,9507,1237,Hemdenlänge:,
9507,9508,1237,bei Armlänge normal,81.0
9508,9509,1237,bei Armlänge extra lang,88.0
9509,9510,1238,Kragenweite,37.5
9510,9511,1238,Oberweite,110.0
9511,9512,1238,Taillenweite,106.0
9512,9513,1238,Schulterbreite,153.0
9513,9514,1238,Hemdenlänge:,
9514,9515,1238,bei Armlänge normal,82.0
9515,9516,1238,bei Armlänge extra lang,89.0
9516,9517,1239,Kragenweite,39.5
9517,9518,1239,Oberweite,118.0
9518,9519,1239,Taillenweite,114.0
9519,9520,1239,Schulterbreite,16.0
9520,9521,1239,Hemdenlänge:,
9521,9522,1239,bei Armlänge normal,82.0
9522,9523,1239,bei Armlänge extra lang,89.0
9523,9524,1240,Kragenweite,41.5
9524,9525,1240,Oberweite,126.0
9525,9526,1240,Taillenweite,122.0
9526,9527,1240,Schulterbreite,168.0
9527,9528,1240,Hemdenlänge:,
9528,9529,1240,bei Armlänge normal,83.0
9529,9530,1240,bei Armlänge extra lang,90.0
9530,9531,1241,Kragenweite,43.5
9531,9532,1241,Oberweite,134.0
9532,9533,1241,Taillenweite,134.0
9533,9534,1241,Schulterbreite,175.0
9534,9535,1241,Hemdenlänge:,
9535,9536,1241,bei Armlänge normal,85.0
9536,9537,1241,bei Armlänge extra lang,92.0
9537,9538,1242,Kragenweite,45.5
9538,9539,1242,Oberweite,144.0
9539,9540,1242,Taillenweite,144.0
9540,9541,1242,Schulterbreite,189.0
9541,9542,1242,Hemdenlänge:,
9542,9543,1242,bei Armlänge normal,88.0
9543,9544,1242,bei Armlänge extra lang,95.0
9544,9545,1243,Kragenweite,47.5
9545,9546,1243,Oberweite,154.0
9546,9547,1243,Taillenweite,154.0
9547,9548,1243,Schulterbreite,199.0
9548,9549,1243,Hemdenlänge:,
9549,9550,1243,bei Armlänge normal,90.0
9550,9551,1243,bei Armlänge extra lang,95.0
9551,9552,1244,Kragenweite,49.5
9552,9553,1244,Oberweite,164.0
9553,9554,1244,Taillenweite,164.0
9554,9555,1244,Schulterbreite,209.0
9555,9556,1244,Hemdenlänge:,
9556,9557,1244,bei Armlänge normal,90.0
9557,9558,1244,bei Armlänge extra lang,95.0
9558,9559,1245,Kragenweite,52.0
9559,9560,1245,Oberweite,170.0
9560,9561,1245,Taillenweite,172.0
9561,9562,1245,Schulterbreite,219.0
9562,9563,1245,Hemdenlänge:,
9563,9564,1245,bei Armlänge normal,93.0
9564,9565,1245,bei Armlänge extra lang,95.0
9565,9566,1246,Kragenweite,54.0
9566,9567,1246,Oberweite,180.0
9567,9568,1246,Taillenweite,182.0
9568,9569,1246,Schulterbreite,229.0
9569,9570,1246,Hemdenlänge:,
9570,9571,1246,bei Armlänge normal,93.0
9571,9572,1246,bei Armlänge extra lang,95.0
9572,9573,1247,Kragenweite,56.0
9573,9574,1247,Oberweite,192.0
9574,9575,1247,Taillenweite,194.0
9575,9576,1247,Schulterbreite,237.0
9576,9577,1247,Hemdenlänge:,
9577,9578,1247,bei Armlänge normal,93.0
9578,9579,1247,bei Armlänge extra lang,95.0
9579,9580,1248,Kragenweite,36.0
9580,9581,1248,Oberweite,98.0
9581,9582,1248,Taillenweite,86.0
9582,9583,1248,Rückenbreite,38.0
9583,9584,1248,Hemdenlänge:,
9584,9585,1248,bei Armlänge normal,76.0
9585,9586,1248,bei Armlänge extra lang,
9586,9587,1249,Kragenweite,37.5
9587,9588,1249,Oberweite,104.0
9588,9589,1249,Taillenweite,92.0
9589,9590,1249,Rückenbreite,40.0
9590,9591,1249,Hemdenlänge:,
9591,9592,1249,bei Armlänge normal,78.0
9592,9593,1249,bei Armlänge extra lang,81.0
9593,9594,1250,Kragenweite,39.5
9594,9595,1250,Oberweite,110.0
9595,9596,1250,Taillenweite,98.0
9596,9597,1250,Rückenbreite,42.0
9597,9598,1250,Hemdenlänge:,
9598,9599,1250,bei Armlänge normal,80.0
9599,9600,1250,bei Armlänge extra lang,83.0
9600,9601,1251,Kragenweite,41.5
9601,9602,1251,Oberweite,116.0
9602,9603,1251,Taillenweite,104.0
9603,9604,1251,Rückenbreite,44.0
9604,9605,1251,Hemdenlänge:,
9605,9606,1251,bei Armlänge normal,80.0
9606,9607,1251,bei Armlänge extra lang,83.0
9607,9608,1252,Kragenweite,43.5
9608,9609,1252,Oberweite,124.0
9609,9610,1252,Taillenweite,112.0
9610,9611,1252,Rückenbreite,46.0
9611,9612,1252,Hemdenlänge:,
9612,9613,1252,bei Armlänge normal,83.0
9613,9614,1252,bei Armlänge extra lang,87.0
9614,9615,1253,Kragenweite,45.5
9615,9616,1253,Oberweite,
9616,9617,1253,Taillenweite,
9617,9618,1253,Rückenbreite,
9618,9619,1253,Hemdenlänge:,
9619,9620,1253,bei Armlänge normal,
9620,9621,1253,bei Armlänge extra lang,
9621,9622,1254,Kragenweite,47.5
9622,9623,1254,Oberweite,
9623,9624,1254,Taillenweite,
9624,9625,1254,Rückenbreite,
9625,9626,1254,Hemdenlänge:,
9626,9627,1254,bei Armlänge normal,
9627,9628,1254,bei Armlänge extra lang,
9628,9629,1255,Kragenweite,49.5
9629,9630,1255,Oberweite,
9630,9631,1255,Taillenweite,
9631,9632,1255,Rückenbreite,
9632,9633,1255,Hemdenlänge:,
9633,9634,1255,bei Armlänge normal,
9634,9635,1255,bei Armlänge extra lang,
9635,9636,1256,Kragenweite,52.0
9636,9637,1256,Oberweite,
9637,9638,1256,Taillenweite,
9638,9639,1256,Rückenbreite,
9639,9640,1256,Hemdenlänge:,
9640,9641,1256,bei Armlänge normal,
9641,9642,1256,bei Armlänge extra lang,
9642,9643,1257,Kragenweite,54.0
9643,9644,1257,Oberweite,
9644,9645,1257,Taillenweite,
9645,9646,1257,Rückenbreite,
9646,9647,1257,Hemdenlänge:,
9647,9648,1257,bei Armlänge normal,
9648,9649,1257,bei Armlänge extra lang,
9649,9650,1258,Kragenweite,36.0
9650,9651,1258,Oberweite,98.0
9651,9652,1258,Taillenweite,86.0
9652,9653,1258,Rückenbreite,38.0
9653,9654,1258,Hemdenlänge:,
9654,9655,1258,bei Armlänge normal,76.0
9655,9656,1258,bei Armlänge extra lang,
9656,9657,1259,Kragenweite,37.5
9657,9658,1259,Oberweite,104.0
9658,9659,1259,Taillenweite,92.0
9659,9660,1259,Rückenbreite,40.0
9660,9661,1259,Hemdenlänge:,
9661,9662,1259,bei Armlänge normal,78.0
9662,9663,1259,bei Armlänge extra lang,81.0
9663,9664,1260,Kragenweite,39.5
9664,9665,1260,Oberweite,110.0
9665,9666,1260,Taillenweite,98.0
9666,9667,1260,Rückenbreite,42.0
9667,9668,1260,Hemdenlänge:,
9668,9669,1260,bei Armlänge normal,80.0
9669,9670,1260,bei Armlänge extra lang,83.0
9670,9671,1261,Kragenweite,41.5
9671,9672,1261,Oberweite,116.0
9672,9673,1261,Taillenweite,104.0
9673,9674,1261,Rückenbreite,44.0
9674,9675,1261,Hemdenlänge:,
9675,9676,1261,bei Armlänge normal,80.0
9676,9677,1261,bei Armlänge extra lang,83.0
9677,9678,1262,Kragenweite,43.5
9678,9679,1262,Oberweite,124.0
9679,9680,1262,Taillenweite,112.0
9680,9681,1262,Rückenbreite,46.0
9681,9682,1262,Hemdenlänge:,
9682,9683,1262,bei Armlänge normal,83.0
9683,9684,1262,bei Armlänge extra lang,87.0
9684,9685,1263,Kragenweite,45.5
9685,9686,1263,Oberweite,
9686,9687,1263,Taillenweite,
9687,9688,1263,Rückenbreite,
9688,9689,1263,Hemdenlänge:,
9689,9690,1263,bei Armlänge normal,
9690,9691,1263,bei Armlänge extra lang,
9691,9692,1264,Kragenweite,47.5
9692,9693,1264,Oberweite,
9693,9694,1264,Taillenweite,
9694,9695,1264,Rückenbreite,
9695,9696,1264,Hemdenlänge:,
9696,9697,1264,bei Armlänge normal,
9697,9698,1264,bei Armlänge extra lang,
9698,9699,1265,Kragenweite,49.5
9699,9700,1265,Oberweite,
9700,9701,1265,Taillenweite,
9701,9702,1265,Rückenbreite,
9702,9703,1265,Hemdenlänge:,
9703,9704,1265,bei Armlänge normal,
9704,9705,1265,bei Armlänge extra lang,
9705,9706,1266,Kragenweite,52.0
9706,9707,1266,Oberweite,
9707,9708,1266,Taillenweite,
9708,9709,1266,Rückenbreite,
9709,9710,1266,Hemdenlänge:,
9710,9711,1266,bei Armlänge normal,
9711,9712,1266,bei Armlänge extra lang,
9712,9713,1267,Kragenweite,54.0
9713,9714,1267,Oberweite,
9714,9715,1267,Taillenweite,
9715,9716,1267,Rückenbreite,
9716,9717,1267,Hemdenlänge:,
9717,9718,1267,bei Armlänge normal,
9718,9719,1267,bei Armlänge extra lang,
9719,9720,1268,Kragenweite,36.0
9720,9721,1268,Oberweite,98.0
9721,9722,1268,Taillenweite,88.0
9722,9723,1268,Schulterbreite,147.0
9723,9724,1268,Hemdenlänge:,
9724,9725,1268,bei Armlänge normal,77.0
9725,9726,1268,bei Armlänge extra lang,85.0
9726,9727,1269,Kragenweite,37.5
9727,9728,1269,Oberweite,104.0
9728,9729,1269,Taillenweite,94.0
9729,9730,1269,Schulterbreite,152.0
9730,9731,1269,Hemdenlänge:,
9731,9732,1269,bei Armlänge normal,78.0
9732,9733,1269,bei Armlänge extra lang,86.0
9733,9734,1270,Kragenweite,39.5
9734,9735,1270,Oberweite,112.0
9735,9736,1270,Taillenweite,102.0
9736,9737,1270,Schulterbreite,157.0
9737,9738,1270,Hemdenlänge:,
9738,9739,1270,bei Armlänge normal,80.0
9739,9740,1270,bei Armlänge extra lang,88.0
9740,9741,1271,Kragenweite,41.5
9741,9742,1271,Oberweite,120.0
9742,9743,1271,Taillenweite,110.0
9743,9744,1271,Schulterbreite,162.0
9744,9745,1271,Hemdenlänge:,
9745,9746,1271,bei Armlänge normal,82.0
9746,9747,1271,bei Armlänge extra lang,90.0
9747,9748,1272,Kragenweite,43.5
9748,9749,1272,Oberweite,130.0
9749,9750,1272,Taillenweite,120.0
9750,9751,1272,Schulterbreite,172.0
9751,9752,1272,Hemdenlänge:,
9752,9753,1272,bei Armlänge normal,84.0
9753,9754,1272,bei Armlänge extra lang,91.0
9754,9755,1273,Kragenweite,45.5
9755,9756,1273,Oberweite,138.0
9756,9757,1273,Taillenweite,130.0
9757,9758,1273,Schulterbreite,182.0
9758,9759,1273,Hemdenlänge:,
9759,9760,1273,bei Armlänge normal,86.0
9760,9761,1273,bei Armlänge extra lang,93.0
9761,9762,1274,Kragenweite,47.5
9762,9763,1274,Oberweite,146.0
9763,9764,1274,Taillenweite,140.0
9764,9765,1274,Schulterbreite,189.0
9765,9766,1274,Hemdenlänge:,
9766,9767,1274,bei Armlänge normal,90.0
9767,9768,1274,bei Armlänge extra lang,95.0
9768,9769,1275,Kragenweite,49.5
9769,9770,1275,Oberweite,
9770,9771,1275,Taillenweite,
9771,9772,1275,Schulterbreite,
9772,9773,1275,Hemdenlänge:,
9773,9774,1275,bei Armlänge normal,
9774,9775,1275,bei Armlänge extra lang,
9775,9776,1276,Kragenweite,52.0
9776,9777,1276,Oberweite,
9777,9778,1276,Taillenweite,
9778,9779,1276,Schulterbreite,
9779,9780,1276,Hemdenlänge:,
9780,9781,1276,bei Armlänge normal,
9781,9782,1276,bei Armlänge extra lang,
9782,9783,1277,Kragenweite,54.0
9783,9784,1277,Oberweite,
9784,9785,1277,Taillenweite,
9785,9786,1277,Schulterbreite,
9786,9787,1277,Hemdenlänge:,
9787,9788,1277,bei Armlänge normal,
9788,9789,1277,bei Armlänge extra lang,
9789,9790,1278,Kragenweite,36.0
9790,9791,1278,Oberweite,100.0
9791,9792,1278,Taillenweite,88.0
9792,9793,1278,Schulterbreite,143.0
9793,9794,1278,Hemdenlänge:,
9794,9795,1278,bei Armlänge normal,77.0
9795,9796,1278,bei Armlänge extra lang,85.0
9796,9797,1279,Kragenweite,37.5
9797,9798,1279,Oberweite,108.0
9798,9799,1279,Taillenweite,98.0
9799,9800,1279,Schulterbreite,15.0
9800,9801,1279,Hemdenlänge:,
9801,9802,1279,bei Armlänge normal,78.0
9802,9803,1279,bei Armlänge extra lang,86.0
9803,9804,1280,Kragenweite,39.5
9804,9805,1280,Oberweite,116.0
9805,9806,1280,Taillenweite,106.0
9806,9807,1280,Schulterbreite,158.0
9807,9808,1280,Hemdenlänge:,
9808,9809,1280,bei Armlänge normal,80.0
9809,9810,1280,bei Armlänge extra lang,88.0
9810,9811,1281,Kragenweite,41.5
9811,9812,1281,Oberweite,124.0
9812,9813,1281,Taillenweite,114.0
9813,9814,1281,Schulterbreite,165.0
9814,9815,1281,Hemdenlänge:,
9815,9816,1281,bei Armlänge normal,82.0
9816,9817,1281,bei Armlänge extra lang,90.0
9817,9818,1282,Kragenweite,43.5
9818,9819,1282,Oberweite,132.0
9819,9820,1282,Taillenweite,126.0
9820,9821,1282,Schulterbreite,173.0
9821,9822,1282,Hemdenlänge:,
9822,9823,1282,bei Armlänge normal,84.0
9823,9824,1282,bei Armlänge extra lang,92.0
9824,9825,1283,Kragenweite,45.5
9825,9826,1283,Oberweite,140.0
9826,9827,1283,Taillenweite,134.0
9827,9828,1283,Schulterbreite,181.0
9828,9829,1283,Hemdenlänge:,
9829,9830,1283,bei Armlänge normal,86.0
9830,9831,1283,bei Armlänge extra lang,94.0
9831,9832,1284,Kragenweite,47.5
9832,9833,1284,Oberweite,148.0
9833,9834,1284,Taillenweite,144.0
9834,9835,1284,Schulterbreite,189.0
9835,9836,1284,Hemdenlänge:,
9836,9837,1284,bei Armlänge normal,90.0
9837,9838,1284,bei Armlänge extra lang,95.0
9838,9839,1285,Kragenweite,49.5
9839,9840,1285,Oberweite,
9840,9841,1285,Taillenweite,
9841,9842,1285,Schulterbreite,
9842,9843,1285,Hemdenlänge:,
9843,9844,1285,bei Armlänge normal,
9844,9845,1285,bei Armlänge extra lang,
9845,9846,1286,Kragenweite,52.0
9846,9847,1286,Oberweite,
9847,9848,1286,Taillenweite,
9848,9849,1286,Schulterbreite,
9849,9850,1286,Hemdenlänge:,
9850,9851,1286,bei Armlänge normal,
9851,9852,1286,bei Armlänge extra lang,
9852,9853,1287,Kragenweite,54.0
9853,9854,1287,Oberweite,
9854,9855,1287,Taillenweite,
9855,9856,1287,Schulterbreite,
9856,9857,1287,Hemdenlänge:,
9857,9858,1287,bei Armlänge normal,
9858,9859,1287,bei Armlänge extra lang,
9859,9860,1288,Kragenweite,36.0
9860,9861,1288,Oberweite,100.0
9861,9862,1288,Taillenweite,88.0
9862,9863,1288,Schulterbreite,143.0
9863,9864,1288,Hemdenlänge:,
9864,9865,1288,bei Armlänge normal,77.0
9865,9866,1288,bei Armlänge extra lang,85.0
9866,9867,1289,Kragenweite,37.5
9867,9868,1289,Oberweite,108.0
9868,9869,1289,Taillenweite,98.0
9869,9870,1289,Schulterbreite,15.0
9870,9871,1289,Hemdenlänge:,
9871,9872,1289,bei Armlänge normal,78.0
9872,9873,1289,bei Armlänge extra lang,86.0
9873,9874,1290,Kragenweite,39.5
9874,9875,1290,Oberweite,116.0
9875,9876,1290,Taillenweite,106.0
9876,9877,1290,Schulterbreite,158.0
9877,9878,1290,Hemdenlänge:,
9878,9879,1290,bei Armlänge normal,80.0
9879,9880,1290,bei Armlänge extra lang,88.0
9880,9881,1291,Kragenweite,41.5
9881,9882,1291,Oberweite,124.0
9882,9883,1291,Taillenweite,114.0
9883,9884,1291,Schulterbreite,165.0
9884,9885,1291,Hemdenlänge:,
9885,9886,1291,bei Armlänge normal,82.0
9886,9887,1291,bei Armlänge extra lang,90.0
9887,9888,1292,Kragenweite,43.5
9888,9889,1292,Oberweite,132.0
9889,9890,1292,Taillenweite,126.0
9890,9891,1292,Schulterbreite,173.0
9891,9892,1292,Hemdenlänge:,
9892,9893,1292,bei Armlänge normal,84.0
9893,9894,1292,bei Armlänge extra lang,92.0
9894,9895,1293,Kragenweite,45.5
9895,9896,1293,Oberweite,140.0
9896,9897,1293,Taillenweite,134.0
9897,9898,1293,Schulterbreite,181.0
9898,9899,1293,Hemdenlänge:,
9899,9900,1293,bei Armlänge normal,86.0
9900,9901,1293,bei Armlänge extra lang,94.0
9901,9902,1294,Kragenweite,47.5
9902,9903,1294,Oberweite,148.0
9903,9904,1294,Taillenweite,144.0
9904,9905,1294,Schulterbreite,189.0
9905,9906,1294,Hemdenlänge:,
9906,9907,1294,bei Armlänge normal,90.0
9907,9908,1294,bei Armlänge extra lang,95.0
9908,9909,1295,Kragenweite,49.5
9909,9910,1295,Oberweite,
9910,9911,1295,Taillenweite,
9911,9912,1295,Schulterbreite,
9912,9913,1295,Hemdenlänge:,
9913,9914,1295,bei Armlänge normal,
9914,9915,1295,bei Armlänge extra lang,
9915,9916,1296,Kragenweite,52.0
9916,9917,1296,Oberweite,
9917,9918,1296,Taillenweite,
9918,9919,1296,Schulterbreite,
9919,9920,1296,Hemdenlänge:,
9920,9921,1296,bei Armlänge normal,
9921,9922,1296,bei Armlänge extra lang,
9922,9923,1297,Kragenweite,54.0
9923,9924,1297,Oberweite,
9924,9925,1297,Taillenweite,
9925,9926,1297,Schulterbreite,
9926,9927,1297,Hemdenlänge:,
9927,9928,1297,bei Armlänge normal,
9928,9929,1297,bei Armlänge extra lang,
9929,9930,1298,Kragenweite,36.0
9930,9931,1298,Oberweite,98.0
9931,9932,1298,Taillenweite,86.0
9932,9933,1298,Rückenbreite,38.0
9933,9934,1298,Hemdenlänge:,
9934,9935,1298,bei Armlänge extra kurz,76.0
9935,9936,1298,bei Armlänge normal,76.0
9936,9937,1298,bei Armlänge extra lang,79.0
9937,9938,1299,Kragenweite,37.5
9938,9939,1299,Oberweite,104.0
9939,9940,1299,Taillenweite,92.0
9940,9941,1299,Rückenbreite,40.0
9941,9942,1299,Hemdenlänge:,
9942,9943,1299,bei Armlänge extra kurz,78.0
9943,9944,1299,bei Armlänge normal,78.0
9944,9945,1299,bei Armlänge extra lang,81.0
9945,9946,1300,Kragenweite,39.5
9946,9947,1300,Oberweite,110.0
9947,9948,1300,Taillenweite,98.0
9948,9949,1300,Rückenbreite,42.0
9949,9950,1300,Hemdenlänge:,
9950,9951,1300,bei Armlänge extra kurz,80.0
9951,9952,1300,bei Armlänge normal,80.0
9952,9953,1300,bei Armlänge extra lang,83.0
9953,9954,1301,Kragenweite,41.5
9954,9955,1301,Oberweite,116.0
9955,9956,1301,Taillenweite,104.0
9956,9957,1301,Rückenbreite,44.0
9957,9958,1301,Hemdenlänge:,
9958,9959,1301,bei Armlänge extra kurz,80.0
9959,9960,1301,bei Armlänge normal,80.0
9960,9961,1301,bei Armlänge extra lang,83.0
9961,9962,1302,Kragenweite,43.5
9962,9963,1302,Oberweite,124.0
9963,9964,1302,Taillenweite,112.0
9964,9965,1302,Rückenbreite,46.0
9965,9966,1302,Hemdenlänge:,
9966,9967,1302,bei Armlänge extra kurz,83.0
9967,9968,1302,bei Armlänge normal,83.0
9968,9969,1302,bei Armlänge extra lang,87.0
9969,9970,1303,Kragenweite,45.5
9970,9971,1303,Oberweite,132.0
9971,9972,1303,Taillenweite,120.0
9972,9973,1303,Rückenbreite,48.0
9973,9974,1303,Hemdenlänge:,
9974,9975,1303,bei Armlänge extra kurz,85.0
9975,9976,1303,bei Armlänge normal,85.0
9976,9977,1303,bei Armlänge extra lang,89.0
9977,9978,1304,Kragenweite,47.5
9978,9979,1304,Oberweite,
9979,9980,1304,Taillenweite,
9980,9981,1304,Rückenbreite,
9981,9982,1304,Hemdenlänge:,
9982,9983,1304,bei Armlänge extra kurz,
9983,9984,1304,bei Armlänge normal,
9984,9985,1304,bei Armlänge extra lang,
9985,9986,1305,Kragenweite,49.5
9986,9987,1305,Oberweite,
9987,9988,1305,Taillenweite,
9988,9989,1305,Rückenbreite,
9989,9990,1305,Hemdenlänge:,
9990,9991,1305,bei Armlänge extra kurz,
9991,9992,1305,bei Armlänge normal,
9992,9993,1305,bei Armlänge extra lang,
9993,9994,1306,Kragenweite,52.0
9994,9995,1306,Oberweite,
9995,9996,1306,Taillenweite,
9996,9997,1306,Rückenbreite,
9997,9998,1306,Hemdenlänge:,
9998,9999,1306,bei Armlänge extra kurz,
9999,10000,1306,bei Armlänge normal,
10000,10001,1306,bei Armlänge extra lang,
10001,10002,1307,Kragenweite,54.0
10002,10003,1307,Oberweite,
10003,10004,1307,Taillenweite,
10004,10005,1307,Rückenbreite,
10005,10006,1307,Hemdenlänge:,
10006,10007,1307,bei Armlänge extra kurz,
10007,10008,1307,bei Armlänge normal,
10008,10009,1307,bei Armlänge extra lang,
10009,10010,1308,Kragenweite,36.0
10010,10011,1308,Oberweite,
10011,10012,1308,Taillenweite,
10012,10013,1308,Hemdenlänge:,
10013,10014,1308,bei Armlänge extra kurz,
10014,10015,1308,bei Armlänge normal,
10015,10016,1308,bei Armlänge extra lang,
10016,10017,1309,Kragenweite,37.5
10017,10018,1309,Oberweite,110.0
10018,10019,1309,Taillenweite,100.0
10019,10020,1309,Hemdenlänge:,
10020,10021,1309,bei Armlänge extra kurz,82.0
10021,10022,1309,bei Armlänge normal,82.0
10022,10023,1309,bei Armlänge extra lang,87.0
10023,10024,1310,Kragenweite,39.5
10024,10025,1310,Oberweite,116.0
10025,10026,1310,Taillenweite,108.0
10026,10027,1310,Hemdenlänge:,
10027,10028,1310,bei Armlänge extra kurz,82.0
10028,10029,1310,bei Armlänge normal,82.0
10029,10030,1310,bei Armlänge extra lang,87.0
10030,10031,1311,Kragenweite,41.5
10031,10032,1311,Oberweite,124.0
10032,10033,1311,Taillenweite,116.0
10033,10034,1311,Hemdenlänge:,
10034,10035,1311,bei Armlänge extra kurz,82.0
10035,10036,1311,bei Armlänge normal,82.0
10036,10037,1311,bei Armlänge extra lang,87.0
10037,10038,1312,Kragenweite,43.5
10038,10039,1312,Oberweite,132.0
10039,10040,1312,Taillenweite,126.0
10040,10041,1312,Hemdenlänge:,
10041,10042,1312,bei Armlänge extra kurz,82.0
10042,10043,1312,bei Armlänge normal,85.0
10043,10044,1312,bei Armlänge extra lang,90.0
10044,10045,1313,Kragenweite,45.5
10045,10046,1313,Oberweite,140.0
10046,10047,1313,Taillenweite,134.0
10047,10048,1313,Hemdenlänge:,
10048,10049,1313,bei Armlänge extra kurz,82.0
10049,10050,1313,bei Armlänge normal,85.0
10050,10051,1313,bei Armlänge extra lang,90.0
10051,10052,1314,Kragenweite,47.5
10052,10053,1314,Oberweite,150.0
10053,10054,1314,Taillenweite,146.0
10054,10055,1314,Hemdenlänge:,
10055,10056,1314,bei Armlänge extra kurz,82.0
10056,10057,1314,bei Armlänge normal,90.0
10057,10058,1314,bei Armlänge extra lang,95.0
10058,10059,1315,Kragenweite,49.5
10059,10060,1315,Oberweite,156.0
10060,10061,1315,Taillenweite,156.0
10061,10062,1315,Hemdenlänge:,
10062,10063,1315,bei Armlänge extra kurz,82.0
10063,10064,1315,bei Armlänge normal,90.0
10064,10065,1315,bei Armlänge extra lang,95.0
10065,10066,1316,Kragenweite,52.0
10066,10067,1316,Oberweite,160.0
10067,10068,1316,Taillenweite,164.0
10068,10069,1316,Hemdenlänge:,
10069,10070,1316,bei Armlänge extra kurz,82.0
10070,10071,1316,bei Armlänge normal,90.0
10071,10072,1316,bei Armlänge extra lang,95.0
10072,10073,1317,Kragenweite,54.0
10073,10074,1317,Oberweite,164.0
10074,10075,1317,Taillenweite,170.0
10075,10076,1317,Hemdenlänge:,
10076,10077,1317,bei Armlänge extra kurz,82.0
10077,10078,1317,bei Armlänge normal,90.0
10078,10079,1317,bei Armlänge extra lang,95.0
10079,10080,1318,"Kragenweite, cm",37.5
10080,10081,1318,"Oberweite, cm",112.0
10081,10082,1318,"Taillenweite, cm",104.0
10082,10083,1318,Rückenlänge,78.0
10083,10084,1319,"Kragenweite, cm",39.5
10084,10085,1319,"Oberweite, cm",118.0
10085,10086,1319,"Taillenweite, cm",110.0
10086,10087,1319,Rückenlänge,78.0
10087,10088,1320,"Kragenweite, cm",41.5
10088,10089,1320,"Oberweite, cm",124.0
10089,10090,1320,"Taillenweite, cm",118.0
10090,10091,1320,Rückenlänge,80.0
10091,10092,1321,"Kragenweite, cm",43.5
10092,10093,1321,"Oberweite, cm",134.0
10093,10094,1321,"Taillenweite, cm",126.0
10094,10095,1321,Rückenlänge,82.0
10095,10096,1322,"Kragenweite, cm",45.5
10096,10097,1322,"Oberweite, cm",144.0
10097,10098,1322,"Taillenweite, cm",140.0
10098,10099,1322,Rückenlänge,85.0
10099,10100,1323,"Kragenweite, cm",47.5
10100,10101,1323,"Oberweite, cm",154.0
10101,10102,1323,"Taillenweite, cm",154.0
10102,10103,1323,Rückenlänge,90.0
10103,10104,1324,"Kragenweite, cm",49.5
10104,10105,1324,"Oberweite, cm",164.0
10105,10106,1324,"Taillenweite, cm",164.0
10106,10107,1324,Rückenlänge,95.0
10107,10108,1325,Kragenweite,36.0
10108,10109,1325,Oberweite,
10109,10110,1325,Taillenweite,
10110,10111,1325,Schulterbreite,
10111,10112,1325,Hemdenlänge:,
10112,10113,1325,bei Armlänge extra kurz,
10113,10114,1325,bei Armlänge normal,
10114,10115,1325,bei Armlänge extra lang,
10115,10116,1326,Kragenweite,37.5
10116,10117,1326,Oberweite,112.0
10117,10118,1326,Taillenweite,108.0
10118,10119,1326,Schulterbreite,17.0
10119,10120,1326,Hemdenlänge:,
10120,10121,1326,bei Armlänge extra kurz,80.0
10121,10122,1326,bei Armlänge normal,80.0
10122,10123,1326,bei Armlänge extra lang,90.0
10123,10124,1327,Kragenweite,39.5
10124,10125,1327,Oberweite,120.0
10125,10126,1327,Taillenweite,114.0
10126,10127,1327,Schulterbreite,178.0
10127,10128,1327,Hemdenlänge:,
10128,10129,1327,bei Armlänge extra kurz,80.0
10129,10130,1327,bei Armlänge normal,80.0
10130,10131,1327,bei Armlänge extra lang,90.0
10131,10132,1328,Kragenweite,41.5
10132,10133,1328,Oberweite,128.0
10133,10134,1328,Taillenweite,124.0
10134,10135,1328,Schulterbreite,186.0
10135,10136,1328,Hemdenlänge:,
10136,10137,1328,bei Armlänge extra kurz,80.0
10137,10138,1328,bei Armlänge normal,80.0
10138,10139,1328,bei Armlänge extra lang,90.0
10139,10140,1329,Kragenweite,43.5
10140,10141,1329,Oberweite,134.0
10141,10142,1329,Taillenweite,134.0
10142,10143,1329,Schulterbreite,194.0
10143,10144,1329,Hemdenlänge:,
10144,10145,1329,bei Armlänge extra kurz,80.0
10145,10146,1329,bei Armlänge normal,82.0
10146,10147,1329,bei Armlänge extra lang,90.0
10147,10148,1330,Kragenweite,45.5
10148,10149,1330,Oberweite,148.0
10149,10150,1330,Taillenweite,148.0
10150,10151,1330,Schulterbreite,202.0
10151,10152,1330,Hemdenlänge:,
10152,10153,1330,bei Armlänge extra kurz,80.0
10153,10154,1330,bei Armlänge normal,90.0
10154,10155,1330,bei Armlänge extra lang,90.0
10155,10156,1331,Kragenweite,47.5
10156,10157,1331,Oberweite,154.0
10157,10158,1331,Taillenweite,154.0
10158,10159,1331,Schulterbreite,21.0
10159,10160,1331,Hemdenlänge:,
10160,10161,1331,bei Armlänge extra kurz,80.0
10161,10162,1331,bei Armlänge normal,90.0
10162,10163,1331,bei Armlänge extra lang,90.0
10163,10164,1332,Kragenweite,49.5
10164,10165,1332,Oberweite,160.0
10165,10166,1332,Taillenweite,160.0
10166,10167,1332,Schulterbreite,218.0
10167,10168,1332,Hemdenlänge:,
10168,10169,1332,bei Armlänge extra kurz,80.0
10169,10170,1332,bei Armlänge normal,95.0
10170,10171,1332,bei Armlänge extra lang,95.0
10171,10172,1333,Kragenweite,52.0
10172,10173,1333,Oberweite,168.0
10173,10174,1333,Taillenweite,168.0
10174,10175,1333,Schulterbreite,226.0
10175,10176,1333,Hemdenlänge:,
10176,10177,1333,bei Armlänge extra kurz,80.0
10177,10178,1333,bei Armlänge normal,95.0
10178,10179,1333,bei Armlänge extra lang,95.0
10179,10180,1334,Kragenweite,54.0
10180,10181,1334,Oberweite,176.0
10181,10182,1334,Taillenweite,176.0
10182,10183,1334,Schulterbreite,234.0
10183,10184,1334,Hemdenlänge:,
10184,10185,1334,bei Armlänge extra kurz,80.0
10185,10186,1334,bei Armlänge normal,95.0
10186,10187,1334,bei Armlänge extra lang,95.0
10187,10188,1335,Kragenweite,36.0
10188,10189,1335,Oberweite,100.0
10189,10190,1335,Taillenweite,88.0
10190,10191,1335,Schulterbreite,143.0
10191,10192,1335,Hemdenlänge:,
10192,10193,1335,bei Armlänge normal,77.0
10193,10194,1335,bei Armlänge extra lang,85.0
10194,10195,1336,Kragenweite,37.5
10195,10196,1336,Oberweite,108.0
10196,10197,1336,Taillenweite,98.0
10197,10198,1336,Schulterbreite,15.0
10198,10199,1336,Hemdenlänge:,
10199,10200,1336,bei Armlänge normal,78.0
10200,10201,1336,bei Armlänge extra lang,86.0
10201,10202,1337,Kragenweite,39.5
10202,10203,1337,Oberweite,116.0
10203,10204,1337,Taillenweite,106.0
10204,10205,1337,Schulterbreite,158.0
10205,10206,1337,Hemdenlänge:,
10206,10207,1337,bei Armlänge normal,80.0
10207,10208,1337,bei Armlänge extra lang,88.0
10208,10209,1338,Kragenweite,41.5
10209,10210,1338,Oberweite,124.0
10210,10211,1338,Taillenweite,114.0
10211,10212,1338,Schulterbreite,165.0
10212,10213,1338,Hemdenlänge:,
10213,10214,1338,bei Armlänge normal,82.0
10214,10215,1338,bei Armlänge extra lang,90.0
10215,10216,1339,Kragenweite,43.5
10216,10217,1339,Oberweite,132.0
10217,10218,1339,Taillenweite,126.0
10218,10219,1339,Schulterbreite,173.0
10219,10220,1339,Hemdenlänge:,
10220,10221,1339,bei Armlänge normal,84.0
10221,10222,1339,bei Armlänge extra lang,92.0
10222,10223,1340,Kragenweite,45.5
10223,10224,1340,Oberweite,140.0
10224,10225,1340,Taillenweite,134.0
10225,10226,1340,Schulterbreite,181.0
10226,10227,1340,Hemdenlänge:,
10227,10228,1340,bei Armlänge normal,86.0
10228,10229,1340,bei Armlänge extra lang,94.0
10229,10230,1341,Kragenweite,47.5
10230,10231,1341,Oberweite,148.0
10231,10232,1341,Taillenweite,144.0
10232,10233,1341,Schulterbreite,189.0
10233,10234,1341,Hemdenlänge:,
10234,10235,1341,bei Armlänge normal,90.0
10235,10236,1341,bei Armlänge extra lang,95.0
10236,10237,1342,Kragenweite,49.5
10237,10238,1342,Oberweite,
10238,10239,1342,Taillenweite,
10239,10240,1342,Schulterbreite,
10240,10241,1342,Hemdenlänge:,
10241,10242,1342,bei Armlänge normal,
10242,10243,1342,bei Armlänge extra lang,
10243,10244,1343,Kragenweite,52.0
10244,10245,1343,Oberweite,
10245,10246,1343,Taillenweite,
10246,10247,1343,Schulterbreite,
10247,10248,1343,Hemdenlänge:,
10248,10249,1343,bei Armlänge normal,
10249,10250,1343,bei Armlänge extra lang,
10250,10251,1344,Kragenweite,54.0
10251,10252,1344,Oberweite,
10252,10253,1344,Taillenweite,
10253,10254,1344,Schulterbreite,
10254,10255,1344,Hemdenlänge:,
10255,10256,1344,bei Armlänge normal,
10256,10257,1344,bei Armlänge extra lang,
10257,10258,1345,Kragenweite,36.0
10258,10259,1345,Oberweite,98.0
10259,10260,1345,Taillenweite,88.0
10260,10261,1345,Schulterbreite,147.0
10261,10262,1345,Hemdenlänge:,
10262,10263,1345,bei Armlänge normal,77.0
10263,10264,1345,bei Armlänge extra lang,85.0
10264,10265,1346,Kragenweite,37.5
10265,10266,1346,Oberweite,104.0
10266,10267,1346,Taillenweite,94.0
10267,10268,1346,Schulterbreite,152.0
10268,10269,1346,Hemdenlänge:,
10269,10270,1346,bei Armlänge normal,78.0
10270,10271,1346,bei Armlänge extra lang,86.0
10271,10272,1347,Kragenweite,39.5
10272,10273,1347,Oberweite,112.0
10273,10274,1347,Taillenweite,102.0
10274,10275,1347,Schulterbreite,157.0
10275,10276,1347,Hemdenlänge:,
10276,10277,1347,bei Armlänge normal,80.0
10277,10278,1347,bei Armlänge extra lang,88.0
10278,10279,1348,Kragenweite,41.5
10279,10280,1348,Oberweite,120.0
10280,10281,1348,Taillenweite,110.0
10281,10282,1348,Schulterbreite,162.0
10282,10283,1348,Hemdenlänge:,
10283,10284,1348,bei Armlänge normal,82.0
10284,10285,1348,bei Armlänge extra lang,90.0
10285,10286,1349,Kragenweite,43.5
10286,10287,1349,Oberweite,130.0
10287,10288,1349,Taillenweite,120.0
10288,10289,1349,Schulterbreite,172.0
10289,10290,1349,Hemdenlänge:,
10290,10291,1349,bei Armlänge normal,84.0
10291,10292,1349,bei Armlänge extra lang,91.0
10292,10293,1350,Kragenweite,45.5
10293,10294,1350,Oberweite,138.0
10294,10295,1350,Taillenweite,130.0
10295,10296,1350,Schulterbreite,182.0
10296,10297,1350,Hemdenlänge:,
10297,10298,1350,bei Armlänge normal,86.0
10298,10299,1350,bei Armlänge extra lang,93.0
10299,10300,1351,Kragenweite,47.5
10300,10301,1351,Oberweite,146.0
10301,10302,1351,Taillenweite,140.0
10302,10303,1351,Schulterbreite,189.0
10303,10304,1351,Hemdenlänge:,
10304,10305,1351,bei Armlänge normal,90.0
10305,10306,1351,bei Armlänge extra lang,95.0
10306,10307,1352,Kragenweite,49.5
10307,10308,1352,Oberweite,
10308,10309,1352,Taillenweite,
10309,10310,1352,Schulterbreite,
10310,10311,1352,Hemdenlänge:,
10311,10312,1352,bei Armlänge normal,
10312,10313,1352,bei Armlänge extra lang,
10313,10314,1353,Kragenweite,52.0
10314,10315,1353,Oberweite,
10315,10316,1353,Taillenweite,
10316,10317,1353,Schulterbreite,
10317,10318,1353,Hemdenlänge:,
10318,10319,1353,bei Armlänge normal,
10319,10320,1353,bei Armlänge extra lang,
10320,10321,1354,Kragenweite,54.0
10321,10322,1354,Oberweite,
10322,10323,1354,Taillenweite,
10323,10324,1354,Schulterbreite,
10324,10325,1354,Hemdenlänge:,
10325,10326,1354,bei Armlänge normal,
10326,10327,1354,bei Armlänge extra lang,
10327,10328,1355,Kragenweite,36.0
10328,10329,1355,Oberweite,108.0
10329,10330,1355,Taillenweite,98.0
10330,10331,1355,Rückenbreite,455.0
10331,10332,1355,Hemdenlänge:,
10332,10333,1355,bei Armlänge normal,82.0
10333,10334,1355,bei Armlänge extra lang,82.0
10334,10335,1356,Kragenweite,37.5
10335,10336,1356,Oberweite,114.0
10336,10337,1356,Taillenweite,102.0
10337,10338,1356,Rückenbreite,47.0
10338,10339,1356,Hemdenlänge:,
10339,10340,1356,bei Armlänge normal,82.0
10340,10341,1356,bei Armlänge extra lang,82.0
10341,10342,1357,Kragenweite,39.5
10342,10343,1357,Oberweite,120.0
10343,10344,1357,Taillenweite,106.0
10344,10345,1357,Rückenbreite,485.0
10345,10346,1357,Hemdenlänge:,
10346,10347,1357,bei Armlänge normal,82.0
10347,10348,1357,bei Armlänge extra lang,82.0
10348,10349,1358,Kragenweite,41.5
10349,10350,1358,Oberweite,126.0
10350,10351,1358,Taillenweite,112.0
10351,10352,1358,Rückenbreite,50.0
10352,10353,1358,Hemdenlänge:,
10353,10354,1358,bei Armlänge normal,82.0
10354,10355,1358,bei Armlänge extra lang,82.0
10355,10356,1359,Kragenweite,43.5
10356,10357,1359,Oberweite,132.0
10357,10358,1359,Taillenweite,122.0
10358,10359,1359,Rückenbreite,515.0
10359,10360,1359,Hemdenlänge:,
10360,10361,1359,bei Armlänge normal,85.0
10361,10362,1359,bei Armlänge extra lang,85.0
10362,10363,1360,Kragenweite,45.5
10363,10364,1360,Oberweite,138.0
10364,10365,1360,Taillenweite,130.0
10365,10366,1360,Rückenbreite,53.0
10366,10367,1360,Hemdenlänge:,
10367,10368,1360,bei Armlänge normal,85.0
10368,10369,1360,bei Armlänge extra lang,85.0
10369,10370,1361,Kragenweite,47.5
10370,10371,1361,Oberweite,144.0
10371,10372,1361,Taillenweite,136.0
10372,10373,1361,Rückenbreite,545.0
10373,10374,1361,Hemdenlänge:,
10374,10375,1361,bei Armlänge normal,90.0
10375,10376,1361,bei Armlänge extra lang,90.0
10376,10377,1362,Kragenweite,49.5
10377,10378,1362,Oberweite,152.0
10378,10379,1362,Taillenweite,144.0
10379,10380,1362,Rückenbreite,565.0
10380,10381,1362,Hemdenlänge:,
10381,10382,1362,bei Armlänge normal,95.0
10382,10383,1362,bei Armlänge extra lang,
10383,10384,1363,Kragenweite,52.0
10384,10385,1363,Oberweite,
10385,10386,1363,Taillenweite,
10386,10387,1363,Rückenbreite,
10387,10388,1363,Hemdenlänge:,
10388,10389,1363,bei Armlänge normal,
10389,10390,1363,bei Armlänge extra lang,
10390,10391,1364,Kragenweite,54.0
10391,10392,1364,Oberweite,
10392,10393,1364,Taillenweite,
10393,10394,1364,Rückenbreite,
10394,10395,1364,Hemdenlänge:,
10395,10396,1364,bei Armlänge normal,
10396,10397,1364,bei Armlänge extra lang,
10397,10398,1365,Kragenweite,36.0
10398,10399,1365,Oberweite,98.0
10399,10400,1365,Taillenweite,86.0
10400,10401,1365,Rückenbreite,38.0
10401,10402,1365,Hemdenlänge:,
10402,10403,1365,bei Armlänge normal,76.0
10403,10404,1365,bei Armlänge extra lang,
10404,10405,1366,Kragenweite,37.5
10405,10406,1366,Oberweite,104.0
10406,10407,1366,Taillenweite,92.0
10407,10408,1366,Rückenbreite,40.0
10408,10409,1366,Hemdenlänge:,
10409,10410,1366,bei Armlänge normal,78.0
10410,10411,1366,bei Armlänge extra lang,81.0
10411,10412,1367,Kragenweite,39.5
10412,10413,1367,Oberweite,110.0
10413,10414,1367,Taillenweite,98.0
10414,10415,1367,Rückenbreite,42.0
10415,10416,1367,Hemdenlänge:,
10416,10417,1367,bei Armlänge normal,80.0
10417,10418,1367,bei Armlänge extra lang,83.0
10418,10419,1368,Kragenweite,41.5
10419,10420,1368,Oberweite,116.0
10420,10421,1368,Taillenweite,104.0
10421,10422,1368,Rückenbreite,44.0
10422,10423,1368,Hemdenlänge:,
10423,10424,1368,bei Armlänge normal,80.0
10424,10425,1368,bei Armlänge extra lang,83.0
10425,10426,1369,Kragenweite,43.5
10426,10427,1369,Oberweite,124.0
10427,10428,1369,Taillenweite,112.0
10428,10429,1369,Rückenbreite,46.0
10429,10430,1369,Hemdenlänge:,
10430,10431,1369,bei Armlänge normal,83.0
10431,10432,1369,bei Armlänge extra lang,87.0
10432,10433,1370,Kragenweite,45.5
10433,10434,1370,Oberweite,
10434,10435,1370,Taillenweite,
10435,10436,1370,Rückenbreite,
10436,10437,1370,Hemdenlänge:,
10437,10438,1370,bei Armlänge normal,
10438,10439,1370,bei Armlänge extra lang,
10439,10440,1371,Kragenweite,47.5
10440,10441,1371,Oberweite,
10441,10442,1371,Taillenweite,
10442,10443,1371,Rückenbreite,
10443,10444,1371,Hemdenlänge:,
10444,10445,1371,bei Armlänge normal,
10445,10446,1371,bei Armlänge extra lang,
10446,10447,1372,Kragenweite,49.5
10447,10448,1372,Oberweite,
10448,10449,1372,Taillenweite,
10449,10450,1372,Rückenbreite,
10450,10451,1372,Hemdenlänge:,
10451,10452,1372,bei Armlänge normal,
10452,10453,1372,bei Armlänge extra lang,
10453,10454,1373,Kragenweite,52.0
10454,10455,1373,Oberweite,
10455,10456,1373,Taillenweite,
10456,10457,1373,Rückenbreite,
10457,10458,1373,Hemdenlänge:,
10458,10459,1373,bei Armlänge normal,
10459,10460,1373,bei Armlänge extra lang,
10460,10461,1374,Kragenweite,54.0
10461,10462,1374,Oberweite,
10462,10463,1374,Taillenweite,
10463,10464,1374,Rückenbreite,
10464,10465,1374,Hemdenlänge:,
10465,10466,1374,bei Armlänge normal,
10466,10467,1374,bei Armlänge extra lang,
10467,10468,1375,Kragenweite,36.0
10468,10469,1375,Oberweite,98.0
10469,10470,1375,Taillenweite,86.0
10470,10471,1375,Rückenbreite,38.0
10471,10472,1375,Hemdenlänge:,
10472,10473,1375,bei Armlänge normal,76.0
10473,10474,1375,bei Armlänge extra lang,
10474,10475,1376,Kragenweite,37.5
10475,10476,1376,Oberweite,104.0
10476,10477,1376,Taillenweite,92.0
10477,10478,1376,Rückenbreite,40.0
10478,10479,1376,Hemdenlänge:,
10479,10480,1376,bei Armlänge normal,78.0
10480,10481,1376,bei Armlänge extra lang,81.0
10481,10482,1377,Kragenweite,39.5
10482,10483,1377,Oberweite,110.0
10483,10484,1377,Taillenweite,98.0
10484,10485,1377,Rückenbreite,42.0
10485,10486,1377,Hemdenlänge:,
10486,10487,1377,bei Armlänge normal,80.0
10487,10488,1377,bei Armlänge extra lang,83.0
10488,10489,1378,Kragenweite,41.5
10489,10490,1378,Oberweite,116.0
10490,10491,1378,Taillenweite,104.0
10491,10492,1378,Rückenbreite,44.0
10492,10493,1378,Hemdenlänge:,
10493,10494,1378,bei Armlänge normal,80.0
10494,10495,1378,bei Armlänge extra lang,83.0
10495,10496,1379,Kragenweite,43.5
10496,10497,1379,Oberweite,124.0
10497,10498,1379,Taillenweite,112.0
10498,10499,1379,Rückenbreite,46.0
10499,10500,1379,Hemdenlänge:,
10500,10501,1379,bei Armlänge normal,83.0
10501,10502,1379,bei Armlänge extra lang,87.0
10502,10503,1380,Kragenweite,45.5
10503,10504,1380,Oberweite,
10504,10505,1380,Taillenweite,
10505,10506,1380,Rückenbreite,
10506,10507,1380,Hemdenlänge:,
10507,10508,1380,bei Armlänge normal,
10508,10509,1380,bei Armlänge extra lang,
10509,10510,1381,Kragenweite,47.5
10510,10511,1381,Oberweite,
10511,10512,1381,Taillenweite,
10512,10513,1381,Rückenbreite,
10513,10514,1381,Hemdenlänge:,
10514,10515,1381,bei Armlänge normal,
10515,10516,1381,bei Armlänge extra lang,
10516,10517,1382,Kragenweite,49.5
10517,10518,1382,Oberweite,
10518,10519,1382,Taillenweite,
10519,10520,1382,Rückenbreite,
10520,10521,1382,Hemdenlänge:,
10521,10522,1382,bei Armlänge normal,
10522,10523,1382,bei Armlänge extra lang,
10523,10524,1383,Kragenweite,52.0
10524,10525,1383,Oberweite,
10525,10526,1383,Taillenweite,
10526,10527,1383,Rückenbreite,
10527,10528,1383,Hemdenlänge:,
10528,10529,1383,bei Armlänge normal,
10529,10530,1383,bei Armlänge extra lang,
10530,10531,1384,Kragenweite,54.0
10531,10532,1384,Oberweite,
10532,10533,1384,Taillenweite,
10533,10534,1384,Rückenbreite,
10534,10535,1384,Hemdenlänge:,
10535,10536,1384,bei Armlänge normal,
10536,10537,1384,bei Armlänge extra lang,
10537,10538,1385,Kragenweite,36.0
10538,10539,1385,Oberweite,
10539,10540,1385,Taillenweite,
10540,10541,1385,Schulterbreite,
10541,10542,1385,Hemdenlänge:,
10542,10543,1385,bei Armlänge extra kurz,
10543,10544,1385,bei Armlänge normal,
10544,10545,1385,bei Armlänge extra lang,
10545,10546,1386,Kragenweite,37.5
10546,10547,1386,Oberweite,110.0
10547,10548,1386,Taillenweite,102.0
10548,10549,1386,Schulterbreite,162.0
10549,10550,1386,Hemdenlänge:,
10550,10551,1386,bei Armlänge extra kurz,80.0
10551,10552,1386,bei Armlänge normal,80.0
10552,10553,1386,bei Armlänge extra lang,90.0
10553,10554,1387,Kragenweite,39.5
10554,10555,1387,Oberweite,116.0
10555,10556,1387,Taillenweite,106.0
10556,10557,1387,Schulterbreite,17.0
10557,10558,1387,Hemdenlänge:,
10558,10559,1387,bei Armlänge extra kurz,80.0
10559,10560,1387,bei Armlänge normal,80.0
10560,10561,1387,bei Armlänge extra lang,90.0
10561,10562,1388,Kragenweite,41.5
10562,10563,1388,Oberweite,122.0
10563,10564,1388,Taillenweite,114.0
10564,10565,1388,Schulterbreite,178.0
10565,10566,1388,Hemdenlänge:,
10566,10567,1388,bei Armlänge extra kurz,80.0
10567,10568,1388,bei Armlänge normal,80.0
10568,10569,1388,bei Armlänge extra lang,90.0
10569,10570,1389,Kragenweite,43.5
10570,10571,1389,Oberweite,132.0
10571,10572,1389,Taillenweite,122.0
10572,10573,1389,Schulterbreite,186.0
10573,10574,1389,Hemdenlänge:,
10574,10575,1389,bei Armlänge extra kurz,80.0
10575,10576,1389,bei Armlänge normal,82.0
10576,10577,1389,bei Armlänge extra lang,90.0
10577,10578,1390,Kragenweite,45.5
10578,10579,1390,Oberweite,138.0
10579,10580,1390,Taillenweite,130.0
10580,10581,1390,Schulterbreite,194.0
10581,10582,1390,Hemdenlänge:,
10582,10583,1390,bei Armlänge extra kurz,80.0
10583,10584,1390,bei Armlänge normal,85.0
10584,10585,1390,bei Armlänge extra lang,90.0
10585,10586,1391,Kragenweite,47.5
10586,10587,1391,Oberweite,146.0
10587,10588,1391,Taillenweite,138.0
10588,10589,1391,Schulterbreite,202.0
10589,10590,1391,Hemdenlänge:,
10590,10591,1391,bei Armlänge extra kurz,80.0
10591,10592,1391,bei Armlänge normal,90.0
10592,10593,1391,bei Armlänge extra lang,90.0
10593,10594,1392,Kragenweite,49.5
10594,10595,1392,Oberweite,
10595,10596,1392,Taillenweite,
10596,10597,1392,Schulterbreite,
10597,10598,1392,Hemdenlänge:,
10598,10599,1392,bei Armlänge extra kurz,
10599,10600,1392,bei Armlänge normal,
10600,10601,1392,bei Armlänge extra lang,
10601,10602,1393,Kragenweite,52.0
10602,10603,1393,Oberweite,
10603,10604,1393,Taillenweite,
10604,10605,1393,Schulterbreite,
10605,10606,1393,Hemdenlänge:,
10606,10607,1393,bei Armlänge extra kurz,
10607,10608,1393,bei Armlänge normal,
10608,10609,1393,bei Armlänge extra lang,
10609,10610,1394,Kragenweite,54.0
10610,10611,1394,Oberweite,
10611,10612,1394,Taillenweite,
10612,10613,1394,Schulterbreite,
10613,10614,1394,Hemdenlänge:,
10614,10615,1394,bei Armlänge extra kurz,
10615,10616,1394,bei Armlänge normal,
10616,10617,1394,bei Armlänge extra lang,
10617,10618,1395,"Kragenweite, cm",37.5
10618,10619,1395,"Oberweite, cm",112.0
10619,10620,1395,"Taillenweite, cm",104.0
10620,10621,1395,Rückenlänge,78.0
10621,10622,1396,"Kragenweite, cm",39.5
10622,10623,1396,"Oberweite, cm",118.0
10623,10624,1396,"Taillenweite, cm",110.0
10624,10625,1396,Rückenlänge,78.0
10625,10626,1397,"Kragenweite, cm",41.5
10626,10627,1397,"Oberweite, cm",124.0
10627,10628,1397,"Taillenweite, cm",118.0
10628,10629,1397,Rückenlänge,80.0
10629,10630,1398,"Kragenweite, cm",43.5
10630,10631,1398,"Oberweite, cm",134.0
10631,10632,1398,"Taillenweite, cm",126.0
10632,10633,1398,Rückenlänge,82.0
10633,10634,1399,"Kragenweite, cm",45.5
10634,10635,1399,"Oberweite, cm",144.0
10635,10636,1399,"Taillenweite, cm",140.0
10636,10637,1399,Rückenlänge,85.0
10637,10638,1400,"Kragenweite, cm",47.5
10638,10639,1400,"Oberweite, cm",154.0
10639,10640,1400,"Taillenweite, cm",154.0
10640,10641,1400,Rückenlänge,90.0
10641,10642,1401,"Kragenweite, cm",49.5
10642,10643,1401,"Oberweite, cm",164.0
10643,10644,1401,"Taillenweite, cm",164.0
10644,10645,1401,Rückenlänge,95.0
10645,10646,1402,Kragenweite,36.0
10646,10647,1402,Oberweite,98.0
10647,10648,1402,Taillenweite,86.0
10648,10649,1402,Rückenbreite,38.0
10649,10650,1402,Hemdenlänge:,
10650,10651,1402,bei Armlänge normal,76.0
10651,10652,1402,bei Armlänge extra lang,
10652,10653,1403,Kragenweite,37.5
10653,10654,1403,Oberweite,104.0
10654,10655,1403,Taillenweite,92.0
10655,10656,1403,Rückenbreite,40.0
10656,10657,1403,Hemdenlänge:,
10657,10658,1403,bei Armlänge normal,78.0
10658,10659,1403,bei Armlänge extra lang,81.0
10659,10660,1404,Kragenweite,39.5
10660,10661,1404,Oberweite,110.0
10661,10662,1404,Taillenweite,98.0
10662,10663,1404,Rückenbreite,42.0
10663,10664,1404,Hemdenlänge:,
10664,10665,1404,bei Armlänge normal,80.0
10665,10666,1404,bei Armlänge extra lang,83.0
10666,10667,1405,Kragenweite,41.5
10667,10668,1405,Oberweite,116.0
10668,10669,1405,Taillenweite,104.0
10669,10670,1405,Rückenbreite,44.0
10670,10671,1405,Hemdenlänge:,
10671,10672,1405,bei Armlänge normal,80.0
10672,10673,1405,bei Armlänge extra lang,83.0
10673,10674,1406,Kragenweite,43.5
10674,10675,1406,Oberweite,124.0
10675,10676,1406,Taillenweite,112.0
10676,10677,1406,Rückenbreite,46.0
10677,10678,1406,Hemdenlänge:,
10678,10679,1406,bei Armlänge normal,83.0
10679,10680,1406,bei Armlänge extra lang,87.0
10680,10681,1407,Kragenweite,45.5
10681,10682,1407,Oberweite,
10682,10683,1407,Taillenweite,
10683,10684,1407,Rückenbreite,
10684,10685,1407,Hemdenlänge:,
10685,10686,1407,bei Armlänge normal,
10686,10687,1407,bei Armlänge extra lang,
10687,10688,1408,Kragenweite,47.5
10688,10689,1408,Oberweite,
10689,10690,1408,Taillenweite,
10690,10691,1408,Rückenbreite,
10691,10692,1408,Hemdenlänge:,
10692,10693,1408,bei Armlänge normal,
10693,10694,1408,bei Armlänge extra lang,
10694,10695,1409,Kragenweite,49.5
10695,10696,1409,Oberweite,
10696,10697,1409,Taillenweite,
10697,10698,1409,Rückenbreite,
10698,10699,1409,Hemdenlänge:,
10699,10700,1409,bei Armlänge normal,
10700,10701,1409,bei Armlänge extra lang,
10701,10702,1410,Kragenweite,52.0
10702,10703,1410,Oberweite,
10703,10704,1410,Taillenweite,
10704,10705,1410,Rückenbreite,
10705,10706,1410,Hemdenlänge:,
10706,10707,1410,bei Armlänge normal,
10707,10708,1410,bei Armlänge extra lang,
10708,10709,1411,Kragenweite,54.0
10709,10710,1411,Oberweite,
10710,10711,1411,Taillenweite,
10711,10712,1411,Rückenbreite,
10712,10713,1411,Hemdenlänge:,
10713,10714,1411,bei Armlänge normal,
10714,10715,1411,bei Armlänge extra lang,
10715,10716,1412,Kragenweite,36.0
10716,10717,1412,Oberweite,92.0
10717,10718,1412,Taillenweite,80.0
10718,10719,1412,Hemdenlänge:,
10719,10720,1412,bei Armlänge normal,73.0
10720,10721,1413,Kragenweite,37.5
10721,10722,1413,Oberweite,98.0
10722,10723,1413,Taillenweite,86.0
10723,10724,1413,Hemdenlänge:,
10724,10725,1413,bei Armlänge normal,74.0
10725,10726,1414,Kragenweite,39.5
10726,10727,1414,Oberweite,104.0
10727,10728,1414,Taillenweite,92.0
10728,10729,1414,Hemdenlänge:,
10729,10730,1414,bei Armlänge normal,76.0
10730,10731,1415,Kragenweite,41.5
10731,10732,1415,Oberweite,110.0
10732,10733,1415,Taillenweite,98.0
10733,10734,1415,Hemdenlänge:,
10734,10735,1415,bei Armlänge normal,77.0
10735,10736,1416,Kragenweite,43.5
10736,10737,1416,Oberweite,116.0
10737,10738,1416,Taillenweite,104.0
10738,10739,1416,Hemdenlänge:,
10739,10740,1416,bei Armlänge normal,79.0
10740,10741,1417,Kragenweite,45.5
10741,10742,1417,Oberweite,
10742,10743,1417,Taillenweite,
10743,10744,1417,Hemdenlänge:,
10744,10745,1417,bei Armlänge normal,
10745,10746,1418,Kragenweite,47.5
10746,10747,1418,Oberweite,
10747,10748,1418,Taillenweite,
10748,10749,1418,Hemdenlänge:,
10749,10750,1418,bei Armlänge normal,
10750,10751,1419,Kragenweite,49.5
10751,10752,1419,Oberweite,
10752,10753,1419,Taillenweite,
10753,10754,1419,Hemdenlänge:,
10754,10755,1419,bei Armlänge normal,
10755,10756,1420,Kragenweite,52.0
10756,10757,1420,Oberweite,
10757,10758,1420,Taillenweite,
10758,10759,1420,Hemdenlänge:,
10759,10760,1420,bei Armlänge normal,
10760,10761,1421,Kragenweite,54.0
10761,10762,1421,Oberweite,
10762,10763,1421,Taillenweite,
10763,10764,1421,Hemdenlänge:,
10764,10765,1421,bei Armlänge normal,
10765,10766,1422,Kragenweite,36.0
10766,10767,1422,Oberweite,
10767,10768,1422,Taillenweite,
10768,10769,1422,Hemdenlänge:,
10769,10770,1422,bei Armlänge normal,
10770,10771,1423,Kragenweite,37.5
10771,10772,1423,Oberweite,102.0
10772,10773,1423,Taillenweite,91.0
10773,10774,1423,Hemdenlänge:,
10774,10775,1423,bei Armlänge normal,78.0
10775,10776,1424,Kragenweite,39.5
10776,10777,1424,Oberweite,108.0
10777,10778,1424,Taillenweite,97.0
10778,10779,1424,Hemdenlänge:,
10779,10780,1424,bei Armlänge normal,79.0
10780,10781,1425,Kragenweite,41.5
10781,10782,1425,Oberweite,114.0
10782,10783,1425,Taillenweite,103.0
10783,10784,1425,Hemdenlänge:,
10784,10785,1425,bei Armlänge normal,81.0
10785,10786,1426,Kragenweite,43.5
10786,10787,1426,Oberweite,120.0
10787,10788,1426,Taillenweite,109.0
10788,10789,1426,Hemdenlänge:,
10789,10790,1426,bei Armlänge normal,82.0
10790,10791,1427,Kragenweite,45.5
10791,10792,1427,Oberweite,126.0
10792,10793,1427,Taillenweite,115.0
10793,10794,1427,Hemdenlänge:,
10794,10795,1427,bei Armlänge normal,84.0
10795,10796,1428,Kragenweite,47.5
10796,10797,1428,Oberweite,
10797,10798,1428,Taillenweite,
10798,10799,1428,Hemdenlänge:,
10799,10800,1428,bei Armlänge normal,
10800,10801,1429,Kragenweite,49.5
10801,10802,1429,Oberweite,
10802,10803,1429,Taillenweite,
10803,10804,1429,Hemdenlänge:,
10804,10805,1429,bei Armlänge normal,
10805,10806,1430,Kragenweite,52.0
10806,10807,1430,Oberweite,
10807,10808,1430,Taillenweite,
10808,10809,1430,Hemdenlänge:,
10809,10810,1430,bei Armlänge normal,
10810,10811,1431,Kragenweite,54.0
10811,10812,1431,Oberweite,
10812,10813,1431,Taillenweite,
10813,10814,1431,Hemdenlänge:,
10814,10815,1431,bei Armlänge normal,
10815,10816,1432,Kragenweite,36.0
10816,10817,1432,Oberweite,96.0
10817,10818,1432,Taillenweite,82.0
10818,10819,1432,Hemdenlänge:,
10819,10820,1432,bei Armlänge extra kurz,76.0
10820,10821,1432,bei Armlänge normal,81.0
10821,10822,1433,Kragenweite,37.5
10822,10823,1433,Oberweite,104.0
10823,10824,1433,Taillenweite,90.0
10824,10825,1433,Hemdenlänge:,
10825,10826,1433,bei Armlänge extra kurz,77.0
10826,10827,1433,bei Armlänge normal,82.0
10827,10828,1434,Kragenweite,39.5
10828,10829,1434,Oberweite,112.0
10829,10830,1434,Taillenweite,98.0
10830,10831,1434,Hemdenlänge:,
10831,10832,1434,bei Armlänge extra kurz,78.0
10832,10833,1434,bei Armlänge normal,83.0
10833,10834,1435,Kragenweite,41.5
10834,10835,1435,Oberweite,118.0
10835,10836,1435,Taillenweite,104.0
10836,10837,1435,Hemdenlänge:,
10837,10838,1435,bei Armlänge extra kurz,79.0
10838,10839,1435,bei Armlänge normal,84.0
10839,10840,1436,Kragenweite,43.5
10840,10841,1436,Oberweite,126.0
10841,10842,1436,Taillenweite,112.0
10842,10843,1436,Hemdenlänge:,
10843,10844,1436,bei Armlänge extra kurz,80.0
10844,10845,1436,bei Armlänge normal,85.0
10845,10846,1437,Kragenweite,45.5
10846,10847,1437,Oberweite,134.0
10847,10848,1437,Taillenweite,120.0
10848,10849,1437,Hemdenlänge:,
10849,10850,1437,bei Armlänge extra kurz,81.0
10850,10851,1437,bei Armlänge normal,86.0
10851,10852,1438,Kragenweite,47.5
10852,10853,1438,Oberweite,
10853,10854,1438,Taillenweite,
10854,10855,1438,Hemdenlänge:,
10855,10856,1438,bei Armlänge extra kurz,
10856,10857,1438,bei Armlänge normal,
10857,10858,1439,Kragenweite,49.5
10858,10859,1439,Oberweite,
10859,10860,1439,Taillenweite,
10860,10861,1439,Hemdenlänge:,
10861,10862,1439,bei Armlänge extra kurz,
10862,10863,1439,bei Armlänge normal,
10863,10864,1440,Kragenweite,52.0
10864,10865,1440,Oberweite,
10865,10866,1440,Taillenweite,
10866,10867,1440,Hemdenlänge:,
10867,10868,1440,bei Armlänge extra kurz,
10868,10869,1440,bei Armlänge normal,
10869,10870,1441,Kragenweite,54.0
10870,10871,1441,Oberweite,
10871,10872,1441,Taillenweite,
10872,10873,1441,Hemdenlänge:,
10873,10874,1441,bei Armlänge extra kurz,
10874,10875,1441,bei Armlänge normal,
10875,10876,1442,Kragenweite,36.0
10876,10877,1442,Oberweite,108.0
10877,10878,1442,Taillenweite,98.0
10878,10879,1442,Hüftweite,
10879,10880,1442,Rückenbreite,455.0
10880,10881,1442,Hemdenlänge:,
10881,10882,1442,bei Armlänge extra kurz,82.0
10882,10883,1442,bei Armlänge normal,82.0
10883,10884,1442,bei Armlänge extra lang,85.0
10884,10885,1443,Kragenweite,37.5
10885,10886,1443,Oberweite,114.0
10886,10887,1443,Taillenweite,102.0
10887,10888,1443,Hüftweite,106.0
10888,10889,1443,Rückenbreite,47.0
10889,10890,1443,Hemdenlänge:,
10890,10891,1443,bei Armlänge extra kurz,82.0
10891,10892,1443,bei Armlänge normal,82.0
10892,10893,1443,bei Armlänge extra lang,85.0
10893,10894,1444,Kragenweite,39.5
10894,10895,1444,Oberweite,120.0
10895,10896,1444,Taillenweite,106.0
10896,10897,1444,Hüftweite,112.0
10897,10898,1444,Rückenbreite,485.0
10898,10899,1444,Hemdenlänge:,
10899,10900,1444,bei Armlänge extra kurz,82.0
10900,10901,1444,bei Armlänge normal,82.0
10901,10902,1444,bei Armlänge extra lang,85.0
10902,10903,1445,Kragenweite,41.5
10903,10904,1445,Oberweite,126.0
10904,10905,1445,Taillenweite,112.0
10905,10906,1445,Hüftweite,118.0
10906,10907,1445,Rückenbreite,50.0
10907,10908,1445,Hemdenlänge:,
10908,10909,1445,bei Armlänge extra kurz,82.0
10909,10910,1445,bei Armlänge normal,82.0
10910,10911,1445,bei Armlänge extra lang,85.0
10911,10912,1446,Kragenweite,43.5
10912,10913,1446,Oberweite,132.0
10913,10914,1446,Taillenweite,122.0
10914,10915,1446,Hüftweite,124.0
10915,10916,1446,Rückenbreite,515.0
10916,10917,1446,Hemdenlänge:,
10917,10918,1446,bei Armlänge extra kurz,82.0
10918,10919,1446,bei Armlänge normal,85.0
10919,10920,1446,bei Armlänge extra lang,90.0
10920,10921,1447,Kragenweite,45.5
10921,10922,1447,Oberweite,138.0
10922,10923,1447,Taillenweite,130.0
10923,10924,1447,Hüftweite,130.0
10924,10925,1447,Rückenbreite,53.0
10925,10926,1447,Hemdenlänge:,
10926,10927,1447,bei Armlänge extra kurz,84.0
10927,10928,1447,bei Armlänge normal,85.0
10928,10929,1447,bei Armlänge extra lang,90.0
10929,10930,1448,Kragenweite,47.5
10930,10931,1448,Oberweite,144.0
10931,10932,1448,Taillenweite,138.0
10932,10933,1448,Hüftweite,136.0
10933,10934,1448,Rückenbreite,545.0
10934,10935,1448,Hemdenlänge:,
10935,10936,1448,bei Armlänge extra kurz,84.0
10936,10937,1448,bei Armlänge normal,90.0
10937,10938,1448,bei Armlänge extra lang,90.0
10938,10939,1449,Kragenweite,49.5
10939,10940,1449,Oberweite,152.0
10940,10941,1449,Taillenweite,144.0
10941,10942,1449,Hüftweite,
10942,10943,1449,Rückenbreite,565.0
10943,10944,1449,Hemdenlänge:,
10944,10945,1449,bei Armlänge extra kurz,86.0
10945,10946,1449,bei Armlänge normal,95.0
10946,10947,1449,bei Armlänge extra lang,95.0
10947,10948,1450,Kragenweite,52.0
10948,10949,1450,Oberweite,
10949,10950,1450,Taillenweite,
10950,10951,1450,Hüftweite,
10951,10952,1450,Rückenbreite,
10952,10953,1450,Hemdenlänge:,
10953,10954,1450,bei Armlänge extra kurz,
10954,10955,1450,bei Armlänge normal,
10955,10956,1450,bei Armlänge extra lang,
10956,10957,1451,Kragenweite,54.0
10957,10958,1451,Oberweite,
10958,10959,1451,Taillenweite,
10959,10960,1451,Hüftweite,
10960,10961,1451,Rückenbreite,
10961,10962,1451,Hemdenlänge:,
10962,10963,1451,bei Armlänge extra kurz,
10963,10964,1451,bei Armlänge normal,
10964,10965,1451,bei Armlänge extra lang,
10965,10966,1452,Kragenweite,36.0
10966,10967,1452,Oberweite,
10967,10968,1452,Taillenweite,
10968,10969,1452,Hemdenlänge:,
10969,10970,1452,bei Armlänge extra kurz,
10970,10971,1452,bei Armlänge normal,
10971,10972,1452,bei Armlänge extra lang,
10972,10973,1453,Kragenweite,37.5
10973,10974,1453,Oberweite,110.0
10974,10975,1453,Taillenweite,100.0
10975,10976,1453,Hemdenlänge:,
10976,10977,1453,bei Armlänge extra kurz,82.0
10977,10978,1453,bei Armlänge normal,82.0
10978,10979,1453,bei Armlänge extra lang,87.0
10979,10980,1454,Kragenweite,39.5
10980,10981,1454,Oberweite,116.0
10981,10982,1454,Taillenweite,108.0
10982,10983,1454,Hemdenlänge:,
10983,10984,1454,bei Armlänge extra kurz,82.0
10984,10985,1454,bei Armlänge normal,82.0
10985,10986,1454,bei Armlänge extra lang,87.0
10986,10987,1455,Kragenweite,41.5
10987,10988,1455,Oberweite,124.0
10988,10989,1455,Taillenweite,116.0
10989,10990,1455,Hemdenlänge:,
10990,10991,1455,bei Armlänge extra kurz,82.0
10991,10992,1455,bei Armlänge normal,82.0
10992,10993,1455,bei Armlänge extra lang,87.0
10993,10994,1456,Kragenweite,43.5
10994,10995,1456,Oberweite,132.0
10995,10996,1456,Taillenweite,126.0
10996,10997,1456,Hemdenlänge:,
10997,10998,1456,bei Armlänge extra kurz,82.0
10998,10999,1456,bei Armlänge normal,85.0
10999,11000,1456,bei Armlänge extra lang,90.0
11000,11001,1457,Kragenweite,45.5
11001,11002,1457,Oberweite,140.0
11002,11003,1457,Taillenweite,134.0
11003,11004,1457,Hemdenlänge:,
11004,11005,1457,bei Armlänge extra kurz,82.0
11005,11006,1457,bei Armlänge normal,85.0
11006,11007,1457,bei Armlänge extra lang,90.0
11007,11008,1458,Kragenweite,47.5
11008,11009,1458,Oberweite,150.0
11009,11010,1458,Taillenweite,146.0
11010,11011,1458,Hemdenlänge:,
11011,11012,1458,bei Armlänge extra kurz,82.0
11012,11013,1458,bei Armlänge normal,90.0
11013,11014,1458,bei Armlänge extra lang,95.0
11014,11015,1459,Kragenweite,49.5
11015,11016,1459,Oberweite,156.0
11016,11017,1459,Taillenweite,156.0
11017,11018,1459,Hemdenlänge:,
11018,11019,1459,bei Armlänge extra kurz,82.0
11019,11020,1459,bei Armlänge normal,90.0
11020,11021,1459,bei Armlänge extra lang,95.0
11021,11022,1460,Kragenweite,52.0
11022,11023,1460,Oberweite,160.0
11023,11024,1460,Taillenweite,164.0
11024,11025,1460,Hemdenlänge:,
11025,11026,1460,bei Armlänge extra kurz,82.0
11026,11027,1460,bei Armlänge normal,90.0
11027,11028,1460,bei Armlänge extra lang,95.0
11028,11029,1461,Kragenweite,54.0
11029,11030,1461,Oberweite,164.0
11030,11031,1461,Taillenweite,170.0
11031,11032,1461,Hemdenlänge:,
11032,11033,1461,bei Armlänge extra kurz,82.0
11033,11034,1461,bei Armlänge normal,90.0
11034,11035,1461,bei Armlänge extra lang,95.0
11035,11036,1462,Kragenweite,36.0
11036,11037,1462,Oberweite,98.0
11037,11038,1462,Taillenweite,86.0
11038,11039,1462,Rückenbreite,38.0
11039,11040,1462,Hemdenlänge:,
11040,11041,1462,bei Armlänge normal,76.0
11041,11042,1462,bei Armlänge extra lang,
11042,11043,1463,Kragenweite,37.5
11043,11044,1463,Oberweite,104.0
11044,11045,1463,Taillenweite,92.0
11045,11046,1463,Rückenbreite,40.0
11046,11047,1463,Hemdenlänge:,
11047,11048,1463,bei Armlänge normal,78.0
11048,11049,1463,bei Armlänge extra lang,81.0
11049,11050,1464,Kragenweite,39.5
11050,11051,1464,Oberweite,110.0
11051,11052,1464,Taillenweite,98.0
11052,11053,1464,Rückenbreite,42.0
11053,11054,1464,Hemdenlänge:,
11054,11055,1464,bei Armlänge normal,80.0
11055,11056,1464,bei Armlänge extra lang,83.0
11056,11057,1465,Kragenweite,41.5
11057,11058,1465,Oberweite,116.0
11058,11059,1465,Taillenweite,104.0
11059,11060,1465,Rückenbreite,44.0
11060,11061,1465,Hemdenlänge:,
11061,11062,1465,bei Armlänge normal,80.0
11062,11063,1465,bei Armlänge extra lang,83.0
11063,11064,1466,Kragenweite,43.5
11064,11065,1466,Oberweite,124.0
11065,11066,1466,Taillenweite,112.0
11066,11067,1466,Rückenbreite,46.0
11067,11068,1466,Hemdenlänge:,
11068,11069,1466,bei Armlänge normal,83.0
11069,11070,1466,bei Armlänge extra lang,87.0
11070,11071,1467,Kragenweite,45.5
11071,11072,1467,Oberweite,
11072,11073,1467,Taillenweite,
11073,11074,1467,Rückenbreite,
11074,11075,1467,Hemdenlänge:,
11075,11076,1467,bei Armlänge normal,
11076,11077,1467,bei Armlänge extra lang,
11077,11078,1468,Kragenweite,47.5
11078,11079,1468,Oberweite,
11079,11080,1468,Taillenweite,
11080,11081,1468,Rückenbreite,
11081,11082,1468,Hemdenlänge:,
11082,11083,1468,bei Armlänge normal,
11083,11084,1468,bei Armlänge extra lang,
11084,11085,1469,Kragenweite,49.5
11085,11086,1469,Oberweite,
11086,11087,1469,Taillenweite,
11087,11088,1469,Rückenbreite,
11088,11089,1469,Hemdenlänge:,
11089,11090,1469,bei Armlänge normal,
11090,11091,1469,bei Armlänge extra lang,
11091,11092,1470,Kragenweite,52.0
11092,11093,1470,Oberweite,
11093,11094,1470,Taillenweite,
11094,11095,1470,Rückenbreite,
11095,11096,1470,Hemdenlänge:,
11096,11097,1470,bei Armlänge normal,
11097,11098,1470,bei Armlänge extra lang,
11098,11099,1471,Kragenweite,54.0
11099,11100,1471,Oberweite,
11100,11101,1471,Taillenweite,
11101,11102,1471,Rückenbreite,
11102,11103,1471,Hemdenlänge:,
11103,11104,1471,bei Armlänge normal,
11104,11105,1471,bei Armlänge extra lang,
11105,11106,1472,Kragenweite,36.0
11106,11107,1472,Oberweite,98.0
11107,11108,1472,Taillenweite,88.0
11108,11109,1472,Schulterbreite,147.0
11109,11110,1472,Hemdenlänge:,
11110,11111,1472,bei Armlänge normal,77.0
11111,11112,1472,bei Armlänge extra lang,85.0
11112,11113,1473,Kragenweite,37.5
11113,11114,1473,Oberweite,104.0
11114,11115,1473,Taillenweite,94.0
11115,11116,1473,Schulterbreite,152.0
11116,11117,1473,Hemdenlänge:,
11117,11118,1473,bei Armlänge normal,78.0
11118,11119,1473,bei Armlänge extra lang,86.0
11119,11120,1474,Kragenweite,39.5
11120,11121,1474,Oberweite,112.0
11121,11122,1474,Taillenweite,102.0
11122,11123,1474,Schulterbreite,157.0
11123,11124,1474,Hemdenlänge:,
11124,11125,1474,bei Armlänge normal,80.0
11125,11126,1474,bei Armlänge extra lang,88.0
11126,11127,1475,Kragenweite,41.5
11127,11128,1475,Oberweite,120.0
11128,11129,1475,Taillenweite,110.0
11129,11130,1475,Schulterbreite,162.0
11130,11131,1475,Hemdenlänge:,
11131,11132,1475,bei Armlänge normal,82.0
11132,11133,1475,bei Armlänge extra lang,90.0
11133,11134,1476,Kragenweite,43.5
11134,11135,1476,Oberweite,130.0
11135,11136,1476,Taillenweite,120.0
11136,11137,1476,Schulterbreite,172.0
11137,11138,1476,Hemdenlänge:,
11138,11139,1476,bei Armlänge normal,84.0
11139,11140,1476,bei Armlänge extra lang,91.0
11140,11141,1477,Kragenweite,45.5
11141,11142,1477,Oberweite,138.0
11142,11143,1477,Taillenweite,130.0
11143,11144,1477,Schulterbreite,182.0
11144,11145,1477,Hemdenlänge:,
11145,11146,1477,bei Armlänge normal,86.0
11146,11147,1477,bei Armlänge extra lang,93.0
11147,11148,1478,Kragenweite,47.5
11148,11149,1478,Oberweite,146.0
11149,11150,1478,Taillenweite,140.0
11150,11151,1478,Schulterbreite,189.0
11151,11152,1478,Hemdenlänge:,
11152,11153,1478,bei Armlänge normal,90.0
11153,11154,1478,bei Armlänge extra lang,95.0
11154,11155,1479,Kragenweite,49.5
11155,11156,1479,Oberweite,
11156,11157,1479,Taillenweite,
11157,11158,1479,Schulterbreite,
11158,11159,1479,Hemdenlänge:,
11159,11160,1479,bei Armlänge normal,
11160,11161,1479,bei Armlänge extra lang,
11161,11162,1480,Kragenweite,52.0
11162,11163,1480,Oberweite,
11163,11164,1480,Taillenweite,
11164,11165,1480,Schulterbreite,
11165,11166,1480,Hemdenlänge:,
11166,11167,1480,bei Armlänge normal,
11167,11168,1480,bei Armlänge extra lang,
11168,11169,1481,Kragenweite,54.0
11169,11170,1481,Oberweite,
11170,11171,1481,Taillenweite,
11171,11172,1481,Schulterbreite,
11172,11173,1481,Hemdenlänge:,
11173,11174,1481,bei Armlänge normal,
11174,11175,1481,bei Armlänge extra lang,
11175,11176,1482,Kragenweite,36.0
11176,11177,1482,Oberweite,
11177,11178,1482,Taillenweite,
11178,11179,1482,Schulterbreite,
11179,11180,1482,Hemdenlänge:,
11180,11181,1482,bei Armlänge extra kurz,
11181,11182,1482,bei Armlänge normal,
11182,11183,1482,bei Armlänge extra lang,
11183,11184,1483,Kragenweite,37.5
11184,11185,1483,Oberweite,110.0
11185,11186,1483,Taillenweite,102.0
11186,11187,1483,Schulterbreite,162.0
11187,11188,1483,Hemdenlänge:,
11188,11189,1483,bei Armlänge extra kurz,80.0
11189,11190,1483,bei Armlänge normal,80.0
11190,11191,1483,bei Armlänge extra lang,90.0
11191,11192,1484,Kragenweite,39.5
11192,11193,1484,Oberweite,116.0
11193,11194,1484,Taillenweite,106.0
11194,11195,1484,Schulterbreite,17.0
11195,11196,1484,Hemdenlänge:,
11196,11197,1484,bei Armlänge extra kurz,80.0
11197,11198,1484,bei Armlänge normal,80.0
11198,11199,1484,bei Armlänge extra lang,90.0
11199,11200,1485,Kragenweite,41.5
11200,11201,1485,Oberweite,122.0
11201,11202,1485,Taillenweite,114.0
11202,11203,1485,Schulterbreite,178.0
11203,11204,1485,Hemdenlänge:,
11204,11205,1485,bei Armlänge extra kurz,80.0
11205,11206,1485,bei Armlänge normal,80.0
11206,11207,1485,bei Armlänge extra lang,90.0
11207,11208,1486,Kragenweite,43.5
11208,11209,1486,Oberweite,132.0
11209,11210,1486,Taillenweite,122.0
11210,11211,1486,Schulterbreite,186.0
11211,11212,1486,Hemdenlänge:,
11212,11213,1486,bei Armlänge extra kurz,80.0
11213,11214,1486,bei Armlänge normal,82.0
11214,11215,1486,bei Armlänge extra lang,90.0
11215,11216,1487,Kragenweite,45.5
11216,11217,1487,Oberweite,138.0
11217,11218,1487,Taillenweite,130.0
11218,11219,1487,Schulterbreite,194.0
11219,11220,1487,Hemdenlänge:,
11220,11221,1487,bei Armlänge extra kurz,80.0
11221,11222,1487,bei Armlänge normal,85.0
11222,11223,1487,bei Armlänge extra lang,90.0
11223,11224,1488,Kragenweite,47.5
11224,11225,1488,Oberweite,146.0
11225,11226,1488,Taillenweite,138.0
11226,11227,1488,Schulterbreite,202.0
11227,11228,1488,Hemdenlänge:,
11228,11229,1488,bei Armlänge extra kurz,80.0
11229,11230,1488,bei Armlänge normal,90.0
11230,11231,1488,bei Armlänge extra lang,90.0
11231,11232,1489,Kragenweite,49.5
11232,11233,1489,Oberweite,
11233,11234,1489,Taillenweite,
11234,11235,1489,Schulterbreite,
11235,11236,1489,Hemdenlänge:,
11236,11237,1489,bei Armlänge extra kurz,
11237,11238,1489,bei Armlänge normal,
11238,11239,1489,bei Armlänge extra lang,
11239,11240,1490,Kragenweite,52.0
11240,11241,1490,Oberweite,
11241,11242,1490,Taillenweite,
11242,11243,1490,Schulterbreite,
11243,11244,1490,Hemdenlänge:,
11244,11245,1490,bei Armlänge extra kurz,
11245,11246,1490,bei Armlänge normal,
11246,11247,1490,bei Armlänge extra lang,
11247,11248,1491,Kragenweite,54.0
11248,11249,1491,Oberweite,
11249,11250,1491,Taillenweite,
11250,11251,1491,Schulterbreite,
11251,11252,1491,Hemdenlänge:,
11252,11253,1491,bei Armlänge extra kurz,
11253,11254,1491,bei Armlänge normal,
11254,11255,1491,bei Armlänge extra lang,
11255,11256,1492,Kragenweite,36.0
11256,11257,1492,Oberweite,96.0
11257,11258,1492,Taillenweite,82.0
11258,11259,1492,Hemdenlänge:,
11259,11260,1492,bei Armlänge extra kurz,76.0
11260,11261,1492,bei Armlänge normal,76.0
11261,11262,1492,bei Armlänge extra lang,81.0
11262,11263,1493,Kragenweite,37.5
11263,11264,1493,Oberweite,104.0
11264,11265,1493,Taillenweite,90.0
11265,11266,1493,Hemdenlänge:,
11266,11267,1493,bei Armlänge extra kurz,77.0
11267,11268,1493,bei Armlänge normal,77.0
11268,11269,1493,bei Armlänge extra lang,82.0
11269,11270,1494,Kragenweite,39.5
11270,11271,1494,Oberweite,112.0
11271,11272,1494,Taillenweite,98.0
11272,11273,1494,Hemdenlänge:,
11273,11274,1494,bei Armlänge extra kurz,78.0
11274,11275,1494,bei Armlänge normal,78.0
11275,11276,1494,bei Armlänge extra lang,83.0
11276,11277,1495,Kragenweite,41.5
11277,11278,1495,Oberweite,118.0
11278,11279,1495,Taillenweite,104.0
11279,11280,1495,Hemdenlänge:,
11280,11281,1495,bei Armlänge extra kurz,79.0
11281,11282,1495,bei Armlänge normal,79.0
11282,11283,1495,bei Armlänge extra lang,84.0
11283,11284,1496,Kragenweite,43.5
11284,11285,1496,Oberweite,126.0
11285,11286,1496,Taillenweite,112.0
11286,11287,1496,Hemdenlänge:,
11287,11288,1496,bei Armlänge extra kurz,80.0
11288,11289,1496,bei Armlänge normal,80.0
11289,11290,1496,bei Armlänge extra lang,85.0
11290,11291,1497,Kragenweite,45.5
11291,11292,1497,Oberweite,134.0
11292,11293,1497,Taillenweite,120.0
11293,11294,1497,Hemdenlänge:,
11294,11295,1497,bei Armlänge extra kurz,81.0
11295,11296,1497,bei Armlänge normal,81.0
11296,11297,1497,bei Armlänge extra lang,86.0
11297,11298,1498,Kragenweite,47.5
11298,11299,1498,Oberweite,
11299,11300,1498,Taillenweite,
11300,11301,1498,Hemdenlänge:,
11301,11302,1498,bei Armlänge extra kurz,
11302,11303,1498,bei Armlänge normal,
11303,11304,1498,bei Armlänge extra lang,
11304,11305,1499,Kragenweite,49.5
11305,11306,1499,Oberweite,
11306,11307,1499,Taillenweite,
11307,11308,1499,Hemdenlänge:,
11308,11309,1499,bei Armlänge extra kurz,
11309,11310,1499,bei Armlänge normal,
11310,11311,1499,bei Armlänge extra lang,
11311,11312,1500,Kragenweite,52.0
11312,11313,1500,Oberweite,
11313,11314,1500,Taillenweite,
11314,11315,1500,Hemdenlänge:,
11315,11316,1500,bei Armlänge extra kurz,
11316,11317,1500,bei Armlänge normal,
11317,11318,1500,bei Armlänge extra lang,
11318,11319,1501,Kragenweite,54.0
11319,11320,1501,Oberweite,
11320,11321,1501,Taillenweite,
11321,11322,1501,Hemdenlänge:,
11322,11323,1501,bei Armlänge extra kurz,
11323,11324,1501,bei Armlänge normal,
11324,11325,1501,bei Armlänge extra lang,
11325,11326,1502,Kragenweite,36.0
11326,11327,1502,Oberweite,98.0
11327,11328,1502,Taillenweite,88.0
11328,11329,1502,Schulterbreite,147.0
11329,11330,1502,Hemdenlänge:,
11330,11331,1502,bei Armlänge normal,77.0
11331,11332,1502,bei Armlänge extra lang,85.0
11332,11333,1503,Kragenweite,37.5
11333,11334,1503,Oberweite,104.0
11334,11335,1503,Taillenweite,94.0
11335,11336,1503,Schulterbreite,152.0
11336,11337,1503,Hemdenlänge:,
11337,11338,1503,bei Armlänge normal,78.0
11338,11339,1503,bei Armlänge extra lang,86.0
11339,11340,1504,Kragenweite,39.5
11340,11341,1504,Oberweite,112.0
11341,11342,1504,Taillenweite,102.0
11342,11343,1504,Schulterbreite,157.0
11343,11344,1504,Hemdenlänge:,
11344,11345,1504,bei Armlänge normal,80.0
11345,11346,1504,bei Armlänge extra lang,88.0
11346,11347,1505,Kragenweite,41.5
11347,11348,1505,Oberweite,120.0
11348,11349,1505,Taillenweite,110.0
11349,11350,1505,Schulterbreite,162.0
11350,11351,1505,Hemdenlänge:,
11351,11352,1505,bei Armlänge normal,82.0
11352,11353,1505,bei Armlänge extra lang,90.0
11353,11354,1506,Kragenweite,43.5
11354,11355,1506,Oberweite,130.0
11355,11356,1506,Taillenweite,120.0
11356,11357,1506,Schulterbreite,172.0
11357,11358,1506,Hemdenlänge:,
11358,11359,1506,bei Armlänge normal,84.0
11359,11360,1506,bei Armlänge extra lang,91.0
11360,11361,1507,Kragenweite,45.5
11361,11362,1507,Oberweite,138.0
11362,11363,1507,Taillenweite,130.0
11363,11364,1507,Schulterbreite,182.0
11364,11365,1507,Hemdenlänge:,
11365,11366,1507,bei Armlänge normal,86.0
11366,11367,1507,bei Armlänge extra lang,93.0
11367,11368,1508,Kragenweite,47.5
11368,11369,1508,Oberweite,146.0
11369,11370,1508,Taillenweite,140.0
11370,11371,1508,Schulterbreite,189.0
11371,11372,1508,Hemdenlänge:,
11372,11373,1508,bei Armlänge normal,90.0
11373,11374,1508,bei Armlänge extra lang,95.0
11374,11375,1509,Kragenweite,49.5
11375,11376,1509,Oberweite,
11376,11377,1509,Taillenweite,
11377,11378,1509,Schulterbreite,
11378,11379,1509,Hemdenlänge:,
11379,11380,1509,bei Armlänge normal,
11380,11381,1509,bei Armlänge extra lang,
11381,11382,1510,Kragenweite,52.0
11382,11383,1510,Oberweite,
11383,11384,1510,Taillenweite,
11384,11385,1510,Schulterbreite,
11385,11386,1510,Hemdenlänge:,
11386,11387,1510,bei Armlänge normal,
11387,11388,1510,bei Armlänge extra lang,
11388,11389,1511,Kragenweite,54.0
11389,11390,1511,Oberweite,
11390,11391,1511,Taillenweite,
11391,11392,1511,Schulterbreite,
11392,11393,1511,Hemdenlänge:,
11393,11394,1511,bei Armlänge normal,
11394,11395,1511,bei Armlänge extra lang,
11395,11396,1512,Kragenweite,36.0
11396,11397,1512,Oberweite,
11397,11398,1512,Taillenweite,
11398,11399,1512,Hemdenlänge:,
11399,11400,1512,bei Armlänge extra kurz,
11400,11401,1512,bei Armlänge normal,
11401,11402,1513,Kragenweite,37.5
11402,11403,1513,Oberweite,108.0
11403,11404,1513,Taillenweite,94.0
11404,11405,1513,Hemdenlänge:,
11405,11406,1513,bei Armlänge extra kurz,77.0
11406,11407,1513,bei Armlänge normal,82.0
11407,11408,1514,Kragenweite,39.5
11408,11409,1514,Oberweite,114.0
11409,11410,1514,Taillenweite,102.0
11410,11411,1514,Hemdenlänge:,
11411,11412,1514,bei Armlänge extra kurz,78.0
11412,11413,1514,bei Armlänge normal,83.0
11413,11414,1515,Kragenweite,41.5
11414,11415,1515,Oberweite,122.0
11415,11416,1515,Taillenweite,108.0
11416,11417,1515,Hemdenlänge:,
11417,11418,1515,bei Armlänge extra kurz,79.0
11418,11419,1515,bei Armlänge normal,84.0
11419,11420,1516,Kragenweite,43.5
11420,11421,1516,Oberweite,128.0
11421,11422,1516,Taillenweite,114.0
11422,11423,1516,Hemdenlänge:,
11423,11424,1516,bei Armlänge extra kurz,80.0
11424,11425,1516,bei Armlänge normal,85.0
11425,11426,1517,Kragenweite,45.5
11426,11427,1517,Oberweite,134.0
11427,11428,1517,Taillenweite,120.0
11428,11429,1517,Hemdenlänge:,
11429,11430,1517,bei Armlänge extra kurz,81.0
11430,11431,1517,bei Armlänge normal,86.0
11431,11432,1518,Kragenweite,47.5
11432,11433,1518,Oberweite,
11433,11434,1518,Taillenweite,
11434,11435,1518,Hemdenlänge:,
11435,11436,1518,bei Armlänge extra kurz,
11436,11437,1518,bei Armlänge normal,
11437,11438,1519,Kragenweite,49.5
11438,11439,1519,Oberweite,
11439,11440,1519,Taillenweite,
11440,11441,1519,Hemdenlänge:,
11441,11442,1519,bei Armlänge extra kurz,
11442,11443,1519,bei Armlänge normal,
11443,11444,1520,Kragenweite,52.0
11444,11445,1520,Oberweite,
11445,11446,1520,Taillenweite,
11446,11447,1520,Hemdenlänge:,
11447,11448,1520,bei Armlänge extra kurz,
11448,11449,1520,bei Armlänge normal,
11449,11450,1521,Kragenweite,54.0
11450,11451,1521,Oberweite,
11451,11452,1521,Taillenweite,
11452,11453,1521,Hemdenlänge:,
11453,11454,1521,bei Armlänge extra kurz,
11454,11455,1521,bei Armlänge normal,
11455,11456,1522,Kragenweite,36.0
11456,11457,1522,Oberweite,
11457,11458,1522,Taillenweite,
11458,11459,1522,Hemdenlänge:,
11459,11460,1522,bei Armlänge normal,
11460,11461,1523,Kragenweite,37.5
11461,11462,1523,Oberweite,102.0
11462,11463,1523,Taillenweite,91.0
11463,11464,1523,Hemdenlänge:,
11464,11465,1523,bei Armlänge normal,78.0
11465,11466,1524,Kragenweite,39.5
11466,11467,1524,Oberweite,108.0
11467,11468,1524,Taillenweite,97.0
11468,11469,1524,Hemdenlänge:,
11469,11470,1524,bei Armlänge normal,79.0
11470,11471,1525,Kragenweite,41.5
11471,11472,1525,Oberweite,114.0
11472,11473,1525,Taillenweite,103.0
11473,11474,1525,Hemdenlänge:,
11474,11475,1525,bei Armlänge normal,81.0
11475,11476,1526,Kragenweite,43.5
11476,11477,1526,Oberweite,120.0
11477,11478,1526,Taillenweite,109.0
11478,11479,1526,Hemdenlänge:,
11479,11480,1526,bei Armlänge normal,82.0
11480,11481,1527,Kragenweite,45.5
11481,11482,1527,Oberweite,126.0
11482,11483,1527,Taillenweite,115.0
11483,11484,1527,Hemdenlänge:,
11484,11485,1527,bei Armlänge normal,84.0
11485,11486,1528,Kragenweite,47.5
11486,11487,1528,Oberweite,
11487,11488,1528,Taillenweite,
11488,11489,1528,Hemdenlänge:,
11489,11490,1528,bei Armlänge normal,
11490,11491,1529,Kragenweite,49.5
11491,11492,1529,Oberweite,
11492,11493,1529,Taillenweite,
11493,11494,1529,Hemdenlänge:,
11494,11495,1529,bei Armlänge normal,
11495,11496,1530,Kragenweite,52.0
11496,11497,1530,Oberweite,
11497,11498,1530,Taillenweite,
11498,11499,1530,Hemdenlänge:,
11499,11500,1530,bei Armlänge normal,
11500,11501,1531,Kragenweite,54.0
11501,11502,1531,Oberweite,
11502,11503,1531,Taillenweite,
11503,11504,1531,Hemdenlänge:,
11504,11505,1531,bei Armlänge normal,
11505,11506,1532,Kragenweite,36.0
11506,11507,1532,Oberweite,
11507,11508,1532,Taillenweite,
11508,11509,1532,Hemdenlänge:,
11509,11510,1532,bei Armlänge normal,
11510,11511,1532,bei Armlänge extra lang,
11511,11512,1533,Kragenweite,37.5
11512,11513,1533,Oberweite,110.0
11513,11514,1533,Taillenweite,100.0
11514,11515,1533,Hemdenlänge:,
11515,11516,1533,bei Armlänge normal,82.0
11516,11517,1533,bei Armlänge extra lang,87.0
11517,11518,1534,Kragenweite,39.5
11518,11519,1534,Oberweite,116.0
11519,11520,1534,Taillenweite,108.0
11520,11521,1534,Hemdenlänge:,
11521,11522,1534,bei Armlänge normal,82.0
11522,11523,1534,bei Armlänge extra lang,87.0
11523,11524,1535,Kragenweite,41.5
11524,11525,1535,Oberweite,124.0
11525,11526,1535,Taillenweite,116.0
11526,11527,1535,Hemdenlänge:,
11527,11528,1535,bei Armlänge normal,82.0
11528,11529,1535,bei Armlänge extra lang,87.0
11529,11530,1536,Kragenweite,43.5
11530,11531,1536,Oberweite,132.0
11531,11532,1536,Taillenweite,126.0
11532,11533,1536,Hemdenlänge:,
11533,11534,1536,bei Armlänge normal,85.0
11534,11535,1536,bei Armlänge extra lang,90.0
11535,11536,1537,Kragenweite,45.5
11536,11537,1537,Oberweite,140.0
11537,11538,1537,Taillenweite,134.0
11538,11539,1537,Hemdenlänge:,
11539,11540,1537,bei Armlänge normal,85.0
11540,11541,1537,bei Armlänge extra lang,90.0
11541,11542,1538,Kragenweite,47.5
11542,11543,1538,Oberweite,150.0
11543,11544,1538,Taillenweite,146.0
11544,11545,1538,Hemdenlänge:,
11545,11546,1538,bei Armlänge normal,90.0
11546,11547,1538,bei Armlänge extra lang,95.0
11547,11548,1539,Kragenweite,49.5
11548,11549,1539,Oberweite,156.0
11549,11550,1539,Taillenweite,156.0
11550,11551,1539,Hemdenlänge:,
11551,11552,1539,bei Armlänge normal,90.0
11552,11553,1539,bei Armlänge extra lang,95.0
11553,11554,1540,Kragenweite,52.0
11554,11555,1540,Oberweite,160.0
11555,11556,1540,Taillenweite,164.0
11556,11557,1540,Hemdenlänge:,
11557,11558,1540,bei Armlänge normal,90.0
11558,11559,1540,bei Armlänge extra lang,95.0
11559,11560,1541,Kragenweite,54.0
11560,11561,1541,Oberweite,164.0
11561,11562,1541,Taillenweite,170.0
11562,11563,1541,Hemdenlänge:,
11563,11564,1541,bei Armlänge normal,90.0
11564,11565,1541,bei Armlänge extra lang,95.0
11565,11566,1542,"Kragenweite, cm",37.5
11566,11567,1542,"Oberweite, cm",112.0
11567,11568,1542,"Taillenweite, cm",104.0
11568,11569,1542,Rückenlänge,78.0
11569,11570,1543,"Kragenweite, cm",39.5
11570,11571,1543,"Oberweite, cm",118.0
11571,11572,1543,"Taillenweite, cm",110.0
11572,11573,1543,Rückenlänge,78.0
11573,11574,1544,"Kragenweite, cm",41.5
11574,11575,1544,"Oberweite, cm",124.0
11575,11576,1544,"Taillenweite, cm",118.0
11576,11577,1544,Rückenlänge,80.0
11577,11578,1545,"Kragenweite, cm",43.5
11578,11579,1545,"Oberweite, cm",134.0
11579,11580,1545,"Taillenweite, cm",126.0
11580,11581,1545,Rückenlänge,82.0
11581,11582,1546,"Kragenweite, cm",45.5
11582,11583,1546,"Oberweite, cm",144.0
11583,11584,1546,"Taillenweite, cm",140.0
11584,11585,1546,Rückenlänge,85.0
11585,11586,1547,"Kragenweite, cm",47.5
11586,11587,1547,"Oberweite, cm",154.0
11587,11588,1547,"Taillenweite, cm",154.0
11588,11589,1547,Rückenlänge,90.0
11589,11590,1548,"Kragenweite, cm",49.5
11590,11591,1548,"Oberweite, cm",164.0
11591,11592,1548,"Taillenweite, cm",164.0
11592,11593,1548,Rückenlänge,95.0
11593,11594,1549,Kragenweite,36.0
11594,11595,1549,Oberweite,96.0
11595,11596,1549,Taillenweite,80.0
11596,11597,1549,Rückenbreite,40.0
11597,11598,1549,Hemdenlänge:,
11598,11599,1549,bei Armlänge extra kurz,76.0
11599,11600,1549,bei Armlänge normal,76.0
11600,11601,1549,bei Armlänge extra lang,79.0
11601,11602,1550,Kragenweite,37.5
11602,11603,1550,Oberweite,102.0
11603,11604,1550,Taillenweite,86.0
11604,11605,1550,Rückenbreite,415.0
11605,11606,1550,Hemdenlänge:,
11606,11607,1550,bei Armlänge extra kurz,78.0
11607,11608,1550,bei Armlänge normal,78.0
11608,11609,1550,bei Armlänge extra lang,81.0
11609,11610,1551,Kragenweite,39.5
11610,11611,1551,Oberweite,106.0
11611,11612,1551,Taillenweite,92.0
11612,11613,1551,Rückenbreite,43.0
11613,11614,1551,Hemdenlänge:,
11614,11615,1551,bei Armlänge extra kurz,80.0
11615,11616,1551,bei Armlänge normal,80.0
11616,11617,1551,bei Armlänge extra lang,83.0
11617,11618,1552,Kragenweite,41.5
11618,11619,1552,Oberweite,112.0
11619,11620,1552,Taillenweite,98.0
11620,11621,1552,Rückenbreite,45.0
11621,11622,1552,Hemdenlänge:,
11622,11623,1552,bei Armlänge extra kurz,80.0
11623,11624,1552,bei Armlänge normal,80.0
11624,11625,1552,bei Armlänge extra lang,83.0
11625,11626,1553,Kragenweite,43.5
11626,11627,1553,Oberweite,120.0
11627,11628,1553,Taillenweite,106.0
11628,11629,1553,Rückenbreite,47.0
11629,11630,1553,Hemdenlänge:,
11630,11631,1553,bei Armlänge extra kurz,83.0
11631,11632,1553,bei Armlänge normal,83.0
11632,11633,1553,bei Armlänge extra lang,84.0
11633,11634,1554,Kragenweite,45.5
11634,11635,1554,Oberweite,128.0
11635,11636,1554,Taillenweite,114.0
11636,11637,1554,Rückenbreite,49.0
11637,11638,1554,Hemdenlänge:,
11638,11639,1554,bei Armlänge extra kurz,85.0
11639,11640,1554,bei Armlänge normal,85.0
11640,11641,1554,bei Armlänge extra lang,89.0
11641,11642,1555,Kragenweite,47.5
11642,11643,1555,Oberweite,
11643,11644,1555,Taillenweite,
11644,11645,1555,Rückenbreite,
11645,11646,1555,Hemdenlänge:,
11646,11647,1555,bei Armlänge extra kurz,
11647,11648,1555,bei Armlänge normal,
11648,11649,1555,bei Armlänge extra lang,
11649,11650,1556,Kragenweite,49.5
11650,11651,1556,Oberweite,
11651,11652,1556,Taillenweite,
11652,11653,1556,Rückenbreite,
11653,11654,1556,Hemdenlänge:,
11654,11655,1556,bei Armlänge extra kurz,
11655,11656,1556,bei Armlänge normal,
11656,11657,1556,bei Armlänge extra lang,
11657,11658,1557,Kragenweite,52.0
11658,11659,1557,Oberweite,
11659,11660,1557,Taillenweite,
11660,11661,1557,Rückenbreite,
11661,11662,1557,Hemdenlänge:,
11662,11663,1557,bei Armlänge extra kurz,
11663,11664,1557,bei Armlänge normal,
11664,11665,1557,bei Armlänge extra lang,
11665,11666,1558,Kragenweite,54.0
11666,11667,1558,Oberweite,
11667,11668,1558,Taillenweite,
11668,11669,1558,Rückenbreite,
11669,11670,1558,Hemdenlänge:,
11670,11671,1558,bei Armlänge extra kurz,
11671,11672,1558,bei Armlänge normal,
11672,11673,1558,bei Armlänge extra lang,
11673,11674,1559,Kragenweite,36.0
11674,11675,1559,Oberweite,194.0
11675,11676,1559,Taillenweite,194.0
11676,11677,1559,Rückenbreite,675.0
11677,11678,1559,Hemdenlänge:,
11678,11679,1559,bei Armlänge normal,95.0
11679,11680,1560,Kragenweite,37.5
11680,11681,1560,Oberweite,112.0
11681,11682,1560,Taillenweite,100.0
11682,11683,1560,Rückenbreite,44.0
11683,11684,1560,Hemdenlänge:,
11684,11685,1560,bei Armlänge normal,76.0
11685,11686,1561,Kragenweite,39.5
11686,11687,1561,Oberweite,118.0
11687,11688,1561,Taillenweite,104.0
11688,11689,1561,Rückenbreite,46.0
11689,11690,1561,Hemdenlänge:,
11690,11691,1561,bei Armlänge normal,78.0
11691,11692,1562,Kragenweite,41.5
11692,11693,1562,Oberweite,122.0
11693,11694,1562,Taillenweite,112.0
11694,11695,1562,Rückenbreite,48.0
11695,11696,1562,Hemdenlänge:,
11696,11697,1562,bei Armlänge normal,80.0
11697,11698,1563,Kragenweite,43.5
11698,11699,1563,Oberweite,130.0
11699,11700,1563,Taillenweite,120.0
11700,11701,1563,Rückenbreite,508.0
11701,11702,1563,Hemdenlänge:,
11702,11703,1563,bei Armlänge normal,82.0
11703,11704,1564,Kragenweite,45.5
11704,11705,1564,Oberweite,138.0
11705,11706,1564,Taillenweite,130.0
11706,11707,1564,Rückenbreite,536.0
11707,11708,1564,Hemdenlänge:,
11708,11709,1564,bei Armlänge normal,84.0
11709,11710,1565,Kragenweite,47.5
11710,11711,1565,Oberweite,146.0
11711,11712,1565,Taillenweite,140.0
11712,11713,1565,Rückenbreite,564.0
11713,11714,1565,Hemdenlänge:,
11714,11715,1565,bei Armlänge normal,90.0
11715,11716,1566,Kragenweite,49.5
11716,11717,1566,Oberweite,
11717,11718,1566,Taillenweite,
11718,11719,1566,Rückenbreite,
11719,11720,1566,Hemdenlänge:,
11720,11721,1566,bei Armlänge normal,
11721,11722,1567,Kragenweite,52.0
11722,11723,1567,Oberweite,
11723,11724,1567,Taillenweite,
11724,11725,1567,Rückenbreite,
11725,11726,1567,Hemdenlänge:,
11726,11727,1567,bei Armlänge normal,
11727,11728,1568,Kragenweite,54.0
11728,11729,1568,Oberweite,
11729,11730,1568,Taillenweite,
11730,11731,1568,Rückenbreite,
11731,11732,1568,Hemdenlänge:,
11732,11733,1568,bei Armlänge normal,
11733,11734,1569,Kragenweite,36.0
11734,11735,1569,Oberweite,
11735,11736,1569,Taillenweite,
11736,11737,1569,Schulterbreite,
11737,11738,1569,Hemdenlänge:,
11738,11739,1569,bei Armlänge normal,
11739,11740,1569,bei Armlänge extra lang,
11740,11741,1570,Kragenweite,37.5
11741,11742,1570,Oberweite,102.0
11742,11743,1570,Taillenweite,92.0
11743,11744,1570,Schulterbreite,162.0
11744,11745,1570,Hemdenlänge:,
11745,11746,1570,bei Armlänge normal,80.0
11746,11747,1570,bei Armlänge extra lang,90.0
11747,11748,1571,Kragenweite,39.5
11748,11749,1571,Oberweite,110.0
11749,11750,1571,Taillenweite,98.0
11750,11751,1571,Schulterbreite,17.0
11751,11752,1571,Hemdenlänge:,
11752,11753,1571,bei Armlänge normal,80.0
11753,11754,1571,bei Armlänge extra lang,90.0
11754,11755,1572,Kragenweite,41.5
11755,11756,1572,Oberweite,116.0
11756,11757,1572,Taillenweite,104.0
11757,11758,1572,Schulterbreite,178.0
11758,11759,1572,Hemdenlänge:,
11759,11760,1572,bei Armlänge normal,80.0
11760,11761,1572,bei Armlänge extra lang,90.0
11761,11762,1573,Kragenweite,43.5
11762,11763,1573,Oberweite,124.0
11763,11764,1573,Taillenweite,112.0
11764,11765,1573,Schulterbreite,186.0
11765,11766,1573,Hemdenlänge:,
11766,11767,1573,bei Armlänge normal,82.0
11767,11768,1573,bei Armlänge extra lang,90.0
11768,11769,1574,Kragenweite,45.5
11769,11770,1574,Oberweite,134.0
11770,11771,1574,Taillenweite,122.0
11771,11772,1574,Schulterbreite,194.0
11772,11773,1574,Hemdenlänge:,
11773,11774,1574,bei Armlänge normal,85.0
11774,11775,1574,bei Armlänge extra lang,90.0
11775,11776,1575,Kragenweite,47.5
11776,11777,1575,Oberweite,
11777,11778,1575,Taillenweite,
11778,11779,1575,Schulterbreite,
11779,11780,1575,Hemdenlänge:,
11780,11781,1575,bei Armlänge normal,
11781,11782,1575,bei Armlänge extra lang,
11782,11783,1576,Kragenweite,49.5
11783,11784,1576,Oberweite,
11784,11785,1576,Taillenweite,
11785,11786,1576,Schulterbreite,
11786,11787,1576,Hemdenlänge:,
11787,11788,1576,bei Armlänge normal,
11788,11789,1576,bei Armlänge extra lang,
11789,11790,1577,Kragenweite,52.0
11790,11791,1577,Oberweite,
11791,11792,1577,Taillenweite,
11792,11793,1577,Schulterbreite,
11793,11794,1577,Hemdenlänge:,
11794,11795,1577,bei Armlänge normal,
11795,11796,1577,bei Armlänge extra lang,
11796,11797,1578,Kragenweite,54.0
11797,11798,1578,Oberweite,
11798,11799,1578,Taillenweite,
11799,11800,1578,Schulterbreite,
11800,11801,1578,Hemdenlänge:,
11801,11802,1578,bei Armlänge normal,
11802,11803,1578,bei Armlänge extra lang,
11803,11804,1579,Kragenweite,36.0
11804,11805,1579,Oberweite,92.0
11805,11806,1579,Taillenweite,80.0
11806,11807,1579,Hemdenlänge:,
11807,11808,1579,bei Armlänge normal,73.0
11808,11809,1580,Kragenweite,37.5
11809,11810,1580,Oberweite,98.0
11810,11811,1580,Taillenweite,86.0
11811,11812,1580,Hemdenlänge:,
11812,11813,1580,bei Armlänge normal,74.0
11813,11814,1581,Kragenweite,39.5
11814,11815,1581,Oberweite,104.0
11815,11816,1581,Taillenweite,92.0
11816,11817,1581,Hemdenlänge:,
11817,11818,1581,bei Armlänge normal,76.0
11818,11819,1582,Kragenweite,41.5
11819,11820,1582,Oberweite,110.0
11820,11821,1582,Taillenweite,98.0
11821,11822,1582,Hemdenlänge:,
11822,11823,1582,bei Armlänge normal,77.0
11823,11824,1583,Kragenweite,43.5
11824,11825,1583,Oberweite,116.0
11825,11826,1583,Taillenweite,104.0
11826,11827,1583,Hemdenlänge:,
11827,11828,1583,bei Armlänge normal,79.0
11828,11829,1584,Kragenweite,45.5
11829,11830,1584,Oberweite,
11830,11831,1584,Taillenweite,
11831,11832,1584,Hemdenlänge:,
11832,11833,1584,bei Armlänge normal,
11833,11834,1585,Kragenweite,47.5
11834,11835,1585,Oberweite,
11835,11836,1585,Taillenweite,
11836,11837,1585,Hemdenlänge:,
11837,11838,1585,bei Armlänge normal,
11838,11839,1586,Kragenweite,49.5
11839,11840,1586,Oberweite,
11840,11841,1586,Taillenweite,
11841,11842,1586,Hemdenlänge:,
11842,11843,1586,bei Armlänge normal,
11843,11844,1587,Kragenweite,52.0
11844,11845,1587,Oberweite,
11845,11846,1587,Taillenweite,
11846,11847,1587,Hemdenlänge:,
11847,11848,1587,bei Armlänge normal,
11848,11849,1588,Kragenweite,54.0
11849,11850,1588,Oberweite,
11850,11851,1588,Taillenweite,
11851,11852,1588,Hemdenlänge:,
11852,11853,1588,bei Armlänge normal,
11853,11854,1589,Kragenweite,36.0
11854,11855,1589,Oberweite,
11855,11856,1589,Taillenweite,
11856,11857,1589,Hemdenlänge:,
11857,11858,1589,bei Armlänge normal,
11858,11859,1589,bei Armlänge extra lang,
11859,11860,1590,Kragenweite,37.5
11860,11861,1590,Oberweite,110.0
11861,11862,1590,Taillenweite,100.0
11862,11863,1590,Hemdenlänge:,
11863,11864,1590,bei Armlänge normal,82.0
11864,11865,1590,bei Armlänge extra lang,87.0
11865,11866,1591,Kragenweite,39.5
11866,11867,1591,Oberweite,116.0
11867,11868,1591,Taillenweite,108.0
11868,11869,1591,Hemdenlänge:,
11869,11870,1591,bei Armlänge normal,82.0
11870,11871,1591,bei Armlänge extra lang,87.0
11871,11872,1592,Kragenweite,41.5
11872,11873,1592,Oberweite,124.0
11873,11874,1592,Taillenweite,116.0
11874,11875,1592,Hemdenlänge:,
11875,11876,1592,bei Armlänge normal,82.0
11876,11877,1592,bei Armlänge extra lang,87.0
11877,11878,1593,Kragenweite,43.5
11878,11879,1593,Oberweite,132.0
11879,11880,1593,Taillenweite,126.0
11880,11881,1593,Hemdenlänge:,
11881,11882,1593,bei Armlänge normal,85.0
11882,11883,1593,bei Armlänge extra lang,90.0
11883,11884,1594,Kragenweite,45.5
11884,11885,1594,Oberweite,140.0
11885,11886,1594,Taillenweite,134.0
11886,11887,1594,Hemdenlänge:,
11887,11888,1594,bei Armlänge normal,85.0
11888,11889,1594,bei Armlänge extra lang,90.0
11889,11890,1595,Kragenweite,47.5
11890,11891,1595,Oberweite,150.0
11891,11892,1595,Taillenweite,146.0
11892,11893,1595,Hemdenlänge:,
11893,11894,1595,bei Armlänge normal,90.0
11894,11895,1595,bei Armlänge extra lang,95.0
11895,11896,1596,Kragenweite,49.5
11896,11897,1596,Oberweite,156.0
11897,11898,1596,Taillenweite,156.0
11898,11899,1596,Hemdenlänge:,
11899,11900,1596,bei Armlänge normal,90.0
11900,11901,1596,bei Armlänge extra lang,95.0
11901,11902,1597,Kragenweite,52.0
11902,11903,1597,Oberweite,160.0
11903,11904,1597,Taillenweite,164.0
11904,11905,1597,Hemdenlänge:,
11905,11906,1597,bei Armlänge normal,90.0
11906,11907,1597,bei Armlänge extra lang,95.0
11907,11908,1598,Kragenweite,54.0
11908,11909,1598,Oberweite,164.0
11909,11910,1598,Taillenweite,170.0
11910,11911,1598,Hemdenlänge:,
11911,11912,1598,bei Armlänge normal,90.0
11912,11913,1598,bei Armlänge extra lang,95.0
11913,11914,1599,Kragenweite,36.0
11914,11915,1599,Oberweite,94.0
11915,11916,1599,Taillenweite,78.0
11916,11917,1600,Kragenweite,37.5
11917,11918,1600,Oberweite,102.0
11918,11919,1600,Taillenweite,86.0
11919,11920,1601,Kragenweite,39.5
11920,11921,1601,Oberweite,110.0
11921,11922,1601,Taillenweite,94.0
11922,11923,1602,Kragenweite,41.5
11923,11924,1602,Oberweite,118.0
11924,11925,1602,Taillenweite,102.0
11925,11926,1603,Kragenweite,43.5
11926,11927,1603,Oberweite,126.0
11927,11928,1603,Taillenweite,110.0
11928,11929,1604,Kragenweite,45.5
11929,11930,1604,Oberweite,
11930,11931,1604,Taillenweite,
11931,11932,1605,Kragenweite,47.5
11932,11933,1605,Oberweite,
11933,11934,1605,Taillenweite,
11934,11935,1606,Kragenweite,49.5
11935,11936,1606,Oberweite,
11936,11937,1606,Taillenweite,
11937,11938,1607,Kragenweite,52.0
11938,11939,1607,Oberweite,
11939,11940,1607,Taillenweite,
11940,11941,1608,Kragenweite,54.0
11941,11942,1608,Oberweite,
11942,11943,1608,Taillenweite,
11943,11944,1609,Kragenweite,36.0
11944,11945,1609,Oberweite,
11945,11946,1609,Taillenweite,
11946,11947,1609,Hemdenlänge:,
11947,11948,1609,bei Armlänge normal,
11948,11949,1609,bei Armlänge extra lang,
11949,11950,1610,Kragenweite,37.5
11950,11951,1610,Oberweite,110.0
11951,11952,1610,Taillenweite,100.0
11952,11953,1610,Hemdenlänge:,
11953,11954,1610,bei Armlänge normal,82.0
11954,11955,1610,bei Armlänge extra lang,87.0
11955,11956,1611,Kragenweite,39.5
11956,11957,1611,Oberweite,116.0
11957,11958,1611,Taillenweite,108.0
11958,11959,1611,Hemdenlänge:,
11959,11960,1611,bei Armlänge normal,82.0
11960,11961,1611,bei Armlänge extra lang,87.0
11961,11962,1612,Kragenweite,41.5
11962,11963,1612,Oberweite,124.0
11963,11964,1612,Taillenweite,116.0
11964,11965,1612,Hemdenlänge:,
11965,11966,1612,bei Armlänge normal,82.0
11966,11967,1612,bei Armlänge extra lang,87.0
11967,11968,1613,Kragenweite,43.5
11968,11969,1613,Oberweite,132.0
11969,11970,1613,Taillenweite,126.0
11970,11971,1613,Hemdenlänge:,
11971,11972,1613,bei Armlänge normal,85.0
11972,11973,1613,bei Armlänge extra lang,90.0
11973,11974,1614,Kragenweite,45.5
11974,11975,1614,Oberweite,140.0
11975,11976,1614,Taillenweite,134.0
11976,11977,1614,Hemdenlänge:,
11977,11978,1614,bei Armlänge normal,85.0
11978,11979,1614,bei Armlänge extra lang,90.0
11979,11980,1615,Kragenweite,47.5
11980,11981,1615,Oberweite,150.0
11981,11982,1615,Taillenweite,146.0
11982,11983,1615,Hemdenlänge:,
11983,11984,1615,bei Armlänge normal,90.0
11984,11985,1615,bei Armlänge extra lang,95.0
11985,11986,1616,Kragenweite,49.5
11986,11987,1616,Oberweite,156.0
11987,11988,1616,Taillenweite,156.0
11988,11989,1616,Hemdenlänge:,
11989,11990,1616,bei Armlänge normal,90.0
11990,11991,1616,bei Armlänge extra lang,95.0
11991,11992,1617,Kragenweite,52.0
11992,11993,1617,Oberweite,160.0
11993,11994,1617,Taillenweite,164.0
11994,11995,1617,Hemdenlänge:,
11995,11996,1617,bei Armlänge normal,90.0
11996,11997,1617,bei Armlänge extra lang,95.0
11997,11998,1618,Kragenweite,54.0
11998,11999,1618,Oberweite,164.0
11999,12000,1618,Taillenweite,170.0
12000,12001,1618,Hemdenlänge:,
12001,12002,1618,bei Armlänge normal,90.0
12002,12003,1618,bei Armlänge extra lang,95.0
12003,12004,1619,Kragenweite,36.0
12004,12005,1619,Oberweite,
12005,12006,1619,Taillenweite,
12006,12007,1619,Hemdenlänge:,
12007,12008,1619,bei Armlänge normal,
12008,12009,1619,bei Armlänge extra lang,
12009,12010,1620,Kragenweite,37.5
12010,12011,1620,Oberweite,108.0
12011,12012,1620,Taillenweite,94.0
12012,12013,1620,Hemdenlänge:,
12013,12014,1620,bei Armlänge normal,79.0
12014,12015,1620,bei Armlänge extra lang,82.0
12015,12016,1621,Kragenweite,39.5
12016,12017,1621,Oberweite,114.0
12017,12018,1621,Taillenweite,102.0
12018,12019,1621,Hemdenlänge:,
12019,12020,1621,bei Armlänge normal,80.0
12020,12021,1621,bei Armlänge extra lang,83.0
12021,12022,1622,Kragenweite,41.5
12022,12023,1622,Oberweite,122.0
12023,12024,1622,Taillenweite,108.0
12024,12025,1622,Hemdenlänge:,
12025,12026,1622,bei Armlänge normal,81.0
12026,12027,1622,bei Armlänge extra lang,84.0
12027,12028,1623,Kragenweite,43.5
12028,12029,1623,Oberweite,128.0
12029,12030,1623,Taillenweite,114.0
12030,12031,1623,Hemdenlänge:,
12031,12032,1623,bei Armlänge normal,82.0
12032,12033,1623,bei Armlänge extra lang,85.0
12033,12034,1624,Kragenweite,45.5
12034,12035,1624,Oberweite,134.0
12035,12036,1624,Taillenweite,120.0
12036,12037,1624,Hemdenlänge:,
12037,12038,1624,bei Armlänge normal,83.0
12038,12039,1624,bei Armlänge extra lang,86.0
12039,12040,1625,Kragenweite,47.5
12040,12041,1625,Oberweite,
12041,12042,1625,Taillenweite,
12042,12043,1625,Hemdenlänge:,
12043,12044,1625,bei Armlänge normal,
12044,12045,1625,bei Armlänge extra lang,
12045,12046,1626,Kragenweite,49.5
12046,12047,1626,Oberweite,
12047,12048,1626,Taillenweite,
12048,12049,1626,Hemdenlänge:,
12049,12050,1626,bei Armlänge normal,
12050,12051,1626,bei Armlänge extra lang,
12051,12052,1627,Kragenweite,52.0
12052,12053,1627,Oberweite,
12053,12054,1627,Taillenweite,
12054,12055,1627,Hemdenlänge:,
12055,12056,1627,bei Armlänge normal,
12056,12057,1627,bei Armlänge extra lang,
12057,12058,1628,Kragenweite,54.0
12058,12059,1628,Oberweite,
12059,12060,1628,Taillenweite,
12060,12061,1628,Hemdenlänge:,
12061,12062,1628,bei Armlänge normal,
12062,12063,1628,bei Armlänge extra lang,
12063,12064,1629,Kragenweite,36.0
12064,12065,1629,Oberweite,98.0
12065,12066,1629,Taillenweite,86.0
12066,12067,1629,Rückenbreite,38.0
12067,12068,1629,Hemdenlänge:,
12068,12069,1629,bei Armlänge extra kurz,76.0
12069,12070,1629,bei Armlänge normal,76.0
12070,12071,1629,bei Armlänge extra lang,79.0
12071,12072,1630,Kragenweite,37.5
12072,12073,1630,Oberweite,104.0
12073,12074,1630,Taillenweite,92.0
12074,12075,1630,Rückenbreite,40.0
12075,12076,1630,Hemdenlänge:,
12076,12077,1630,bei Armlänge extra kurz,78.0
12077,12078,1630,bei Armlänge normal,78.0
12078,12079,1630,bei Armlänge extra lang,81.0
12079,12080,1631,Kragenweite,39.5
12080,12081,1631,Oberweite,110.0
12081,12082,1631,Taillenweite,98.0
12082,12083,1631,Rückenbreite,42.0
12083,12084,1631,Hemdenlänge:,
12084,12085,1631,bei Armlänge extra kurz,80.0
12085,12086,1631,bei Armlänge normal,80.0
12086,12087,1631,bei Armlänge extra lang,83.0
12087,12088,1632,Kragenweite,41.5
12088,12089,1632,Oberweite,116.0
12089,12090,1632,Taillenweite,104.0
12090,12091,1632,Rückenbreite,44.0
12091,12092,1632,Hemdenlänge:,
12092,12093,1632,bei Armlänge extra kurz,80.0
12093,12094,1632,bei Armlänge normal,80.0
12094,12095,1632,bei Armlänge extra lang,83.0
12095,12096,1633,Kragenweite,43.5
12096,12097,1633,Oberweite,124.0
12097,12098,1633,Taillenweite,112.0
12098,12099,1633,Rückenbreite,46.0
12099,12100,1633,Hemdenlänge:,
12100,12101,1633,bei Armlänge extra kurz,83.0
12101,12102,1633,bei Armlänge normal,83.0
12102,12103,1633,bei Armlänge extra lang,87.0
12103,12104,1634,Kragenweite,45.5
12104,12105,1634,Oberweite,132.0
12105,12106,1634,Taillenweite,120.0
12106,12107,1634,Rückenbreite,48.0
12107,12108,1634,Hemdenlänge:,
12108,12109,1634,bei Armlänge extra kurz,85.0
12109,12110,1634,bei Armlänge normal,85.0
12110,12111,1634,bei Armlänge extra lang,89.0
12111,12112,1635,Kragenweite,47.5
12112,12113,1635,Oberweite,
12113,12114,1635,Taillenweite,
12114,12115,1635,Rückenbreite,
12115,12116,1635,Hemdenlänge:,
12116,12117,1635,bei Armlänge extra kurz,
12117,12118,1635,bei Armlänge normal,
12118,12119,1635,bei Armlänge extra lang,
12119,12120,1636,Kragenweite,49.5
12120,12121,1636,Oberweite,
12121,12122,1636,Taillenweite,
12122,12123,1636,Rückenbreite,
12123,12124,1636,Hemdenlänge:,
12124,12125,1636,bei Armlänge extra kurz,
12125,12126,1636,bei Armlänge normal,
12126,12127,1636,bei Armlänge extra lang,
12127,12128,1637,Kragenweite,52.0
12128,12129,1637,Oberweite,
12129,12130,1637,Taillenweite,
12130,12131,1637,Rückenbreite,
12131,12132,1637,Hemdenlänge:,
12132,12133,1637,bei Armlänge extra kurz,
12133,12134,1637,bei Armlänge normal,
12134,12135,1637,bei Armlänge extra lang,
12135,12136,1638,Kragenweite,54.0
12136,12137,1638,Oberweite,
12137,12138,1638,Taillenweite,
12138,12139,1638,Rückenbreite,
12139,12140,1638,Hemdenlänge:,
12140,12141,1638,bei Armlänge extra kurz,
12141,12142,1638,bei Armlänge normal,
12142,12143,1638,bei Armlänge extra lang,
12143,12144,1639,Kragenweite,36.0
12144,12145,1639,Oberweite,
12145,12146,1639,Taillenweite,
12146,12147,1639,Schulterbreite,
12147,12148,1639,Hemdenlänge:,
12148,12149,1639,bei Armlänge extra kurz,
12149,12150,1639,bei Armlänge normal,
12150,12151,1639,bei Armlänge extra lang,
12151,12152,1640,Kragenweite,37.5
12152,12153,1640,Oberweite,112.0
12153,12154,1640,Taillenweite,108.0
12154,12155,1640,Schulterbreite,17.0
12155,12156,1640,Hemdenlänge:,
12156,12157,1640,bei Armlänge extra kurz,80.0
12157,12158,1640,bei Armlänge normal,80.0
12158,12159,1640,bei Armlänge extra lang,90.0
12159,12160,1641,Kragenweite,39.5
12160,12161,1641,Oberweite,120.0
12161,12162,1641,Taillenweite,114.0
12162,12163,1641,Schulterbreite,178.0
12163,12164,1641,Hemdenlänge:,
12164,12165,1641,bei Armlänge extra kurz,80.0
12165,12166,1641,bei Armlänge normal,80.0
12166,12167,1641,bei Armlänge extra lang,90.0
12167,12168,1642,Kragenweite,41.5
12168,12169,1642,Oberweite,128.0
12169,12170,1642,Taillenweite,124.0
12170,12171,1642,Schulterbreite,186.0
12171,12172,1642,Hemdenlänge:,
12172,12173,1642,bei Armlänge extra kurz,80.0
12173,12174,1642,bei Armlänge normal,80.0
12174,12175,1642,bei Armlänge extra lang,90.0
12175,12176,1643,Kragenweite,43.5
12176,12177,1643,Oberweite,134.0
12177,12178,1643,Taillenweite,134.0
12178,12179,1643,Schulterbreite,194.0
12179,12180,1643,Hemdenlänge:,
12180,12181,1643,bei Armlänge extra kurz,80.0
12181,12182,1643,bei Armlänge normal,82.0
12182,12183,1643,bei Armlänge extra lang,90.0
12183,12184,1644,Kragenweite,45.5
12184,12185,1644,Oberweite,148.0
12185,12186,1644,Taillenweite,148.0
12186,12187,1644,Schulterbreite,202.0
12187,12188,1644,Hemdenlänge:,
12188,12189,1644,bei Armlänge extra kurz,80.0
12189,12190,1644,bei Armlänge normal,90.0
12190,12191,1644,bei Armlänge extra lang,90.0
12191,12192,1645,Kragenweite,47.5
12192,12193,1645,Oberweite,154.0
12193,12194,1645,Taillenweite,154.0
12194,12195,1645,Schulterbreite,21.0
12195,12196,1645,Hemdenlänge:,
12196,12197,1645,bei Armlänge extra kurz,80.0
12197,12198,1645,bei Armlänge normal,90.0
12198,12199,1645,bei Armlänge extra lang,90.0
12199,12200,1646,Kragenweite,49.5
12200,12201,1646,Oberweite,160.0
12201,12202,1646,Taillenweite,160.0
12202,12203,1646,Schulterbreite,218.0
12203,12204,1646,Hemdenlänge:,
12204,12205,1646,bei Armlänge extra kurz,80.0
12205,12206,1646,bei Armlänge normal,95.0
12206,12207,1646,bei Armlänge extra lang,95.0
12207,12208,1647,Kragenweite,52.0
12208,12209,1647,Oberweite,168.0
12209,12210,1647,Taillenweite,168.0
12210,12211,1647,Schulterbreite,226.0
12211,12212,1647,Hemdenlänge:,
12212,12213,1647,bei Armlänge extra kurz,80.0
12213,12214,1647,bei Armlänge normal,95.0
12214,12215,1647,bei Armlänge extra lang,95.0
12215,12216,1648,Kragenweite,54.0
12216,12217,1648,Oberweite,176.0
12217,12218,1648,Taillenweite,176.0
12218,12219,1648,Schulterbreite,234.0
12219,12220,1648,Hemdenlänge:,
12220,12221,1648,bei Armlänge extra kurz,80.0
12221,12222,1648,bei Armlänge normal,95.0
12222,12223,1648,bei Armlänge extra lang,95.0
12223,12224,1649,Kragenweite,36.0
12224,12225,1649,Oberweite,
12225,12226,1649,Taillenweite,
12226,12227,1649,Hemdenlänge:,
12227,12228,1649,bei Armlänge normal,
12228,12229,1649,bei Armlänge extra lang,
12229,12230,1650,Kragenweite,37.5
12230,12231,1650,Oberweite,110.0
12231,12232,1650,Taillenweite,100.0
12232,12233,1650,Hemdenlänge:,
12233,12234,1650,bei Armlänge normal,82.0
12234,12235,1650,bei Armlänge extra lang,87.0
12235,12236,1651,Kragenweite,39.5
12236,12237,1651,Oberweite,116.0
12237,12238,1651,Taillenweite,108.0
12238,12239,1651,Hemdenlänge:,
12239,12240,1651,bei Armlänge normal,82.0
12240,12241,1651,bei Armlänge extra lang,87.0
12241,12242,1652,Kragenweite,41.5
12242,12243,1652,Oberweite,124.0
12243,12244,1652,Taillenweite,116.0
12244,12245,1652,Hemdenlänge:,
12245,12246,1652,bei Armlänge normal,82.0
12246,12247,1652,bei Armlänge extra lang,87.0
12247,12248,1653,Kragenweite,43.5
12248,12249,1653,Oberweite,132.0
12249,12250,1653,Taillenweite,126.0
12250,12251,1653,Hemdenlänge:,
12251,12252,1653,bei Armlänge normal,85.0
12252,12253,1653,bei Armlänge extra lang,90.0
12253,12254,1654,Kragenweite,45.5
12254,12255,1654,Oberweite,140.0
12255,12256,1654,Taillenweite,134.0
12256,12257,1654,Hemdenlänge:,
12257,12258,1654,bei Armlänge normal,85.0
12258,12259,1654,bei Armlänge extra lang,90.0
12259,12260,1655,Kragenweite,47.5
12260,12261,1655,Oberweite,150.0
12261,12262,1655,Taillenweite,146.0
12262,12263,1655,Hemdenlänge:,
12263,12264,1655,bei Armlänge normal,90.0
12264,12265,1655,bei Armlänge extra lang,95.0
12265,12266,1656,Kragenweite,49.5
12266,12267,1656,Oberweite,156.0
12267,12268,1656,Taillenweite,156.0
12268,12269,1656,Hemdenlänge:,
12269,12270,1656,bei Armlänge normal,90.0
12270,12271,1656,bei Armlänge extra lang,95.0
12271,12272,1657,Kragenweite,52.0
12272,12273,1657,Oberweite,160.0
12273,12274,1657,Taillenweite,164.0
12274,12275,1657,Hemdenlänge:,
12275,12276,1657,bei Armlänge normal,90.0
12276,12277,1657,bei Armlänge extra lang,95.0
12277,12278,1658,Kragenweite,54.0
12278,12279,1658,Oberweite,164.0
12279,12280,1658,Taillenweite,170.0
12280,12281,1658,Hemdenlänge:,
12281,12282,1658,bei Armlänge normal,90.0
12282,12283,1658,bei Armlänge extra lang,95.0
12283,12284,1659,Kragenweite,36.0
12284,12285,1659,Oberweite,
12285,12286,1659,Taillenweite,
12286,12287,1659,Hemdenlänge:,
12287,12288,1659,bei Armlänge normal,
12288,12289,1660,Kragenweite,37.5
12289,12290,1660,Oberweite,102.0
12290,12291,1660,Taillenweite,91.0
12291,12292,1660,Hemdenlänge:,
12292,12293,1660,bei Armlänge normal,78.0
12293,12294,1661,Kragenweite,39.5
12294,12295,1661,Oberweite,108.0
12295,12296,1661,Taillenweite,97.0
12296,12297,1661,Hemdenlänge:,
12297,12298,1661,bei Armlänge normal,79.0
12298,12299,1662,Kragenweite,41.5
12299,12300,1662,Oberweite,114.0
12300,12301,1662,Taillenweite,103.0
12301,12302,1662,Hemdenlänge:,
12302,12303,1662,bei Armlänge normal,81.0
12303,12304,1663,Kragenweite,43.5
12304,12305,1663,Oberweite,120.0
12305,12306,1663,Taillenweite,109.0
12306,12307,1663,Hemdenlänge:,
12307,12308,1663,bei Armlänge normal,82.0
12308,12309,1664,Kragenweite,45.5
12309,12310,1664,Oberweite,126.0
12310,12311,1664,Taillenweite,115.0
12311,12312,1664,Hemdenlänge:,
12312,12313,1664,bei Armlänge normal,84.0
12313,12314,1665,Kragenweite,47.5
12314,12315,1665,Oberweite,
12315,12316,1665,Taillenweite,
12316,12317,1665,Hemdenlänge:,
12317,12318,1665,bei Armlänge normal,
12318,12319,1666,Kragenweite,49.5
12319,12320,1666,Oberweite,
12320,12321,1666,Taillenweite,
12321,12322,1666,Hemdenlänge:,
12322,12323,1666,bei Armlänge normal,
12323,12324,1667,Kragenweite,52.0
12324,12325,1667,Oberweite,
12325,12326,1667,Taillenweite,
12326,12327,1667,Hemdenlänge:,
12327,12328,1667,bei Armlänge normal,
12328,12329,1668,Kragenweite,54.0
12329,12330,1668,Oberweite,
12330,12331,1668,Taillenweite,
12331,12332,1668,Hemdenlänge:,
12332,12333,1668,bei Armlänge normal,
12333,12334,1669,Kragenweite,36.0
12334,12335,1669,Oberweite,92.0
12335,12336,1669,Taillenweite,80.0
12336,12337,1669,Hemdenlänge:,
12337,12338,1669,bei Armlänge normal,73.0
12338,12339,1670,Kragenweite,37.5
12339,12340,1670,Oberweite,98.0
12340,12341,1670,Taillenweite,86.0
12341,12342,1670,Hemdenlänge:,
12342,12343,1670,bei Armlänge normal,74.0
12343,12344,1671,Kragenweite,39.5
12344,12345,1671,Oberweite,104.0
12345,12346,1671,Taillenweite,92.0
12346,12347,1671,Hemdenlänge:,
12347,12348,1671,bei Armlänge normal,76.0
12348,12349,1672,Kragenweite,41.5
12349,12350,1672,Oberweite,110.0
12350,12351,1672,Taillenweite,98.0
12351,12352,1672,Hemdenlänge:,
12352,12353,1672,bei Armlänge normal,77.0
12353,12354,1673,Kragenweite,43.5
12354,12355,1673,Oberweite,116.0
12355,12356,1673,Taillenweite,104.0
12356,12357,1673,Hemdenlänge:,
12357,12358,1673,bei Armlänge normal,79.0
12358,12359,1674,Kragenweite,45.5
12359,12360,1674,Oberweite,
12360,12361,1674,Taillenweite,
12361,12362,1674,Hemdenlänge:,
12362,12363,1674,bei Armlänge normal,
12363,12364,1675,Kragenweite,47.5
12364,12365,1675,Oberweite,
12365,12366,1675,Taillenweite,
12366,12367,1675,Hemdenlänge:,
12367,12368,1675,bei Armlänge normal,
12368,12369,1676,Kragenweite,49.5
12369,12370,1676,Oberweite,
12370,12371,1676,Taillenweite,
12371,12372,1676,Hemdenlänge:,
12372,12373,1676,bei Armlänge normal,
12373,12374,1677,Kragenweite,52.0
12374,12375,1677,Oberweite,
12375,12376,1677,Taillenweite,
12376,12377,1677,Hemdenlänge:,
12377,12378,1677,bei Armlänge normal,
12378,12379,1678,Kragenweite,54.0
12379,12380,1678,Oberweite,
12380,12381,1678,Taillenweite,
12381,12382,1678,Hemdenlänge:,
12382,12383,1678,bei Armlänge normal,
12383,12384,1679,Kragenweite,36.0
12384,12385,1679,Oberweite,100.0
12385,12386,1679,Taillenweite,88.0
12386,12387,1679,Schulterbreite,143.0
12387,12388,1679,Hemdenlänge:,
12388,12389,1679,bei Armlänge normal,77.0
12389,12390,1679,bei Armlänge extra lang,85.0
12390,12391,1680,Kragenweite,37.5
12391,12392,1680,Oberweite,108.0
12392,12393,1680,Taillenweite,98.0
12393,12394,1680,Schulterbreite,15.0
12394,12395,1680,Hemdenlänge:,
12395,12396,1680,bei Armlänge normal,78.0
12396,12397,1680,bei Armlänge extra lang,86.0
12397,12398,1681,Kragenweite,39.5
12398,12399,1681,Oberweite,116.0
12399,12400,1681,Taillenweite,106.0
12400,12401,1681,Schulterbreite,158.0
12401,12402,1681,Hemdenlänge:,
12402,12403,1681,bei Armlänge normal,80.0
12403,12404,1681,bei Armlänge extra lang,88.0
12404,12405,1682,Kragenweite,41.5
12405,12406,1682,Oberweite,124.0
12406,12407,1682,Taillenweite,114.0
12407,12408,1682,Schulterbreite,165.0
12408,12409,1682,Hemdenlänge:,
12409,12410,1682,bei Armlänge normal,82.0
12410,12411,1682,bei Armlänge extra lang,90.0
12411,12412,1683,Kragenweite,43.5
12412,12413,1683,Oberweite,132.0
12413,12414,1683,Taillenweite,126.0
12414,12415,1683,Schulterbreite,173.0
12415,12416,1683,Hemdenlänge:,
12416,12417,1683,bei Armlänge normal,84.0
12417,12418,1683,bei Armlänge extra lang,92.0
12418,12419,1684,Kragenweite,45.5
12419,12420,1684,Oberweite,140.0
12420,12421,1684,Taillenweite,134.0
12421,12422,1684,Schulterbreite,181.0
12422,12423,1684,Hemdenlänge:,
12423,12424,1684,bei Armlänge normal,86.0
12424,12425,1684,bei Armlänge extra lang,94.0
12425,12426,1685,Kragenweite,47.5
12426,12427,1685,Oberweite,148.0
12427,12428,1685,Taillenweite,144.0
12428,12429,1685,Schulterbreite,189.0
12429,12430,1685,Hemdenlänge:,
12430,12431,1685,bei Armlänge normal,90.0
12431,12432,1685,bei Armlänge extra lang,95.0
12432,12433,1686,Kragenweite,49.5
12433,12434,1686,Oberweite,
12434,12435,1686,Taillenweite,
12435,12436,1686,Schulterbreite,
12436,12437,1686,Hemdenlänge:,
12437,12438,1686,bei Armlänge normal,
12438,12439,1686,bei Armlänge extra lang,
12439,12440,1687,Kragenweite,52.0
12440,12441,1687,Oberweite,
12441,12442,1687,Taillenweite,
12442,12443,1687,Schulterbreite,
12443,12444,1687,Hemdenlänge:,
12444,12445,1687,bei Armlänge normal,
12445,12446,1687,bei Armlänge extra lang,
12446,12447,1688,Kragenweite,54.0
12447,12448,1688,Oberweite,
12448,12449,1688,Taillenweite,
12449,12450,1688,Schulterbreite,
12450,12451,1688,Hemdenlänge:,
12451,12452,1688,bei Armlänge normal,
12452,12453,1688,bei Armlänge extra lang,
12453,12454,1689,Kragenweite,36.0
12454,12455,1689,Oberweite,
12455,12456,1689,Taillenweite,
12456,12457,1689,Schulterbreite,
12457,12458,1689,Hemdenlänge:,
12458,12459,1689,bei Armlänge normal,
12459,12460,1689,bei Armlänge extra lang,
12460,12461,1690,Kragenweite,37.5
12461,12462,1690,Oberweite,102.0
12462,12463,1690,Taillenweite,92.0
12463,12464,1690,Schulterbreite,162.0
12464,12465,1690,Hemdenlänge:,
12465,12466,1690,bei Armlänge normal,80.0
12466,12467,1690,bei Armlänge extra lang,90.0
12467,12468,1691,Kragenweite,39.5
12468,12469,1691,Oberweite,110.0
12469,12470,1691,Taillenweite,98.0
12470,12471,1691,Schulterbreite,17.0
12471,12472,1691,Hemdenlänge:,
12472,12473,1691,bei Armlänge normal,80.0
12473,12474,1691,bei Armlänge extra lang,90.0
12474,12475,1692,Kragenweite,41.5
12475,12476,1692,Oberweite,116.0
12476,12477,1692,Taillenweite,104.0
12477,12478,1692,Schulterbreite,178.0
12478,12479,1692,Hemdenlänge:,
12479,12480,1692,bei Armlänge normal,80.0
12480,12481,1692,bei Armlänge extra lang,90.0
12481,12482,1693,Kragenweite,43.5
12482,12483,1693,Oberweite,124.0
12483,12484,1693,Taillenweite,112.0
12484,12485,1693,Schulterbreite,186.0
12485,12486,1693,Hemdenlänge:,
12486,12487,1693,bei Armlänge normal,82.0
12487,12488,1693,bei Armlänge extra lang,90.0
12488,12489,1694,Kragenweite,45.5
12489,12490,1694,Oberweite,134.0
12490,12491,1694,Taillenweite,122.0
12491,12492,1694,Schulterbreite,194.0
12492,12493,1694,Hemdenlänge:,
12493,12494,1694,bei Armlänge normal,85.0
12494,12495,1694,bei Armlänge extra lang,90.0
12495,12496,1695,Kragenweite,47.5
12496,12497,1695,Oberweite,
12497,12498,1695,Taillenweite,
12498,12499,1695,Schulterbreite,
12499,12500,1695,Hemdenlänge:,
12500,12501,1695,bei Armlänge normal,
12501,12502,1695,bei Armlänge extra lang,
12502,12503,1696,Kragenweite,49.5
12503,12504,1696,Oberweite,
12504,12505,1696,Taillenweite,
12505,12506,1696,Schulterbreite,
12506,12507,1696,Hemdenlänge:,
12507,12508,1696,bei Armlänge normal,
12508,12509,1696,bei Armlänge extra lang,
12509,12510,1697,Kragenweite,52.0
12510,12511,1697,Oberweite,
12511,12512,1697,Taillenweite,
12512,12513,1697,Schulterbreite,
12513,12514,1697,Hemdenlänge:,
12514,12515,1697,bei Armlänge normal,
12515,12516,1697,bei Armlänge extra lang,
12516,12517,1698,Kragenweite,54.0
12517,12518,1698,Oberweite,
12518,12519,1698,Taillenweite,
12519,12520,1698,Schulterbreite,
12520,12521,1698,Hemdenlänge:,
12521,12522,1698,bei Armlänge normal,
12522,12523,1698,bei Armlänge extra lang,
12523,12524,1699,Kragenweite,36.0
12524,12525,1699,Oberweite,
12525,12526,1699,Taillenweite,
12526,12527,1699,Hemdenlänge:,
12527,12528,1699,bei Armlänge normal,
12528,12529,1700,Kragenweite,37.5
12529,12530,1700,Oberweite,108.0
12530,12531,1700,Taillenweite,100.0
12531,12532,1700,Hemdenlänge:,
12532,12533,1700,bei Armlänge normal,79.0
12533,12534,1701,Kragenweite,39.5
12534,12535,1701,Oberweite,114.0
12535,12536,1701,Taillenweite,106.0
12536,12537,1701,Hemdenlänge:,
12537,12538,1701,bei Armlänge normal,81.0
12538,12539,1702,Kragenweite,41.5
12539,12540,1702,Oberweite,120.0
12540,12541,1702,Taillenweite,112.0
12541,12542,1702,Hemdenlänge:,
12542,12543,1702,bei Armlänge normal,83.0
12543,12544,1703,Kragenweite,43.5
12544,12545,1703,Oberweite,126.0
12545,12546,1703,Taillenweite,118.0
12546,12547,1703,Hemdenlänge:,
12547,12548,1703,bei Armlänge normal,84.0
12548,12549,1704,Kragenweite,45.5
12549,12550,1704,Oberweite,132.0
12550,12551,1704,Taillenweite,124.0
12551,12552,1704,Hemdenlänge:,
12552,12553,1704,bei Armlänge normal,85.0
12553,12554,1705,Kragenweite,47.5
12554,12555,1705,Oberweite,138.0
12555,12556,1705,Taillenweite,130.0
12556,12557,1705,Hemdenlänge:,
12557,12558,1705,bei Armlänge normal,87.0
12558,12559,1706,Kragenweite,49.5
12559,12560,1706,Oberweite,
12560,12561,1706,Taillenweite,
12561,12562,1706,Hemdenlänge:,
12562,12563,1706,bei Armlänge normal,
12563,12564,1707,Kragenweite,52.0
12564,12565,1707,Oberweite,
12565,12566,1707,Taillenweite,
12566,12567,1707,Hemdenlänge:,
12567,12568,1707,bei Armlänge normal,
12568,12569,1708,Kragenweite,54.0
12569,12570,1708,Oberweite,
12570,12571,1708,Taillenweite,
12571,12572,1708,Hemdenlänge:,
12572,12573,1708,bei Armlänge normal,
12573,12574,1709,Kragenweite,36.0
12574,12575,1709,Oberweite,98.0
12575,12576,1709,Taillenweite,86.0
12576,12577,1709,Rückenbreite,38.0
12577,12578,1709,Hemdenlänge:,
12578,12579,1709,bei Armlänge extra kurz,76.0
12579,12580,1709,bei Armlänge normal,76.0
12580,12581,1709,bei Armlänge extra lang,79.0
12581,12582,1710,Kragenweite,37.5
12582,12583,1710,Oberweite,104.0
12583,12584,1710,Taillenweite,92.0
12584,12585,1710,Rückenbreite,40.0
12585,12586,1710,Hemdenlänge:,
12586,12587,1710,bei Armlänge extra kurz,78.0
12587,12588,1710,bei Armlänge normal,78.0
12588,12589,1710,bei Armlänge extra lang,81.0
12589,12590,1711,Kragenweite,39.5
12590,12591,1711,Oberweite,110.0
12591,12592,1711,Taillenweite,98.0
12592,12593,1711,Rückenbreite,42.0
12593,12594,1711,Hemdenlänge:,
12594,12595,1711,bei Armlänge extra kurz,80.0
12595,12596,1711,bei Armlänge normal,80.0
12596,12597,1711,bei Armlänge extra lang,83.0
12597,12598,1712,Kragenweite,41.5
12598,12599,1712,Oberweite,116.0
12599,12600,1712,Taillenweite,104.0
12600,12601,1712,Rückenbreite,44.0
12601,12602,1712,Hemdenlänge:,
12602,12603,1712,bei Armlänge extra kurz,80.0
12603,12604,1712,bei Armlänge normal,80.0
12604,12605,1712,bei Armlänge extra lang,83.0
12605,12606,1713,Kragenweite,43.5
12606,12607,1713,Oberweite,124.0
12607,12608,1713,Taillenweite,112.0
12608,12609,1713,Rückenbreite,46.0
12609,12610,1713,Hemdenlänge:,
12610,12611,1713,bei Armlänge extra kurz,83.0
12611,12612,1713,bei Armlänge normal,83.0
12612,12613,1713,bei Armlänge extra lang,87.0
12613,12614,1714,Kragenweite,45.5
12614,12615,1714,Oberweite,132.0
12615,12616,1714,Taillenweite,120.0
12616,12617,1714,Rückenbreite,48.0
12617,12618,1714,Hemdenlänge:,
12618,12619,1714,bei Armlänge extra kurz,85.0
12619,12620,1714,bei Armlänge normal,85.0
12620,12621,1714,bei Armlänge extra lang,89.0
12621,12622,1715,Kragenweite,47.5
12622,12623,1715,Oberweite,
12623,12624,1715,Taillenweite,
12624,12625,1715,Rückenbreite,
12625,12626,1715,Hemdenlänge:,
12626,12627,1715,bei Armlänge extra kurz,
12627,12628,1715,bei Armlänge normal,
12628,12629,1715,bei Armlänge extra lang,
12629,12630,1716,Kragenweite,49.5
12630,12631,1716,Oberweite,
12631,12632,1716,Taillenweite,
12632,12633,1716,Rückenbreite,
12633,12634,1716,Hemdenlänge:,
12634,12635,1716,bei Armlänge extra kurz,
12635,12636,1716,bei Armlänge normal,
12636,12637,1716,bei Armlänge extra lang,
12637,12638,1717,Kragenweite,52.0
12638,12639,1717,Oberweite,
12639,12640,1717,Taillenweite,
12640,12641,1717,Rückenbreite,
12641,12642,1717,Hemdenlänge:,
12642,12643,1717,bei Armlänge extra kurz,
12643,12644,1717,bei Armlänge normal,
12644,12645,1717,bei Armlänge extra lang,
12645,12646,1718,Kragenweite,54.0
12646,12647,1718,Oberweite,
12647,12648,1718,Taillenweite,
12648,12649,1718,Rückenbreite,
12649,12650,1718,Hemdenlänge:,
12650,12651,1718,bei Armlänge extra kurz,
12651,12652,1718,bei Armlänge normal,
12652,12653,1718,bei Armlänge extra lang,
12653,12654,1719,Kragenweite,36.0
12654,12655,1719,Oberweite,98.0
12655,12656,1719,Taillenweite,86.0
12656,12657,1719,Rückenbreite,38.0
12657,12658,1719,Hemdenlänge:,
12658,12659,1719,bei Armlänge extra kurz,76.0
12659,12660,1719,bei Armlänge normal,76.0
12660,12661,1719,bei Armlänge extra lang,79.0
12661,12662,1720,Kragenweite,37.5
12662,12663,1720,Oberweite,104.0
12663,12664,1720,Taillenweite,92.0
12664,12665,1720,Rückenbreite,40.0
12665,12666,1720,Hemdenlänge:,
12666,12667,1720,bei Armlänge extra kurz,78.0
12667,12668,1720,bei Armlänge normal,78.0
12668,12669,1720,bei Armlänge extra lang,81.0
12669,12670,1721,Kragenweite,39.5
12670,12671,1721,Oberweite,110.0
12671,12672,1721,Taillenweite,98.0
12672,12673,1721,Rückenbreite,42.0
12673,12674,1721,Hemdenlänge:,
12674,12675,1721,bei Armlänge extra kurz,80.0
12675,12676,1721,bei Armlänge normal,80.0
12676,12677,1721,bei Armlänge extra lang,83.0
12677,12678,1722,Kragenweite,41.5
12678,12679,1722,Oberweite,116.0
12679,12680,1722,Taillenweite,104.0
12680,12681,1722,Rückenbreite,44.0
12681,12682,1722,Hemdenlänge:,
12682,12683,1722,bei Armlänge extra kurz,80.0
12683,12684,1722,bei Armlänge normal,80.0
12684,12685,1722,bei Armlänge extra lang,83.0
12685,12686,1723,Kragenweite,43.5
12686,12687,1723,Oberweite,124.0
12687,12688,1723,Taillenweite,112.0
12688,12689,1723,Rückenbreite,46.0
12689,12690,1723,Hemdenlänge:,
12690,12691,1723,bei Armlänge extra kurz,83.0
12691,12692,1723,bei Armlänge normal,83.0
12692,12693,1723,bei Armlänge extra lang,87.0
12693,12694,1724,Kragenweite,45.5
12694,12695,1724,Oberweite,132.0
12695,12696,1724,Taillenweite,120.0
12696,12697,1724,Rückenbreite,48.0
12697,12698,1724,Hemdenlänge:,
12698,12699,1724,bei Armlänge extra kurz,85.0
12699,12700,1724,bei Armlänge normal,85.0
12700,12701,1724,bei Armlänge extra lang,89.0
12701,12702,1725,Kragenweite,47.5
12702,12703,1725,Oberweite,
12703,12704,1725,Taillenweite,
12704,12705,1725,Rückenbreite,
12705,12706,1725,Hemdenlänge:,
12706,12707,1725,bei Armlänge extra kurz,
12707,12708,1725,bei Armlänge normal,
12708,12709,1725,bei Armlänge extra lang,
12709,12710,1726,Kragenweite,49.5
12710,12711,1726,Oberweite,
12711,12712,1726,Taillenweite,
12712,12713,1726,Rückenbreite,
12713,12714,1726,Hemdenlänge:,
12714,12715,1726,bei Armlänge extra kurz,
12715,12716,1726,bei Armlänge normal,
12716,12717,1726,bei Armlänge extra lang,
12717,12718,1727,Kragenweite,52.0
12718,12719,1727,Oberweite,
12719,12720,1727,Taillenweite,
12720,12721,1727,Rückenbreite,
12721,12722,1727,Hemdenlänge:,
12722,12723,1727,bei Armlänge extra kurz,
12723,12724,1727,bei Armlänge normal,
12724,12725,1727,bei Armlänge extra lang,
12725,12726,1728,Kragenweite,54.0
12726,12727,1728,Oberweite,
12727,12728,1728,Taillenweite,
12728,12729,1728,Rückenbreite,
12729,12730,1728,Hemdenlänge:,
12730,12731,1728,bei Armlänge extra kurz,
12731,12732,1728,bei Armlänge normal,
12732,12733,1728,bei Armlänge extra lang,
12733,12734,1729,Kragenweite,36.0
12734,12735,1729,Oberweite,
12735,12736,1729,Taillenweite,
12736,12737,1729,Schulterbreite,
12737,12738,1729,Hemdenlänge:,
12738,12739,1729,bei Armlänge normal,
12739,12740,1729,bei Armlänge extra lang,
12740,12741,1730,Kragenweite,37.5
12741,12742,1730,Oberweite,102.0
12742,12743,1730,Taillenweite,92.0
12743,12744,1730,Schulterbreite,162.0
12744,12745,1730,Hemdenlänge:,
12745,12746,1730,bei Armlänge normal,80.0
12746,12747,1730,bei Armlänge extra lang,90.0
12747,12748,1731,Kragenweite,39.5
12748,12749,1731,Oberweite,110.0
12749,12750,1731,Taillenweite,98.0
12750,12751,1731,Schulterbreite,17.0
12751,12752,1731,Hemdenlänge:,
12752,12753,1731,bei Armlänge normal,80.0
12753,12754,1731,bei Armlänge extra lang,90.0
12754,12755,1732,Kragenweite,41.5
12755,12756,1732,Oberweite,116.0
12756,12757,1732,Taillenweite,104.0
12757,12758,1732,Schulterbreite,178.0
12758,12759,1732,Hemdenlänge:,
12759,12760,1732,bei Armlänge normal,80.0
12760,12761,1732,bei Armlänge extra lang,90.0
12761,12762,1733,Kragenweite,43.5
12762,12763,1733,Oberweite,124.0
12763,12764,1733,Taillenweite,112.0
12764,12765,1733,Schulterbreite,186.0
12765,12766,1733,Hemdenlänge:,
12766,12767,1733,bei Armlänge normal,82.0
12767,12768,1733,bei Armlänge extra lang,90.0
12768,12769,1734,Kragenweite,45.5
12769,12770,1734,Oberweite,134.0
12770,12771,1734,Taillenweite,122.0
12771,12772,1734,Schulterbreite,194.0
12772,12773,1734,Hemdenlänge:,
12773,12774,1734,bei Armlänge normal,85.0
12774,12775,1734,bei Armlänge extra lang,90.0
12775,12776,1735,Kragenweite,47.5
12776,12777,1735,Oberweite,
12777,12778,1735,Taillenweite,
12778,12779,1735,Schulterbreite,
12779,12780,1735,Hemdenlänge:,
12780,12781,1735,bei Armlänge normal,
12781,12782,1735,bei Armlänge extra lang,
12782,12783,1736,Kragenweite,49.5
12783,12784,1736,Oberweite,
12784,12785,1736,Taillenweite,
12785,12786,1736,Schulterbreite,
12786,12787,1736,Hemdenlänge:,
12787,12788,1736,bei Armlänge normal,
12788,12789,1736,bei Armlänge extra lang,
12789,12790,1737,Kragenweite,52.0
12790,12791,1737,Oberweite,
12791,12792,1737,Taillenweite,
12792,12793,1737,Schulterbreite,
12793,12794,1737,Hemdenlänge:,
12794,12795,1737,bei Armlänge normal,
12795,12796,1737,bei Armlänge extra lang,
12796,12797,1738,Kragenweite,54.0
12797,12798,1738,Oberweite,
12798,12799,1738,Taillenweite,
12799,12800,1738,Schulterbreite,
12800,12801,1738,Hemdenlänge:,
12801,12802,1738,bei Armlänge normal,
12802,12803,1738,bei Armlänge extra lang,
12803,12804,1739,Kragenweite,36.0
12804,12805,1739,Oberweite,
12805,12806,1739,Taillenweite,
12806,12807,1739,Schulterbreite,
12807,12808,1739,Hemdenlänge:,
12808,12809,1739,bei Armlänge extra kurz,
12809,12810,1739,bei Armlänge normal,
12810,12811,1739,bei Armlänge extra lang,
12811,12812,1740,Kragenweite,37.5
12812,12813,1740,Oberweite,112.0
12813,12814,1740,Taillenweite,108.0
12814,12815,1740,Schulterbreite,17.0
12815,12816,1740,Hemdenlänge:,
12816,12817,1740,bei Armlänge extra kurz,80.0
12817,12818,1740,bei Armlänge normal,80.0
12818,12819,1740,bei Armlänge extra lang,90.0
12819,12820,1741,Kragenweite,39.5
12820,12821,1741,Oberweite,120.0
12821,12822,1741,Taillenweite,114.0
12822,12823,1741,Schulterbreite,178.0
12823,12824,1741,Hemdenlänge:,
12824,12825,1741,bei Armlänge extra kurz,80.0
12825,12826,1741,bei Armlänge normal,80.0
12826,12827,1741,bei Armlänge extra lang,90.0
12827,12828,1742,Kragenweite,41.5
12828,12829,1742,Oberweite,128.0
12829,12830,1742,Taillenweite,124.0
12830,12831,1742,Schulterbreite,186.0
12831,12832,1742,Hemdenlänge:,
12832,12833,1742,bei Armlänge extra kurz,80.0
12833,12834,1742,bei Armlänge normal,80.0
12834,12835,1742,bei Armlänge extra lang,90.0
12835,12836,1743,Kragenweite,43.5
12836,12837,1743,Oberweite,134.0
12837,12838,1743,Taillenweite,134.0
12838,12839,1743,Schulterbreite,194.0
12839,12840,1743,Hemdenlänge:,
12840,12841,1743,bei Armlänge extra kurz,80.0
12841,12842,1743,bei Armlänge normal,82.0
12842,12843,1743,bei Armlänge extra lang,90.0
12843,12844,1744,Kragenweite,45.5
12844,12845,1744,Oberweite,148.0
12845,12846,1744,Taillenweite,148.0
12846,12847,1744,Schulterbreite,202.0
12847,12848,1744,Hemdenlänge:,
12848,12849,1744,bei Armlänge extra kurz,80.0
12849,12850,1744,bei Armlänge normal,90.0
12850,12851,1744,bei Armlänge extra lang,90.0
12851,12852,1745,Kragenweite,47.5
12852,12853,1745,Oberweite,154.0
12853,12854,1745,Taillenweite,154.0
12854,12855,1745,Schulterbreite,21.0
12855,12856,1745,Hemdenlänge:,
12856,12857,1745,bei Armlänge extra kurz,80.0
12857,12858,1745,bei Armlänge normal,90.0
12858,12859,1745,bei Armlänge extra lang,90.0
12859,12860,1746,Kragenweite,49.5
12860,12861,1746,Oberweite,160.0
12861,12862,1746,Taillenweite,160.0
12862,12863,1746,Schulterbreite,218.0
12863,12864,1746,Hemdenlänge:,
12864,12865,1746,bei Armlänge extra kurz,80.0
12865,12866,1746,bei Armlänge normal,95.0
12866,12867,1746,bei Armlänge extra lang,95.0
12867,12868,1747,Kragenweite,52.0
12868,12869,1747,Oberweite,168.0
12869,12870,1747,Taillenweite,168.0
12870,12871,1747,Schulterbreite,226.0
12871,12872,1747,Hemdenlänge:,
12872,12873,1747,bei Armlänge extra kurz,80.0
12873,12874,1747,bei Armlänge normal,95.0
12874,12875,1747,bei Armlänge extra lang,95.0
12875,12876,1748,Kragenweite,54.0
12876,12877,1748,Oberweite,176.0
12877,12878,1748,Taillenweite,176.0
12878,12879,1748,Schulterbreite,234.0
12879,12880,1748,Hemdenlänge:,
12880,12881,1748,bei Armlänge extra kurz,80.0
12881,12882,1748,bei Armlänge normal,95.0
12882,12883,1748,bei Armlänge extra lang,95.0
12883,12884,1749,Kragenweite,36.0
12884,12885,1749,Oberweite,
12885,12886,1749,Taillenweite,
12886,12887,1749,Hemdenlänge:,
12887,12888,1749,bei Armlänge extra kurz,
12888,12889,1749,bei Armlänge normal,
12889,12890,1750,Kragenweite,37.5
12890,12891,1750,Oberweite,108.0
12891,12892,1750,Taillenweite,94.0
12892,12893,1750,Hemdenlänge:,
12893,12894,1750,bei Armlänge extra kurz,77.0
12894,12895,1750,bei Armlänge normal,82.0
12895,12896,1751,Kragenweite,39.5
12896,12897,1751,Oberweite,114.0
12897,12898,1751,Taillenweite,102.0
12898,12899,1751,Hemdenlänge:,
12899,12900,1751,bei Armlänge extra kurz,78.0
12900,12901,1751,bei Armlänge normal,83.0
12901,12902,1752,Kragenweite,41.5
12902,12903,1752,Oberweite,122.0
12903,12904,1752,Taillenweite,108.0
12904,12905,1752,Hemdenlänge:,
12905,12906,1752,bei Armlänge extra kurz,79.0
12906,12907,1752,bei Armlänge normal,84.0
12907,12908,1753,Kragenweite,43.5
12908,12909,1753,Oberweite,128.0
12909,12910,1753,Taillenweite,114.0
12910,12911,1753,Hemdenlänge:,
12911,12912,1753,bei Armlänge extra kurz,80.0
12912,12913,1753,bei Armlänge normal,85.0
12913,12914,1754,Kragenweite,45.5
12914,12915,1754,Oberweite,134.0
12915,12916,1754,Taillenweite,120.0
12916,12917,1754,Hemdenlänge:,
12917,12918,1754,bei Armlänge extra kurz,81.0
12918,12919,1754,bei Armlänge normal,86.0
12919,12920,1755,Kragenweite,47.5
12920,12921,1755,Oberweite,
12921,12922,1755,Taillenweite,
12922,12923,1755,Hemdenlänge:,
12923,12924,1755,bei Armlänge extra kurz,
12924,12925,1755,bei Armlänge normal,
12925,12926,1756,Kragenweite,49.5
12926,12927,1756,Oberweite,
12927,12928,1756,Taillenweite,
12928,12929,1756,Hemdenlänge:,
12929,12930,1756,bei Armlänge extra kurz,
12930,12931,1756,bei Armlänge normal,
12931,12932,1757,Kragenweite,52.0
12932,12933,1757,Oberweite,
12933,12934,1757,Taillenweite,
12934,12935,1757,Hemdenlänge:,
12935,12936,1757,bei Armlänge extra kurz,
12936,12937,1757,bei Armlänge normal,
12937,12938,1758,Kragenweite,54.0
12938,12939,1758,Oberweite,
12939,12940,1758,Taillenweite,
12940,12941,1758,Hemdenlänge:,
12941,12942,1758,bei Armlänge extra kurz,
12942,12943,1758,bei Armlänge normal,
12943,12944,1759,Kragenweite,36.0
12944,12945,1759,Oberweite,
12945,12946,1759,Taillenweite,
12946,12947,1759,Hemdenlänge:,
12947,12948,1759,bei Armlänge normal,
12948,12949,1760,Kragenweite,37.5
12949,12950,1760,Oberweite,102.0
12950,12951,1760,Taillenweite,91.0
12951,12952,1760,Hemdenlänge:,
12952,12953,1760,bei Armlänge normal,78.0
12953,12954,1761,Kragenweite,39.5
12954,12955,1761,Oberweite,108.0
12955,12956,1761,Taillenweite,97.0
12956,12957,1761,Hemdenlänge:,
12957,12958,1761,bei Armlänge normal,79.0
12958,12959,1762,Kragenweite,41.5
12959,12960,1762,Oberweite,114.0
12960,12961,1762,Taillenweite,103.0
12961,12962,1762,Hemdenlänge:,
12962,12963,1762,bei Armlänge normal,81.0
12963,12964,1763,Kragenweite,43.5
12964,12965,1763,Oberweite,120.0
12965,12966,1763,Taillenweite,109.0
12966,12967,1763,Hemdenlänge:,
12967,12968,1763,bei Armlänge normal,82.0
12968,12969,1764,Kragenweite,45.5
12969,12970,1764,Oberweite,126.0
12970,12971,1764,Taillenweite,115.0
12971,12972,1764,Hemdenlänge:,
12972,12973,1764,bei Armlänge normal,84.0
12973,12974,1765,Kragenweite,47.5
12974,12975,1765,Oberweite,
12975,12976,1765,Taillenweite,
12976,12977,1765,Hemdenlänge:,
12977,12978,1765,bei Armlänge normal,
12978,12979,1766,Kragenweite,49.5
12979,12980,1766,Oberweite,
12980,12981,1766,Taillenweite,
12981,12982,1766,Hemdenlänge:,
12982,12983,1766,bei Armlänge normal,
12983,12984,1767,Kragenweite,52.0
12984,12985,1767,Oberweite,
12985,12986,1767,Taillenweite,
12986,12987,1767,Hemdenlänge:,
12987,12988,1767,bei Armlänge normal,
12988,12989,1768,Kragenweite,54.0
12989,12990,1768,Oberweite,
12990,12991,1768,Taillenweite,
12991,12992,1768,Hemdenlänge:,
12992,12993,1768,bei Armlänge normal,
12993,12994,1769,Kragenweite,36.0
12994,12995,1769,Oberweite,98.0
12995,12996,1769,Taillenweite,86.0
12996,12997,1769,Rückenbreite,38.0
12997,12998,1769,Hemdenlänge:,
12998,12999,1769,bei Armlänge extra kurz,76.0
12999,13000,1769,bei Armlänge normal,76.0
13000,13001,1769,bei Armlänge extra lang,79.0
13001,13002,1770,Kragenweite,37.5
13002,13003,1770,Oberweite,104.0
13003,13004,1770,Taillenweite,92.0
13004,13005,1770,Rückenbreite,40.0
13005,13006,1770,Hemdenlänge:,
13006,13007,1770,bei Armlänge extra kurz,78.0
13007,13008,1770,bei Armlänge normal,78.0
13008,13009,1770,bei Armlänge extra lang,81.0
13009,13010,1771,Kragenweite,39.5
13010,13011,1771,Oberweite,110.0
13011,13012,1771,Taillenweite,98.0
13012,13013,1771,Rückenbreite,42.0
13013,13014,1771,Hemdenlänge:,
13014,13015,1771,bei Armlänge extra kurz,80.0
13015,13016,1771,bei Armlänge normal,80.0
13016,13017,1771,bei Armlänge extra lang,83.0
13017,13018,1772,Kragenweite,41.5
13018,13019,1772,Oberweite,116.0
13019,13020,1772,Taillenweite,104.0
13020,13021,1772,Rückenbreite,44.0
13021,13022,1772,Hemdenlänge:,
13022,13023,1772,bei Armlänge extra kurz,80.0
13023,13024,1772,bei Armlänge normal,80.0
13024,13025,1772,bei Armlänge extra lang,83.0
13025,13026,1773,Kragenweite,43.5
13026,13027,1773,Oberweite,124.0
13027,13028,1773,Taillenweite,112.0
13028,13029,1773,Rückenbreite,46.0
13029,13030,1773,Hemdenlänge:,
13030,13031,1773,bei Armlänge extra kurz,83.0
13031,13032,1773,bei Armlänge normal,83.0
13032,13033,1773,bei Armlänge extra lang,87.0
13033,13034,1774,Kragenweite,45.5
13034,13035,1774,Oberweite,132.0
13035,13036,1774,Taillenweite,120.0
13036,13037,1774,Rückenbreite,48.0
13037,13038,1774,Hemdenlänge:,
13038,13039,1774,bei Armlänge extra kurz,85.0
13039,13040,1774,bei Armlänge normal,85.0
13040,13041,1774,bei Armlänge extra lang,89.0
13041,13042,1775,Kragenweite,47.5
13042,13043,1775,Oberweite,
13043,13044,1775,Taillenweite,
13044,13045,1775,Rückenbreite,
13045,13046,1775,Hemdenlänge:,
13046,13047,1775,bei Armlänge extra kurz,
13047,13048,1775,bei Armlänge normal,
13048,13049,1775,bei Armlänge extra lang,
13049,13050,1776,Kragenweite,49.5
13050,13051,1776,Oberweite,
13051,13052,1776,Taillenweite,
13052,13053,1776,Rückenbreite,
13053,13054,1776,Hemdenlänge:,
13054,13055,1776,bei Armlänge extra kurz,
13055,13056,1776,bei Armlänge normal,
13056,13057,1776,bei Armlänge extra lang,
13057,13058,1777,Kragenweite,52.0
13058,13059,1777,Oberweite,
13059,13060,1777,Taillenweite,
13060,13061,1777,Rückenbreite,
13061,13062,1777,Hemdenlänge:,
13062,13063,1777,bei Armlänge extra kurz,
13063,13064,1777,bei Armlänge normal,
13064,13065,1777,bei Armlänge extra lang,
13065,13066,1778,Kragenweite,54.0
13066,13067,1778,Oberweite,
13067,13068,1778,Taillenweite,
13068,13069,1778,Rückenbreite,
13069,13070,1778,Hemdenlänge:,
13070,13071,1778,bei Armlänge extra kurz,
13071,13072,1778,bei Armlänge normal,
13072,13073,1778,bei Armlänge extra lang,
13073,13074,1779,Kragenweite,36.0
13074,13075,1779,Oberweite,
13075,13076,1779,Taillenweite,
13076,13077,1779,Hemdenlänge:,
13077,13078,1779,bei Armlänge normal,
13078,13079,1780,Kragenweite,37.5
13079,13080,1780,Oberweite,108.0
13080,13081,1780,Taillenweite,100.0
13081,13082,1780,Hemdenlänge:,
13082,13083,1780,bei Armlänge normal,79.0
13083,13084,1781,Kragenweite,39.5
13084,13085,1781,Oberweite,114.0
13085,13086,1781,Taillenweite,106.0
13086,13087,1781,Hemdenlänge:,
13087,13088,1781,bei Armlänge normal,81.0
13088,13089,1782,Kragenweite,41.5
13089,13090,1782,Oberweite,120.0
13090,13091,1782,Taillenweite,112.0
13091,13092,1782,Hemdenlänge:,
13092,13093,1782,bei Armlänge normal,83.0
13093,13094,1783,Kragenweite,43.5
13094,13095,1783,Oberweite,126.0
13095,13096,1783,Taillenweite,118.0
13096,13097,1783,Hemdenlänge:,
13097,13098,1783,bei Armlänge normal,84.0
13098,13099,1784,Kragenweite,45.5
13099,13100,1784,Oberweite,132.0
13100,13101,1784,Taillenweite,124.0
13101,13102,1784,Hemdenlänge:,
13102,13103,1784,bei Armlänge normal,85.0
13103,13104,1785,Kragenweite,47.5
13104,13105,1785,Oberweite,138.0
13105,13106,1785,Taillenweite,130.0
13106,13107,1785,Hemdenlänge:,
13107,13108,1785,bei Armlänge normal,87.0
13108,13109,1786,Kragenweite,49.5
13109,13110,1786,Oberweite,
13110,13111,1786,Taillenweite,
13111,13112,1786,Hemdenlänge:,
13112,13113,1786,bei Armlänge normal,
13113,13114,1787,Kragenweite,52.0
13114,13115,1787,Oberweite,
13115,13116,1787,Taillenweite,
13116,13117,1787,Hemdenlänge:,
13117,13118,1787,bei Armlänge normal,
13118,13119,1788,Kragenweite,54.0
13119,13120,1788,Oberweite,
13120,13121,1788,Taillenweite,
13121,13122,1788,Hemdenlänge:,
13122,13123,1788,bei Armlänge normal,
13123,13124,1789,Kragenweite,36.0
13124,13125,1789,Oberweite,
13125,13126,1789,Taillenweite,
13126,13127,1789,Hemdenlänge:,
13127,13128,1789,bei Armlänge extra kurz,
13128,13129,1789,bei Armlänge normal,
13129,13130,1790,Kragenweite,37.5
13130,13131,1790,Oberweite,108.0
13131,13132,1790,Taillenweite,94.0
13132,13133,1790,Hemdenlänge:,
13133,13134,1790,bei Armlänge extra kurz,77.0
13134,13135,1790,bei Armlänge normal,82.0
13135,13136,1791,Kragenweite,39.5
13136,13137,1791,Oberweite,114.0
13137,13138,1791,Taillenweite,102.0
13138,13139,1791,Hemdenlänge:,
13139,13140,1791,bei Armlänge extra kurz,78.0
13140,13141,1791,bei Armlänge normal,83.0
13141,13142,1792,Kragenweite,41.5
13142,13143,1792,Oberweite,122.0
13143,13144,1792,Taillenweite,108.0
13144,13145,1792,Hemdenlänge:,
13145,13146,1792,bei Armlänge extra kurz,79.0
13146,13147,1792,bei Armlänge normal,84.0
13147,13148,1793,Kragenweite,43.5
13148,13149,1793,Oberweite,128.0
13149,13150,1793,Taillenweite,114.0
13150,13151,1793,Hemdenlänge:,
13151,13152,1793,bei Armlänge extra kurz,80.0
13152,13153,1793,bei Armlänge normal,85.0
13153,13154,1794,Kragenweite,45.5
13154,13155,1794,Oberweite,134.0
13155,13156,1794,Taillenweite,120.0
13156,13157,1794,Hemdenlänge:,
13157,13158,1794,bei Armlänge extra kurz,81.0
13158,13159,1794,bei Armlänge normal,86.0
13159,13160,1795,Kragenweite,47.5
13160,13161,1795,Oberweite,
13161,13162,1795,Taillenweite,
13162,13163,1795,Hemdenlänge:,
13163,13164,1795,bei Armlänge extra kurz,
13164,13165,1795,bei Armlänge normal,
13165,13166,1796,Kragenweite,49.5
13166,13167,1796,Oberweite,
13167,13168,1796,Taillenweite,
13168,13169,1796,Hemdenlänge:,
13169,13170,1796,bei Armlänge extra kurz,
13170,13171,1796,bei Armlänge normal,
13171,13172,1797,Kragenweite,52.0
13172,13173,1797,Oberweite,
13173,13174,1797,Taillenweite,
13174,13175,1797,Hemdenlänge:,
13175,13176,1797,bei Armlänge extra kurz,
13176,13177,1797,bei Armlänge normal,
13177,13178,1798,Kragenweite,54.0
13178,13179,1798,Oberweite,
13179,13180,1798,Taillenweite,
13180,13181,1798,Hemdenlänge:,
13181,13182,1798,bei Armlänge extra kurz,
13182,13183,1798,bei Armlänge normal,
13183,13184,1799,Kragenweite,36.0
13184,13185,1799,Oberweite,
13185,13186,1799,Taillenweite,
13186,13187,1799,Hemdenlänge:,
13187,13188,1799,bei Armlänge extra kurz,
13188,13189,1799,bei Armlänge normal,
13189,13190,1799,bei Armlänge extra lang,
13190,13191,1800,Kragenweite,37.5
13191,13192,1800,Oberweite,110.0
13192,13193,1800,Taillenweite,100.0
13193,13194,1800,Hemdenlänge:,
13194,13195,1800,bei Armlänge extra kurz,82.0
13195,13196,1800,bei Armlänge normal,82.0
13196,13197,1800,bei Armlänge extra lang,87.0
13197,13198,1801,Kragenweite,39.5
13198,13199,1801,Oberweite,116.0
13199,13200,1801,Taillenweite,108.0
13200,13201,1801,Hemdenlänge:,
13201,13202,1801,bei Armlänge extra kurz,82.0
13202,13203,1801,bei Armlänge normal,82.0
13203,13204,1801,bei Armlänge extra lang,87.0
13204,13205,1802,Kragenweite,41.5
13205,13206,1802,Oberweite,124.0
13206,13207,1802,Taillenweite,116.0
13207,13208,1802,Hemdenlänge:,
13208,13209,1802,bei Armlänge extra kurz,82.0
13209,13210,1802,bei Armlänge normal,82.0
13210,13211,1802,bei Armlänge extra lang,87.0
13211,13212,1803,Kragenweite,43.5
13212,13213,1803,Oberweite,132.0
13213,13214,1803,Taillenweite,126.0
13214,13215,1803,Hemdenlänge:,
13215,13216,1803,bei Armlänge extra kurz,82.0
13216,13217,1803,bei Armlänge normal,85.0
13217,13218,1803,bei Armlänge extra lang,90.0
13218,13219,1804,Kragenweite,45.5
13219,13220,1804,Oberweite,140.0
13220,13221,1804,Taillenweite,134.0
13221,13222,1804,Hemdenlänge:,
13222,13223,1804,bei Armlänge extra kurz,82.0
13223,13224,1804,bei Armlänge normal,85.0
13224,13225,1804,bei Armlänge extra lang,90.0
13225,13226,1805,Kragenweite,47.5
13226,13227,1805,Oberweite,150.0
13227,13228,1805,Taillenweite,146.0
13228,13229,1805,Hemdenlänge:,
13229,13230,1805,bei Armlänge extra kurz,82.0
13230,13231,1805,bei Armlänge normal,90.0
13231,13232,1805,bei Armlänge extra lang,95.0
13232,13233,1806,Kragenweite,49.5
13233,13234,1806,Oberweite,156.0
13234,13235,1806,Taillenweite,156.0
13235,13236,1806,Hemdenlänge:,
13236,13237,1806,bei Armlänge extra kurz,82.0
13237,13238,1806,bei Armlänge normal,90.0
13238,13239,1806,bei Armlänge extra lang,95.0
13239,13240,1807,Kragenweite,52.0
13240,13241,1807,Oberweite,160.0
13241,13242,1807,Taillenweite,164.0
13242,13243,1807,Hemdenlänge:,
13243,13244,1807,bei Armlänge extra kurz,82.0
13244,13245,1807,bei Armlänge normal,90.0
13245,13246,1807,bei Armlänge extra lang,95.0
13246,13247,1808,Kragenweite,54.0
13247,13248,1808,Oberweite,164.0
13248,13249,1808,Taillenweite,170.0
13249,13250,1808,Hemdenlänge:,
13250,13251,1808,bei Armlänge extra kurz,82.0
13251,13252,1808,bei Armlänge normal,90.0
13252,13253,1808,bei Armlänge extra lang,95.0
13253,13254,1809,Kragenweite,36.0
13254,13255,1809,Oberweite,
13255,13256,1809,Taillenweite,
13256,13257,1809,Hemdenlänge:,
13257,13258,1809,bei Armlänge normal,
13258,13259,1810,Kragenweite,37.5
13259,13260,1810,Oberweite,108.0
13260,13261,1810,Taillenweite,100.0
13261,13262,1810,Hemdenlänge:,
13262,13263,1810,bei Armlänge normal,79.0
13263,13264,1811,Kragenweite,39.5
13264,13265,1811,Oberweite,114.0
13265,13266,1811,Taillenweite,106.0
13266,13267,1811,Hemdenlänge:,
13267,13268,1811,bei Armlänge normal,81.0
13268,13269,1812,Kragenweite,41.5
13269,13270,1812,Oberweite,120.0
13270,13271,1812,Taillenweite,112.0
13271,13272,1812,Hemdenlänge:,
13272,13273,1812,bei Armlänge normal,83.0
13273,13274,1813,Kragenweite,43.5
13274,13275,1813,Oberweite,126.0
13275,13276,1813,Taillenweite,118.0
13276,13277,1813,Hemdenlänge:,
13277,13278,1813,bei Armlänge normal,84.0
13278,13279,1814,Kragenweite,45.5
13279,13280,1814,Oberweite,132.0
13280,13281,1814,Taillenweite,124.0
13281,13282,1814,Hemdenlänge:,
13282,13283,1814,bei Armlänge normal,85.0
13283,13284,1815,Kragenweite,47.5
13284,13285,1815,Oberweite,138.0
13285,13286,1815,Taillenweite,130.0
13286,13287,1815,Hemdenlänge:,
13287,13288,1815,bei Armlänge normal,87.0
13288,13289,1816,Kragenweite,49.5
13289,13290,1816,Oberweite,
13290,13291,1816,Taillenweite,
13291,13292,1816,Hemdenlänge:,
13292,13293,1816,bei Armlänge normal,
13293,13294,1817,Kragenweite,52.0
13294,13295,1817,Oberweite,
13295,13296,1817,Taillenweite,
13296,13297,1817,Hemdenlänge:,
13297,13298,1817,bei Armlänge normal,
13298,13299,1818,Kragenweite,54.0
13299,13300,1818,Oberweite,
13300,13301,1818,Taillenweite,
13301,13302,1818,Hemdenlänge:,
13302,13303,1818,bei Armlänge normal,
13303,13304,1819,Kragenweite,36.0
13304,13305,1819,Oberweite,
13305,13306,1819,Taillenweite,
13306,13307,1819,Hemdenlänge:,
13307,13308,1819,bei Armlänge normal,
13308,13309,1820,Kragenweite,37.5
13309,13310,1820,Oberweite,108.0
13310,13311,1820,Taillenweite,100.0
13311,13312,1820,Hemdenlänge:,
13312,13313,1820,bei Armlänge normal,79.0
13313,13314,1821,Kragenweite,39.5
13314,13315,1821,Oberweite,114.0
13315,13316,1821,Taillenweite,106.0
13316,13317,1821,Hemdenlänge:,
13317,13318,1821,bei Armlänge normal,81.0
13318,13319,1822,Kragenweite,41.5
13319,13320,1822,Oberweite,120.0
13320,13321,1822,Taillenweite,112.0
13321,13322,1822,Hemdenlänge:,
13322,13323,1822,bei Armlänge normal,83.0
13323,13324,1823,Kragenweite,43.5
13324,13325,1823,Oberweite,126.0
13325,13326,1823,Taillenweite,118.0
13326,13327,1823,Hemdenlänge:,
13327,13328,1823,bei Armlänge normal,84.0
13328,13329,1824,Kragenweite,45.5
13329,13330,1824,Oberweite,132.0
13330,13331,1824,Taillenweite,124.0
13331,13332,1824,Hemdenlänge:,
13332,13333,1824,bei Armlänge normal,85.0
13333,13334,1825,Kragenweite,47.5
13334,13335,1825,Oberweite,138.0
13335,13336,1825,Taillenweite,130.0
13336,13337,1825,Hemdenlänge:,
13337,13338,1825,bei Armlänge normal,87.0
13338,13339,1826,Kragenweite,49.5
13339,13340,1826,Oberweite,
13340,13341,1826,Taillenweite,
13341,13342,1826,Hemdenlänge:,
13342,13343,1826,bei Armlänge normal,
13343,13344,1827,Kragenweite,52.0
13344,13345,1827,Oberweite,
13345,13346,1827,Taillenweite,
13346,13347,1827,Hemdenlänge:,
13347,13348,1827,bei Armlänge normal,
13348,13349,1828,Kragenweite,54.0
13349,13350,1828,Oberweite,
13350,13351,1828,Taillenweite,
13351,13352,1828,Hemdenlänge:,
13352,13353,1828,bei Armlänge normal,
13353,13354,1829,Kragenweite,36.0
13354,13355,1829,Oberweite,
13355,13356,1829,Taillenweite,
13356,13357,1829,Hemdenlänge:,
13357,13358,1829,bei Armlänge normal,
13358,13359,1830,Kragenweite,37.5
13359,13360,1830,Oberweite,102.0
13360,13361,1830,Taillenweite,91.0
13361,13362,1830,Hemdenlänge:,
13362,13363,1830,bei Armlänge normal,78.0
13363,13364,1831,Kragenweite,39.5
13364,13365,1831,Oberweite,108.0
13365,13366,1831,Taillenweite,97.0
13366,13367,1831,Hemdenlänge:,
13367,13368,1831,bei Armlänge normal,79.0
13368,13369,1832,Kragenweite,41.5
13369,13370,1832,Oberweite,114.0
13370,13371,1832,Taillenweite,103.0
13371,13372,1832,Hemdenlänge:,
13372,13373,1832,bei Armlänge normal,81.0
13373,13374,1833,Kragenweite,43.5
13374,13375,1833,Oberweite,120.0
13375,13376,1833,Taillenweite,109.0
13376,13377,1833,Hemdenlänge:,
13377,13378,1833,bei Armlänge normal,82.0
13378,13379,1834,Kragenweite,45.5
13379,13380,1834,Oberweite,126.0
13380,13381,1834,Taillenweite,115.0
13381,13382,1834,Hemdenlänge:,
13382,13383,1834,bei Armlänge normal,84.0
13383,13384,1835,Kragenweite,47.5
13384,13385,1835,Oberweite,
13385,13386,1835,Taillenweite,
13386,13387,1835,Hemdenlänge:,
13387,13388,1835,bei Armlänge normal,
13388,13389,1836,Kragenweite,49.5
13389,13390,1836,Oberweite,
13390,13391,1836,Taillenweite,
13391,13392,1836,Hemdenlänge:,
13392,13393,1836,bei Armlänge normal,
13393,13394,1837,Kragenweite,52.0
13394,13395,1837,Oberweite,
13395,13396,1837,Taillenweite,
13396,13397,1837,Hemdenlänge:,
13397,13398,1837,bei Armlänge normal,
13398,13399,1838,Kragenweite,54.0
13399,13400,1838,Oberweite,
13400,13401,1838,Taillenweite,
13401,13402,1838,Hemdenlänge:,
13402,13403,1838,bei Armlänge normal,
13403,13404,1839,Kragenweite,36.0
13404,13405,1839,Oberweite,
13405,13406,1839,Taillenweite,
13406,13407,1839,Hemdenlänge:,
13407,13408,1839,bei Armlänge normal,
13408,13409,1840,Kragenweite,37.5
13409,13410,1840,Oberweite,102.0
13410,13411,1840,Taillenweite,91.0
13411,13412,1840,Hemdenlänge:,
13412,13413,1840,bei Armlänge normal,78.0
13413,13414,1841,Kragenweite,39.5
13414,13415,1841,Oberweite,108.0
13415,13416,1841,Taillenweite,97.0
13416,13417,1841,Hemdenlänge:,
13417,13418,1841,bei Armlänge normal,79.0
13418,13419,1842,Kragenweite,41.5
13419,13420,1842,Oberweite,114.0
13420,13421,1842,Taillenweite,103.0
13421,13422,1842,Hemdenlänge:,
13422,13423,1842,bei Armlänge normal,81.0
13423,13424,1843,Kragenweite,43.5
13424,13425,1843,Oberweite,120.0
13425,13426,1843,Taillenweite,109.0
13426,13427,1843,Hemdenlänge:,
13427,13428,1843,bei Armlänge normal,82.0
13428,13429,1844,Kragenweite,45.5
13429,13430,1844,Oberweite,126.0
13430,13431,1844,Taillenweite,115.0
13431,13432,1844,Hemdenlänge:,
13432,13433,1844,bei Armlänge normal,84.0
13433,13434,1845,Kragenweite,47.5
13434,13435,1845,Oberweite,
13435,13436,1845,Taillenweite,
13436,13437,1845,Hemdenlänge:,
13437,13438,1845,bei Armlänge normal,
13438,13439,1846,Kragenweite,49.5
13439,13440,1846,Oberweite,
13440,13441,1846,Taillenweite,
13441,13442,1846,Hemdenlänge:,
13442,13443,1846,bei Armlänge normal,
13443,13444,1847,Kragenweite,52.0
13444,13445,1847,Oberweite,
13445,13446,1847,Taillenweite,
13446,13447,1847,Hemdenlänge:,
13447,13448,1847,bei Armlänge normal,
13448,13449,1848,Kragenweite,54.0
13449,13450,1848,Oberweite,
13450,13451,1848,Taillenweite,
13451,13452,1848,Hemdenlänge:,
13452,13453,1848,bei Armlänge normal,
13453,13454,1849,Kragenweite,36.0
13454,13455,1849,Oberweite,
13455,13456,1849,Taillenweite,
13456,13457,1849,Schulterbreite,
13457,13458,1849,Hemdenlänge:,
13458,13459,1849,bei Armlänge normal,
13459,13460,1849,bei Armlänge extra lang,
13460,13461,1850,Kragenweite,37.5
13461,13462,1850,Oberweite,102.0
13462,13463,1850,Taillenweite,92.0
13463,13464,1850,Schulterbreite,162.0
13464,13465,1850,Hemdenlänge:,
13465,13466,1850,bei Armlänge normal,80.0
13466,13467,1850,bei Armlänge extra lang,90.0
13467,13468,1851,Kragenweite,39.5
13468,13469,1851,Oberweite,110.0
13469,13470,1851,Taillenweite,98.0
13470,13471,1851,Schulterbreite,17.0
13471,13472,1851,Hemdenlänge:,
13472,13473,1851,bei Armlänge normal,80.0
13473,13474,1851,bei Armlänge extra lang,90.0
13474,13475,1852,Kragenweite,41.5
13475,13476,1852,Oberweite,116.0
13476,13477,1852,Taillenweite,104.0
13477,13478,1852,Schulterbreite,178.0
13478,13479,1852,Hemdenlänge:,
13479,13480,1852,bei Armlänge normal,80.0
13480,13481,1852,bei Armlänge extra lang,90.0
13481,13482,1853,Kragenweite,43.5
13482,13483,1853,Oberweite,124.0
13483,13484,1853,Taillenweite,112.0
13484,13485,1853,Schulterbreite,186.0
13485,13486,1853,Hemdenlänge:,
13486,13487,1853,bei Armlänge normal,82.0
13487,13488,1853,bei Armlänge extra lang,90.0
13488,13489,1854,Kragenweite,45.5
13489,13490,1854,Oberweite,134.0
13490,13491,1854,Taillenweite,122.0
13491,13492,1854,Schulterbreite,194.0
13492,13493,1854,Hemdenlänge:,
13493,13494,1854,bei Armlänge normal,85.0
13494,13495,1854,bei Armlänge extra lang,90.0
13495,13496,1855,Kragenweite,47.5
13496,13497,1855,Oberweite,
13497,13498,1855,Taillenweite,
13498,13499,1855,Schulterbreite,
13499,13500,1855,Hemdenlänge:,
13500,13501,1855,bei Armlänge normal,
13501,13502,1855,bei Armlänge extra lang,
13502,13503,1856,Kragenweite,49.5
13503,13504,1856,Oberweite,
13504,13505,1856,Taillenweite,
13505,13506,1856,Schulterbreite,
13506,13507,1856,Hemdenlänge:,
13507,13508,1856,bei Armlänge normal,
13508,13509,1856,bei Armlänge extra lang,
13509,13510,1857,Kragenweite,52.0
13510,13511,1857,Oberweite,
13511,13512,1857,Taillenweite,
13512,13513,1857,Schulterbreite,
13513,13514,1857,Hemdenlänge:,
13514,13515,1857,bei Armlänge normal,
13515,13516,1857,bei Armlänge extra lang,
13516,13517,1858,Kragenweite,54.0
13517,13518,1858,Oberweite,
13518,13519,1858,Taillenweite,
13519,13520,1858,Schulterbreite,
13520,13521,1858,Hemdenlänge:,
13521,13522,1858,bei Armlänge normal,
13522,13523,1858,bei Armlänge extra lang,
13523,13524,1859,Kragenweite,36.0
13524,13525,1859,Oberweite,102.0
13525,13526,1859,Taillenweite,98.0
13526,13527,1859,Schulterbreite,145.0
13527,13528,1859,Hemdenlänge:,
13528,13529,1859,bei Armlänge normal,81.0
13529,13530,1859,bei Armlänge extra lang,88.0
13530,13531,1860,Kragenweite,37.5
13531,13532,1860,Oberweite,110.0
13532,13533,1860,Taillenweite,106.0
13533,13534,1860,Schulterbreite,153.0
13534,13535,1860,Hemdenlänge:,
13535,13536,1860,bei Armlänge normal,82.0
13536,13537,1860,bei Armlänge extra lang,89.0
13537,13538,1861,Kragenweite,39.5
13538,13539,1861,Oberweite,118.0
13539,13540,1861,Taillenweite,114.0
13540,13541,1861,Schulterbreite,16.0
13541,13542,1861,Hemdenlänge:,
13542,13543,1861,bei Armlänge normal,82.0
13543,13544,1861,bei Armlänge extra lang,89.0
13544,13545,1862,Kragenweite,41.5
13545,13546,1862,Oberweite,126.0
13546,13547,1862,Taillenweite,122.0
13547,13548,1862,Schulterbreite,168.0
13548,13549,1862,Hemdenlänge:,
13549,13550,1862,bei Armlänge normal,83.0
13550,13551,1862,bei Armlänge extra lang,90.0
13551,13552,1863,Kragenweite,43.5
13552,13553,1863,Oberweite,134.0
13553,13554,1863,Taillenweite,134.0
13554,13555,1863,Schulterbreite,175.0
13555,13556,1863,Hemdenlänge:,
13556,13557,1863,bei Armlänge normal,85.0
13557,13558,1863,bei Armlänge extra lang,92.0
13558,13559,1864,Kragenweite,45.5
13559,13560,1864,Oberweite,144.0
13560,13561,1864,Taillenweite,144.0
13561,13562,1864,Schulterbreite,189.0
13562,13563,1864,Hemdenlänge:,
13563,13564,1864,bei Armlänge normal,88.0
13564,13565,1864,bei Armlänge extra lang,95.0
13565,13566,1865,Kragenweite,47.5
13566,13567,1865,Oberweite,154.0
13567,13568,1865,Taillenweite,154.0
13568,13569,1865,Schulterbreite,199.0
13569,13570,1865,Hemdenlänge:,
13570,13571,1865,bei Armlänge normal,90.0
13571,13572,1865,bei Armlänge extra lang,95.0
13572,13573,1866,Kragenweite,49.5
13573,13574,1866,Oberweite,164.0
13574,13575,1866,Taillenweite,164.0
13575,13576,1866,Schulterbreite,209.0
13576,13577,1866,Hemdenlänge:,
13577,13578,1866,bei Armlänge normal,90.0
13578,13579,1866,bei Armlänge extra lang,95.0
13579,13580,1867,Kragenweite,52.0
13580,13581,1867,Oberweite,170.0
13581,13582,1867,Taillenweite,172.0
13582,13583,1867,Schulterbreite,219.0
13583,13584,1867,Hemdenlänge:,
13584,13585,1867,bei Armlänge normal,93.0
13585,13586,1867,bei Armlänge extra lang,95.0
13586,13587,1868,Kragenweite,54.0
13587,13588,1868,Oberweite,180.0
13588,13589,1868,Taillenweite,182.0
13589,13590,1868,Schulterbreite,229.0
13590,13591,1868,Hemdenlänge:,
13591,13592,1868,bei Armlänge normal,93.0
13592,13593,1868,bei Armlänge extra lang,95.0
13593,13594,1869,Kragenweite,56.0
13594,13595,1869,Oberweite,192.0
13595,13596,1869,Taillenweite,194.0
13596,13597,1869,Schulterbreite,237.0
13597,13598,1869,Hemdenlänge:,
13598,13599,1869,bei Armlänge normal,93.0
13599,13600,1869,bei Armlänge extra lang,95.0
13600,13601,1870,Kragenweite,36.0
13601,13602,1870,Oberweite,102.0
13602,13603,1870,Taillenweite,96.0
13603,13604,1870,Hemdenlänge:,
13604,13605,1870,bei Armlänge normal,76.0
13605,13606,1871,Kragenweite,37.5
13606,13607,1871,Oberweite,108.0
13607,13608,1871,Taillenweite,100.0
13608,13609,1871,Hemdenlänge:,
13609,13610,1871,bei Armlänge normal,78.0
13610,13611,1872,Kragenweite,39.5
13611,13612,1872,Oberweite,114.0
13612,13613,1872,Taillenweite,104.0
13613,13614,1872,Hemdenlänge:,
13614,13615,1872,bei Armlänge normal,80.0
13615,13616,1873,Kragenweite,41.5
13616,13617,1873,Oberweite,120.0
13617,13618,1873,Taillenweite,112.0
13618,13619,1873,Hemdenlänge:,
13619,13620,1873,bei Armlänge normal,80.0
13620,13621,1874,Kragenweite,43.5
13621,13622,1874,Oberweite,130.0
13622,13623,1874,Taillenweite,120.0
13623,13624,1874,Hemdenlänge:,
13624,13625,1874,bei Armlänge normal,83.0
13625,13626,1875,Kragenweite,45.5
13626,13627,1875,Oberweite,138.0
13627,13628,1875,Taillenweite,130.0
13628,13629,1875,Hemdenlänge:,
13629,13630,1875,bei Armlänge normal,85.0
13630,13631,1876,Kragenweite,47.5
13631,13632,1876,Oberweite,
13632,13633,1876,Taillenweite,
13633,13634,1876,Hemdenlänge:,
13634,13635,1876,bei Armlänge normal,
13635,13636,1877,Kragenweite,49.5
13636,13637,1877,Oberweite,
13637,13638,1877,Taillenweite,
13638,13639,1877,Hemdenlänge:,
13639,13640,1877,bei Armlänge normal,
13640,13641,1878,Kragenweite,52.0
13641,13642,1878,Oberweite,
13642,13643,1878,Taillenweite,
13643,13644,1878,Hemdenlänge:,
13644,13645,1878,bei Armlänge normal,
13645,13646,1879,Kragenweite,54.0
13646,13647,1879,Oberweite,
13647,13648,1879,Taillenweite,
13648,13649,1879,Hemdenlänge:,
13649,13650,1879,bei Armlänge normal,
13650,13651,1880,Kragenweite,36.0
13651,13652,1880,Oberweite,
13652,13653,1880,Taillenweite,
13653,13654,1881,Kragenweite,37.5
13654,13655,1881,Oberweite,105.0
13655,13656,1881,Taillenweite,92.0
13656,13657,1882,Kragenweite,39.5
13657,13658,1882,Oberweite,111.0
13658,13659,1882,Taillenweite,98.0
13659,13660,1883,Kragenweite,41.5
13660,13661,1883,Oberweite,117.0
13661,13662,1883,Taillenweite,104.0
13662,13663,1884,Kragenweite,43.5
13663,13664,1884,Oberweite,123.0
13664,13665,1884,Taillenweite,110.0
13665,13666,1885,Kragenweite,45.5
13666,13667,1885,Oberweite,129.0
13667,13668,1885,Taillenweite,118.0
13668,13669,1886,Kragenweite,47.5
13669,13670,1886,Oberweite,
13670,13671,1886,Taillenweite,
13671,13672,1887,Kragenweite,49.5
13672,13673,1887,Oberweite,
13673,13674,1887,Taillenweite,
13674,13675,1888,Kragenweite,52.0
13675,13676,1888,Oberweite,
13676,13677,1888,Taillenweite,
13677,13678,1889,Kragenweite,54.0
13678,13679,1889,Oberweite,
13679,13680,1889,Taillenweite,
13680,13681,1890,Kragenweite,36.0
13681,13682,1890,Oberweite,
13682,13683,1890,Taillenweite,
13683,13684,1890,Hemdenlänge:,
13684,13685,1890,bei Armlänge normal,
13685,13686,1891,Kragenweite,37.5
13686,13687,1891,Oberweite,110.0
13687,13688,1891,Taillenweite,105.0
13688,13689,1891,Hemdenlänge:,
13689,13690,1891,bei Armlänge normal,79.0
13690,13691,1892,Kragenweite,39.5
13691,13692,1892,Oberweite,117.0
13692,13693,1892,Taillenweite,112.0
13693,13694,1892,Hemdenlänge:,
13694,13695,1892,bei Armlänge normal,81.0
13695,13696,1893,Kragenweite,41.5
13696,13697,1893,Oberweite,125.0
13697,13698,1893,Taillenweite,120.0
13698,13699,1893,Hemdenlänge:,
13699,13700,1893,bei Armlänge normal,83.0
13700,13701,1894,Kragenweite,43.5
13701,13702,1894,Oberweite,132.0
13702,13703,1894,Taillenweite,129.0
13703,13704,1894,Hemdenlänge:,
13704,13705,1894,bei Armlänge normal,84.0
13705,13706,1895,Kragenweite,45.5
13706,13707,1895,Oberweite,139.0
13707,13708,1895,Taillenweite,137.0
13708,13709,1895,Hemdenlänge:,
13709,13710,1895,bei Armlänge normal,85.0
13710,13711,1896,Kragenweite,47.5
13711,13712,1896,Oberweite,146.0
13712,13713,1896,Taillenweite,145.0
13713,13714,1896,Hemdenlänge:,
13714,13715,1896,bei Armlänge normal,87.0
13715,13716,1897,Kragenweite,49.5
13716,13717,1897,Oberweite,153.0
13717,13718,1897,Taillenweite,153.0
13718,13719,1897,Hemdenlänge:,
13719,13720,1897,bei Armlänge normal,89.0
13720,13721,1898,Kragenweite,52.0
13721,13722,1898,Oberweite,160.0
13722,13723,1898,Taillenweite,161.0
13723,13724,1898,Hemdenlänge:,
13724,13725,1898,bei Armlänge normal,90.0
13725,13726,1899,Kragenweite,54.0
13726,13727,1899,Oberweite,
13727,13728,1899,Taillenweite,
13728,13729,1899,Hemdenlänge:,
13729,13730,1899,bei Armlänge normal,
13730,13731,1900,Kragenweite,36.0
13731,13732,1900,Oberweite,100.0
13732,13733,1900,Taillenweite,88.0
13733,13734,1900,Schulterbreite,143.0
13734,13735,1900,Hemdenlänge:,
13735,13736,1900,bei Armlänge normal,77.0
13736,13737,1900,bei Armlänge extra lang,85.0
13737,13738,1901,Kragenweite,37.5
13738,13739,1901,Oberweite,108.0
13739,13740,1901,Taillenweite,98.0
13740,13741,1901,Schulterbreite,15.0
13741,13742,1901,Hemdenlänge:,
13742,13743,1901,bei Armlänge normal,78.0
13743,13744,1901,bei Armlänge extra lang,86.0
13744,13745,1902,Kragenweite,39.5
13745,13746,1902,Oberweite,116.0
13746,13747,1902,Taillenweite,106.0
13747,13748,1902,Schulterbreite,158.0
13748,13749,1902,Hemdenlänge:,
13749,13750,1902,bei Armlänge normal,80.0
13750,13751,1902,bei Armlänge extra lang,88.0
13751,13752,1903,Kragenweite,41.5
13752,13753,1903,Oberweite,124.0
13753,13754,1903,Taillenweite,114.0
13754,13755,1903,Schulterbreite,165.0
13755,13756,1903,Hemdenlänge:,
13756,13757,1903,bei Armlänge normal,82.0
13757,13758,1903,bei Armlänge extra lang,90.0
13758,13759,1904,Kragenweite,43.5
13759,13760,1904,Oberweite,132.0
13760,13761,1904,Taillenweite,126.0
13761,13762,1904,Schulterbreite,173.0
13762,13763,1904,Hemdenlänge:,
13763,13764,1904,bei Armlänge normal,84.0
13764,13765,1904,bei Armlänge extra lang,92.0
13765,13766,1905,Kragenweite,45.5
13766,13767,1905,Oberweite,140.0
13767,13768,1905,Taillenweite,134.0
13768,13769,1905,Schulterbreite,181.0
13769,13770,1905,Hemdenlänge:,
13770,13771,1905,bei Armlänge normal,86.0
13771,13772,1905,bei Armlänge extra lang,94.0
13772,13773,1906,Kragenweite,47.5
13773,13774,1906,Oberweite,148.0
13774,13775,1906,Taillenweite,144.0
13775,13776,1906,Schulterbreite,189.0
13776,13777,1906,Hemdenlänge:,
13777,13778,1906,bei Armlänge normal,90.0
13778,13779,1906,bei Armlänge extra lang,95.0
13779,13780,1907,Kragenweite,49.5
13780,13781,1907,Oberweite,
13781,13782,1907,Taillenweite,
13782,13783,1907,Schulterbreite,
13783,13784,1907,Hemdenlänge:,
13784,13785,1907,bei Armlänge normal,
13785,13786,1907,bei Armlänge extra lang,
13786,13787,1908,Kragenweite,52.0
13787,13788,1908,Oberweite,
13788,13789,1908,Taillenweite,
13789,13790,1908,Schulterbreite,
13790,13791,1908,Hemdenlänge:,
13791,13792,1908,bei Armlänge normal,
13792,13793,1908,bei Armlänge extra lang,
13793,13794,1909,Kragenweite,54.0
13794,13795,1909,Oberweite,
13795,13796,1909,Taillenweite,
13796,13797,1909,Schulterbreite,
13797,13798,1909,Hemdenlänge:,
13798,13799,1909,bei Armlänge normal,
13799,13800,1909,bei Armlänge extra lang,
13800,13801,1910,Kragenweite,36.0
13801,13802,1910,Oberweite,
13802,13803,1910,Taillenweite,
13803,13804,1910,Schulterbreite,
13804,13805,1910,Hemdenlänge:,
13805,13806,1910,bei Armlänge extra kurz,
13806,13807,1910,bei Armlänge normal,
13807,13808,1910,bei Armlänge extra lang,
13808,13809,1911,Kragenweite,37.5
13809,13810,1911,Oberweite,110.0
13810,13811,1911,Taillenweite,102.0
13811,13812,1911,Schulterbreite,162.0
13812,13813,1911,Hemdenlänge:,
13813,13814,1911,bei Armlänge extra kurz,80.0
13814,13815,1911,bei Armlänge normal,80.0
13815,13816,1911,bei Armlänge extra lang,90.0
13816,13817,1912,Kragenweite,39.5
13817,13818,1912,Oberweite,116.0
13818,13819,1912,Taillenweite,106.0
13819,13820,1912,Schulterbreite,17.0
13820,13821,1912,Hemdenlänge:,
13821,13822,1912,bei Armlänge extra kurz,80.0
13822,13823,1912,bei Armlänge normal,80.0
13823,13824,1912,bei Armlänge extra lang,90.0
13824,13825,1913,Kragenweite,41.5
13825,13826,1913,Oberweite,122.0
13826,13827,1913,Taillenweite,114.0
13827,13828,1913,Schulterbreite,178.0
13828,13829,1913,Hemdenlänge:,
13829,13830,1913,bei Armlänge extra kurz,80.0
13830,13831,1913,bei Armlänge normal,80.0
13831,13832,1913,bei Armlänge extra lang,90.0
13832,13833,1914,Kragenweite,43.5
13833,13834,1914,Oberweite,132.0
13834,13835,1914,Taillenweite,122.0
13835,13836,1914,Schulterbreite,186.0
13836,13837,1914,Hemdenlänge:,
13837,13838,1914,bei Armlänge extra kurz,80.0
13838,13839,1914,bei Armlänge normal,82.0
13839,13840,1914,bei Armlänge extra lang,90.0
13840,13841,1915,Kragenweite,45.5
13841,13842,1915,Oberweite,138.0
13842,13843,1915,Taillenweite,130.0
13843,13844,1915,Schulterbreite,194.0
13844,13845,1915,Hemdenlänge:,
13845,13846,1915,bei Armlänge extra kurz,80.0
13846,13847,1915,bei Armlänge normal,85.0
13847,13848,1915,bei Armlänge extra lang,90.0
13848,13849,1916,Kragenweite,47.5
13849,13850,1916,Oberweite,146.0
13850,13851,1916,Taillenweite,138.0
13851,13852,1916,Schulterbreite,202.0
13852,13853,1916,Hemdenlänge:,
13853,13854,1916,bei Armlänge extra kurz,80.0
13854,13855,1916,bei Armlänge normal,90.0
13855,13856,1916,bei Armlänge extra lang,90.0
13856,13857,1917,Kragenweite,49.5
13857,13858,1917,Oberweite,
13858,13859,1917,Taillenweite,
13859,13860,1917,Schulterbreite,
13860,13861,1917,Hemdenlänge:,
13861,13862,1917,bei Armlänge extra kurz,
13862,13863,1917,bei Armlänge normal,
13863,13864,1917,bei Armlänge extra lang,
13864,13865,1918,Kragenweite,52.0
13865,13866,1918,Oberweite,
13866,13867,1918,Taillenweite,
13867,13868,1918,Schulterbreite,
13868,13869,1918,Hemdenlänge:,
13869,13870,1918,bei Armlänge extra kurz,
13870,13871,1918,bei Armlänge normal,
13871,13872,1918,bei Armlänge extra lang,
13872,13873,1919,Kragenweite,54.0
13873,13874,1919,Oberweite,
13874,13875,1919,Taillenweite,
13875,13876,1919,Schulterbreite,
13876,13877,1919,Hemdenlänge:,
13877,13878,1919,bei Armlänge extra kurz,
13878,13879,1919,bei Armlänge normal,
13879,13880,1919,bei Armlänge extra lang,
13880,13881,1920,Kragenweite,36.0
13881,13882,1920,Oberweite,
13882,13883,1920,Taillenweite,
13883,13884,1920,Schulterbreite,
13884,13885,1920,Hemdenlänge:,
13885,13886,1920,bei Armlänge extra kurz,
13886,13887,1920,bei Armlänge normal,
13887,13888,1920,bei Armlänge extra lang,
13888,13889,1921,Kragenweite,37.5
13889,13890,1921,Oberweite,112.0
13890,13891,1921,Taillenweite,108.0
13891,13892,1921,Schulterbreite,17.0
13892,13893,1921,Hemdenlänge:,
13893,13894,1921,bei Armlänge extra kurz,80.0
13894,13895,1921,bei Armlänge normal,80.0
13895,13896,1921,bei Armlänge extra lang,90.0
13896,13897,1922,Kragenweite,39.5
13897,13898,1922,Oberweite,120.0
13898,13899,1922,Taillenweite,114.0
13899,13900,1922,Schulterbreite,178.0
13900,13901,1922,Hemdenlänge:,
13901,13902,1922,bei Armlänge extra kurz,80.0
13902,13903,1922,bei Armlänge normal,80.0
13903,13904,1922,bei Armlänge extra lang,90.0
13904,13905,1923,Kragenweite,41.5
13905,13906,1923,Oberweite,128.0
13906,13907,1923,Taillenweite,124.0
13907,13908,1923,Schulterbreite,186.0
13908,13909,1923,Hemdenlänge:,
13909,13910,1923,bei Armlänge extra kurz,80.0
13910,13911,1923,bei Armlänge normal,80.0
13911,13912,1923,bei Armlänge extra lang,90.0
13912,13913,1924,Kragenweite,43.5
13913,13914,1924,Oberweite,134.0
13914,13915,1924,Taillenweite,134.0
13915,13916,1924,Schulterbreite,194.0
13916,13917,1924,Hemdenlänge:,
13917,13918,1924,bei Armlänge extra kurz,80.0
13918,13919,1924,bei Armlänge normal,82.0
13919,13920,1924,bei Armlänge extra lang,90.0
13920,13921,1925,Kragenweite,45.5
13921,13922,1925,Oberweite,148.0
13922,13923,1925,Taillenweite,148.0
13923,13924,1925,Schulterbreite,202.0
13924,13925,1925,Hemdenlänge:,
13925,13926,1925,bei Armlänge extra kurz,80.0
13926,13927,1925,bei Armlänge normal,90.0
13927,13928,1925,bei Armlänge extra lang,90.0
13928,13929,1926,Kragenweite,47.5
13929,13930,1926,Oberweite,154.0
13930,13931,1926,Taillenweite,154.0
13931,13932,1926,Schulterbreite,21.0
13932,13933,1926,Hemdenlänge:,
13933,13934,1926,bei Armlänge extra kurz,80.0
13934,13935,1926,bei Armlänge normal,90.0
13935,13936,1926,bei Armlänge extra lang,90.0
13936,13937,1927,Kragenweite,49.5
13937,13938,1927,Oberweite,160.0
13938,13939,1927,Taillenweite,160.0
13939,13940,1927,Schulterbreite,218.0
13940,13941,1927,Hemdenlänge:,
13941,13942,1927,bei Armlänge extra kurz,80.0
13942,13943,1927,bei Armlänge normal,95.0
13943,13944,1927,bei Armlänge extra lang,95.0
13944,13945,1928,Kragenweite,52.0
13945,13946,1928,Oberweite,168.0
13946,13947,1928,Taillenweite,168.0
13947,13948,1928,Schulterbreite,226.0
13948,13949,1928,Hemdenlänge:,
13949,13950,1928,bei Armlänge extra kurz,80.0
13950,13951,1928,bei Armlänge normal,95.0
13951,13952,1928,bei Armlänge extra lang,95.0
13952,13953,1929,Kragenweite,54.0
13953,13954,1929,Oberweite,176.0
13954,13955,1929,Taillenweite,176.0
13955,13956,1929,Schulterbreite,234.0
13956,13957,1929,Hemdenlänge:,
13957,13958,1929,bei Armlänge extra kurz,80.0
13958,13959,1929,bei Armlänge normal,95.0
13959,13960,1929,bei Armlänge extra lang,95.0
13960,13961,1930,Kragenweite,36.0
13961,13962,1930,Oberweite,100.0
13962,13963,1930,Taillenweite,88.0
13963,13964,1930,Schulterbreite,143.0
13964,13965,1930,Hemdenlänge:,
13965,13966,1930,bei Armlänge normal,77.0
13966,13967,1930,bei Armlänge extra lang,85.0
13967,13968,1931,Kragenweite,37.5
13968,13969,1931,Oberweite,108.0
13969,13970,1931,Taillenweite,98.0
13970,13971,1931,Schulterbreite,15.0
13971,13972,1931,Hemdenlänge:,
13972,13973,1931,bei Armlänge normal,78.0
13973,13974,1931,bei Armlänge extra lang,86.0
13974,13975,1932,Kragenweite,39.5
13975,13976,1932,Oberweite,116.0
13976,13977,1932,Taillenweite,106.0
13977,13978,1932,Schulterbreite,158.0
13978,13979,1932,Hemdenlänge:,
13979,13980,1932,bei Armlänge normal,80.0
13980,13981,1932,bei Armlänge extra lang,88.0
13981,13982,1933,Kragenweite,41.5
13982,13983,1933,Oberweite,124.0
13983,13984,1933,Taillenweite,114.0
13984,13985,1933,Schulterbreite,165.0
13985,13986,1933,Hemdenlänge:,
13986,13987,1933,bei Armlänge normal,82.0
13987,13988,1933,bei Armlänge extra lang,90.0
13988,13989,1934,Kragenweite,43.5
13989,13990,1934,Oberweite,132.0
13990,13991,1934,Taillenweite,126.0
13991,13992,1934,Schulterbreite,173.0
13992,13993,1934,Hemdenlänge:,
13993,13994,1934,bei Armlänge normal,84.0
13994,13995,1934,bei Armlänge extra lang,92.0
13995,13996,1935,Kragenweite,45.5
13996,13997,1935,Oberweite,140.0
13997,13998,1935,Taillenweite,134.0
13998,13999,1935,Schulterbreite,181.0
13999,14000,1935,Hemdenlänge:,
14000,14001,1935,bei Armlänge normal,86.0
14001,14002,1935,bei Armlänge extra lang,94.0
14002,14003,1936,Kragenweite,47.5
14003,14004,1936,Oberweite,148.0
14004,14005,1936,Taillenweite,144.0
14005,14006,1936,Schulterbreite,189.0
14006,14007,1936,Hemdenlänge:,
14007,14008,1936,bei Armlänge normal,90.0
14008,14009,1936,bei Armlänge extra lang,95.0
14009,14010,1937,Kragenweite,49.5
14010,14011,1937,Oberweite,
14011,14012,1937,Taillenweite,
14012,14013,1937,Schulterbreite,
14013,14014,1937,Hemdenlänge:,
14014,14015,1937,bei Armlänge normal,
14015,14016,1937,bei Armlänge extra lang,
14016,14017,1938,Kragenweite,52.0
14017,14018,1938,Oberweite,
14018,14019,1938,Taillenweite,
14019,14020,1938,Schulterbreite,
14020,14021,1938,Hemdenlänge:,
14021,14022,1938,bei Armlänge normal,
14022,14023,1938,bei Armlänge extra lang,
14023,14024,1939,Kragenweite,54.0
14024,14025,1939,Oberweite,
14025,14026,1939,Taillenweite,
14026,14027,1939,Schulterbreite,
14027,14028,1939,Hemdenlänge:,
14028,14029,1939,bei Armlänge normal,
14029,14030,1939,bei Armlänge extra lang,
14030,14031,1940,Kragenweite,36.0
14031,14032,1940,Oberweite,98.0
14032,14033,1940,Taillenweite,86.0
14033,14034,1940,Rückenbreite,38.0
14034,14035,1940,Hemdenlänge:,
14035,14036,1940,bei Armlänge extra kurz,76.0
14036,14037,1940,bei Armlänge normal,76.0
14037,14038,1940,bei Armlänge extra lang,79.0
14038,14039,1941,Kragenweite,37.5
14039,14040,1941,Oberweite,104.0
14040,14041,1941,Taillenweite,92.0
14041,14042,1941,Rückenbreite,40.0
14042,14043,1941,Hemdenlänge:,
14043,14044,1941,bei Armlänge extra kurz,78.0
14044,14045,1941,bei Armlänge normal,78.0
14045,14046,1941,bei Armlänge extra lang,81.0
14046,14047,1942,Kragenweite,39.5
14047,14048,1942,Oberweite,110.0
14048,14049,1942,Taillenweite,98.0
14049,14050,1942,Rückenbreite,42.0
14050,14051,1942,Hemdenlänge:,
14051,14052,1942,bei Armlänge extra kurz,80.0
14052,14053,1942,bei Armlänge normal,80.0
14053,14054,1942,bei Armlänge extra lang,83.0
14054,14055,1943,Kragenweite,41.5
14055,14056,1943,Oberweite,116.0
14056,14057,1943,Taillenweite,104.0
14057,14058,1943,Rückenbreite,44.0
14058,14059,1943,Hemdenlänge:,
14059,14060,1943,bei Armlänge extra kurz,80.0
14060,14061,1943,bei Armlänge normal,80.0
14061,14062,1943,bei Armlänge extra lang,83.0
14062,14063,1944,Kragenweite,43.5
14063,14064,1944,Oberweite,124.0
14064,14065,1944,Taillenweite,112.0
14065,14066,1944,Rückenbreite,46.0
14066,14067,1944,Hemdenlänge:,
14067,14068,1944,bei Armlänge extra kurz,83.0
14068,14069,1944,bei Armlänge normal,83.0
14069,14070,1944,bei Armlänge extra lang,87.0
14070,14071,1945,Kragenweite,45.5
14071,14072,1945,Oberweite,132.0
14072,14073,1945,Taillenweite,120.0
14073,14074,1945,Rückenbreite,48.0
14074,14075,1945,Hemdenlänge:,
14075,14076,1945,bei Armlänge extra kurz,85.0
14076,14077,1945,bei Armlänge normal,85.0
14077,14078,1945,bei Armlänge extra lang,89.0
14078,14079,1946,Kragenweite,47.5
14079,14080,1946,Oberweite,
14080,14081,1946,Taillenweite,
14081,14082,1946,Rückenbreite,
14082,14083,1946,Hemdenlänge:,
14083,14084,1946,bei Armlänge extra kurz,
14084,14085,1946,bei Armlänge normal,
14085,14086,1946,bei Armlänge extra lang,
14086,14087,1947,Kragenweite,49.5
14087,14088,1947,Oberweite,
14088,14089,1947,Taillenweite,
14089,14090,1947,Rückenbreite,
14090,14091,1947,Hemdenlänge:,
14091,14092,1947,bei Armlänge extra kurz,
14092,14093,1947,bei Armlänge normal,
14093,14094,1947,bei Armlänge extra lang,
14094,14095,1948,Kragenweite,52.0
14095,14096,1948,Oberweite,
14096,14097,1948,Taillenweite,
14097,14098,1948,Rückenbreite,
14098,14099,1948,Hemdenlänge:,
14099,14100,1948,bei Armlänge extra kurz,
14100,14101,1948,bei Armlänge normal,
14101,14102,1948,bei Armlänge extra lang,
14102,14103,1949,Kragenweite,54.0
14103,14104,1949,Oberweite,
14104,14105,1949,Taillenweite,
14105,14106,1949,Rückenbreite,
14106,14107,1949,Hemdenlänge:,
14107,14108,1949,bei Armlänge extra kurz,
14108,14109,1949,bei Armlänge normal,
14109,14110,1949,bei Armlänge extra lang,
14110,14111,1950,Kragenweite,36.0
14111,14112,1950,Oberweite,
14112,14113,1950,Taillenweite,
14113,14114,1950,Hemdenlänge:,
14114,14115,1950,bei Armlänge normal,
14115,14116,1951,Kragenweite,37.5
14116,14117,1951,Oberweite,102.0
14117,14118,1951,Taillenweite,91.0
14118,14119,1951,Hemdenlänge:,
14119,14120,1951,bei Armlänge normal,78.0
14120,14121,1952,Kragenweite,39.5
14121,14122,1952,Oberweite,108.0
14122,14123,1952,Taillenweite,97.0
14123,14124,1952,Hemdenlänge:,
14124,14125,1952,bei Armlänge normal,79.0
14125,14126,1953,Kragenweite,41.5
14126,14127,1953,Oberweite,114.0
14127,14128,1953,Taillenweite,103.0
14128,14129,1953,Hemdenlänge:,
14129,14130,1953,bei Armlänge normal,81.0
14130,14131,1954,Kragenweite,43.5
14131,14132,1954,Oberweite,120.0
14132,14133,1954,Taillenweite,109.0
14133,14134,1954,Hemdenlänge:,
14134,14135,1954,bei Armlänge normal,82.0
14135,14136,1955,Kragenweite,45.5
14136,14137,1955,Oberweite,126.0
14137,14138,1955,Taillenweite,115.0
14138,14139,1955,Hemdenlänge:,
14139,14140,1955,bei Armlänge normal,84.0
14140,14141,1956,Kragenweite,47.5
14141,14142,1956,Oberweite,
14142,14143,1956,Taillenweite,
14143,14144,1956,Hemdenlänge:,
14144,14145,1956,bei Armlänge normal,
14145,14146,1957,Kragenweite,49.5
14146,14147,1957,Oberweite,
14147,14148,1957,Taillenweite,
14148,14149,1957,Hemdenlänge:,
14149,14150,1957,bei Armlänge normal,
14150,14151,1958,Kragenweite,52.0
14151,14152,1958,Oberweite,
14152,14153,1958,Taillenweite,
14153,14154,1958,Hemdenlänge:,
14154,14155,1958,bei Armlänge normal,
14155,14156,1959,Kragenweite,54.0
14156,14157,1959,Oberweite,
14157,14158,1959,Taillenweite,
14158,14159,1959,Hemdenlänge:,
14159,14160,1959,bei Armlänge normal,
14160,14161,1960,Kragenweite,36.0
14161,14162,1960,Oberweite,
14162,14163,1960,Taillenweite,
14163,14164,1960,Hemdenlänge:,
14164,14165,1960,bei Armlänge normal,
14165,14166,1961,Kragenweite,37.5
14166,14167,1961,Oberweite,102.0
14167,14168,1961,Taillenweite,91.0
14168,14169,1961,Hemdenlänge:,
14169,14170,1961,bei Armlänge normal,78.0
14170,14171,1962,Kragenweite,39.5
14171,14172,1962,Oberweite,108.0
14172,14173,1962,Taillenweite,97.0
14173,14174,1962,Hemdenlänge:,
14174,14175,1962,bei Armlänge normal,79.0
14175,14176,1963,Kragenweite,41.5
14176,14177,1963,Oberweite,114.0
14177,14178,1963,Taillenweite,103.0
14178,14179,1963,Hemdenlänge:,
14179,14180,1963,bei Armlänge normal,81.0
14180,14181,1964,Kragenweite,43.5
14181,14182,1964,Oberweite,120.0
14182,14183,1964,Taillenweite,109.0
14183,14184,1964,Hemdenlänge:,
14184,14185,1964,bei Armlänge normal,82.0
14185,14186,1965,Kragenweite,45.5
14186,14187,1965,Oberweite,126.0
14187,14188,1965,Taillenweite,115.0
14188,14189,1965,Hemdenlänge:,
14189,14190,1965,bei Armlänge normal,84.0
14190,14191,1966,Kragenweite,47.5
14191,14192,1966,Oberweite,
14192,14193,1966,Taillenweite,
14193,14194,1966,Hemdenlänge:,
14194,14195,1966,bei Armlänge normal,
14195,14196,1967,Kragenweite,49.5
14196,14197,1967,Oberweite,
14197,14198,1967,Taillenweite,
14198,14199,1967,Hemdenlänge:,
14199,14200,1967,bei Armlänge normal,
14200,14201,1968,Kragenweite,52.0
14201,14202,1968,Oberweite,
14202,14203,1968,Taillenweite,
14203,14204,1968,Hemdenlänge:,
14204,14205,1968,bei Armlänge normal,
14205,14206,1969,Kragenweite,54.0
14206,14207,1969,Oberweite,
14207,14208,1969,Taillenweite,
14208,14209,1969,Hemdenlänge:,
14209,14210,1969,bei Armlänge normal,
14210,14211,1970,Kragenweite,36.0
14211,14212,1970,Oberweite,
14212,14213,1970,Taillenweite,
14213,14214,1970,Hemdenlänge:,
14214,14215,1970,bei Armlänge normal,
14215,14216,1971,Kragenweite,37.5
14216,14217,1971,Oberweite,102.0
14217,14218,1971,Taillenweite,91.0
14218,14219,1971,Hemdenlänge:,
14219,14220,1971,bei Armlänge normal,78.0
14220,14221,1972,Kragenweite,39.5
14221,14222,1972,Oberweite,108.0
14222,14223,1972,Taillenweite,97.0
14223,14224,1972,Hemdenlänge:,
14224,14225,1972,bei Armlänge normal,79.0
14225,14226,1973,Kragenweite,41.5
14226,14227,1973,Oberweite,114.0
14227,14228,1973,Taillenweite,103.0
14228,14229,1973,Hemdenlänge:,
14229,14230,1973,bei Armlänge normal,81.0
14230,14231,1974,Kragenweite,43.5
14231,14232,1974,Oberweite,120.0
14232,14233,1974,Taillenweite,109.0
14233,14234,1974,Hemdenlänge:,
14234,14235,1974,bei Armlänge normal,82.0
14235,14236,1975,Kragenweite,45.5
14236,14237,1975,Oberweite,126.0
14237,14238,1975,Taillenweite,115.0
14238,14239,1975,Hemdenlänge:,
14239,14240,1975,bei Armlänge normal,84.0
14240,14241,1976,Kragenweite,47.5
14241,14242,1976,Oberweite,
14242,14243,1976,Taillenweite,
14243,14244,1976,Hemdenlänge:,
14244,14245,1976,bei Armlänge normal,
14245,14246,1977,Kragenweite,49.5
14246,14247,1977,Oberweite,
14247,14248,1977,Taillenweite,
14248,14249,1977,Hemdenlänge:,
14249,14250,1977,bei Armlänge normal,
14250,14251,1978,Kragenweite,52.0
14251,14252,1978,Oberweite,
14252,14253,1978,Taillenweite,
14253,14254,1978,Hemdenlänge:,
14254,14255,1978,bei Armlänge normal,
14255,14256,1979,Kragenweite,54.0
14256,14257,1979,Oberweite,
14257,14258,1979,Taillenweite,
14258,14259,1979,Hemdenlänge:,
14259,14260,1979,bei Armlänge normal,
14260,14261,1980,Kragenweite,36.0
14261,14262,1980,Oberweite,
14262,14263,1980,Taillenweite,
14263,14264,1980,Hemdenlänge:,
14264,14265,1980,bei Armlänge normal,
14265,14266,1981,Kragenweite,37.5
14266,14267,1981,Oberweite,108.0
14267,14268,1981,Taillenweite,100.0
14268,14269,1981,Hemdenlänge:,
14269,14270,1981,bei Armlänge normal,79.0
14270,14271,1982,Kragenweite,39.5
14271,14272,1982,Oberweite,114.0
14272,14273,1982,Taillenweite,106.0
14273,14274,1982,Hemdenlänge:,
14274,14275,1982,bei Armlänge normal,81.0
14275,14276,1983,Kragenweite,41.5
14276,14277,1983,Oberweite,120.0
14277,14278,1983,Taillenweite,112.0
14278,14279,1983,Hemdenlänge:,
14279,14280,1983,bei Armlänge normal,83.0
14280,14281,1984,Kragenweite,43.5
14281,14282,1984,Oberweite,126.0
14282,14283,1984,Taillenweite,118.0
14283,14284,1984,Hemdenlänge:,
14284,14285,1984,bei Armlänge normal,84.0
14285,14286,1985,Kragenweite,45.5
14286,14287,1985,Oberweite,132.0
14287,14288,1985,Taillenweite,124.0
14288,14289,1985,Hemdenlänge:,
14289,14290,1985,bei Armlänge normal,85.0
14290,14291,1986,Kragenweite,47.5
14291,14292,1986,Oberweite,138.0
14292,14293,1986,Taillenweite,130.0
14293,14294,1986,Hemdenlänge:,
14294,14295,1986,bei Armlänge normal,87.0
14295,14296,1987,Kragenweite,49.5
14296,14297,1987,Oberweite,
14297,14298,1987,Taillenweite,
14298,14299,1987,Hemdenlänge:,
14299,14300,1987,bei Armlänge normal,
14300,14301,1988,Kragenweite,52.0
14301,14302,1988,Oberweite,
14302,14303,1988,Taillenweite,
14303,14304,1988,Hemdenlänge:,
14304,14305,1988,bei Armlänge normal,
14305,14306,1989,Kragenweite,54.0
14306,14307,1989,Oberweite,
14307,14308,1989,Taillenweite,
14308,14309,1989,Hemdenlänge:,
14309,14310,1989,bei Armlänge normal,
14310,14311,1990,Kragenweite,36.0
14311,14312,1990,Oberweite,
14312,14313,1990,Taillenweite,
14313,14314,1990,Schulterbreite,
14314,14315,1990,Hemdenlänge:,
14315,14316,1990,bei Armlänge normal,
14316,14317,1990,bei Armlänge extra lang,
14317,14318,1991,Kragenweite,37.5
14318,14319,1991,Oberweite,102.0
14319,14320,1991,Taillenweite,92.0
14320,14321,1991,Schulterbreite,162.0
14321,14322,1991,Hemdenlänge:,
14322,14323,1991,bei Armlänge normal,80.0
14323,14324,1991,bei Armlänge extra lang,90.0
14324,14325,1992,Kragenweite,39.5
14325,14326,1992,Oberweite,110.0
14326,14327,1992,Taillenweite,98.0
14327,14328,1992,Schulterbreite,17.0
14328,14329,1992,Hemdenlänge:,
14329,14330,1992,bei Armlänge normal,80.0
14330,14331,1992,bei Armlänge extra lang,90.0
14331,14332,1993,Kragenweite,41.5
14332,14333,1993,Oberweite,116.0
14333,14334,1993,Taillenweite,104.0
14334,14335,1993,Schulterbreite,178.0
14335,14336,1993,Hemdenlänge:,
14336,14337,1993,bei Armlänge normal,80.0
14337,14338,1993,bei Armlänge extra lang,90.0
14338,14339,1994,Kragenweite,43.5
14339,14340,1994,Oberweite,124.0
14340,14341,1994,Taillenweite,112.0
14341,14342,1994,Schulterbreite,186.0
14342,14343,1994,Hemdenlänge:,
14343,14344,1994,bei Armlänge normal,82.0
14344,14345,1994,bei Armlänge extra lang,90.0
14345,14346,1995,Kragenweite,45.5
14346,14347,1995,Oberweite,134.0
14347,14348,1995,Taillenweite,122.0
14348,14349,1995,Schulterbreite,194.0
14349,14350,1995,Hemdenlänge:,
14350,14351,1995,bei Armlänge normal,85.0
14351,14352,1995,bei Armlänge extra lang,90.0
14352,14353,1996,Kragenweite,47.5
14353,14354,1996,Oberweite,
14354,14355,1996,Taillenweite,
14355,14356,1996,Schulterbreite,
14356,14357,1996,Hemdenlänge:,
14357,14358,1996,bei Armlänge normal,
14358,14359,1996,bei Armlänge extra lang,
14359,14360,1997,Kragenweite,49.5
14360,14361,1997,Oberweite,
14361,14362,1997,Taillenweite,
14362,14363,1997,Schulterbreite,
14363,14364,1997,Hemdenlänge:,
14364,14365,1997,bei Armlänge normal,
14365,14366,1997,bei Armlänge extra lang,
14366,14367,1998,Kragenweite,52.0
14367,14368,1998,Oberweite,
14368,14369,1998,Taillenweite,
14369,14370,1998,Schulterbreite,
14370,14371,1998,Hemdenlänge:,
14371,14372,1998,bei Armlänge normal,
14372,14373,1998,bei Armlänge extra lang,
14373,14374,1999,Kragenweite,54.0
14374,14375,1999,Oberweite,
14375,14376,1999,Taillenweite,
14376,14377,1999,Schulterbreite,
14377,14378,1999,Hemdenlänge:,
14378,14379,1999,bei Armlänge normal,
14379,14380,1999,bei Armlänge extra lang,
14380,14381,2000,Kragenweite,36.0
14381,14382,2000,Oberweite,
14382,14383,2000,Taillenweite,
14383,14384,2000,Hemdenlänge:,
14384,14385,2000,bei Armlänge extra kurz,
14385,14386,2000,bei Armlänge normal,
14386,14387,2001,Kragenweite,37.5
14387,14388,2001,Oberweite,108.0
14388,14389,2001,Taillenweite,94.0
14389,14390,2001,Hemdenlänge:,
14390,14391,2001,bei Armlänge extra kurz,77.0
14391,14392,2001,bei Armlänge normal,82.0
14392,14393,2002,Kragenweite,39.5
14393,14394,2002,Oberweite,114.0
14394,14395,2002,Taillenweite,102.0
14395,14396,2002,Hemdenlänge:,
14396,14397,2002,bei Armlänge extra kurz,78.0
14397,14398,2002,bei Armlänge normal,83.0
14398,14399,2003,Kragenweite,41.5
14399,14400,2003,Oberweite,122.0
14400,14401,2003,Taillenweite,108.0
14401,14402,2003,Hemdenlänge:,
14402,14403,2003,bei Armlänge extra kurz,79.0
14403,14404,2003,bei Armlänge normal,84.0
14404,14405,2004,Kragenweite,43.5
14405,14406,2004,Oberweite,128.0
14406,14407,2004,Taillenweite,114.0
14407,14408,2004,Hemdenlänge:,
14408,14409,2004,bei Armlänge extra kurz,80.0
14409,14410,2004,bei Armlänge normal,85.0
14410,14411,2005,Kragenweite,45.5
14411,14412,2005,Oberweite,134.0
14412,14413,2005,Taillenweite,120.0
14413,14414,2005,Hemdenlänge:,
14414,14415,2005,bei Armlänge extra kurz,81.0
14415,14416,2005,bei Armlänge normal,86.0
14416,14417,2006,Kragenweite,47.5
14417,14418,2006,Oberweite,
14418,14419,2006,Taillenweite,
14419,14420,2006,Hemdenlänge:,
14420,14421,2006,bei Armlänge extra kurz,
14421,14422,2006,bei Armlänge normal,
14422,14423,2007,Kragenweite,49.5
14423,14424,2007,Oberweite,
14424,14425,2007,Taillenweite,
14425,14426,2007,Hemdenlänge:,
14426,14427,2007,bei Armlänge extra kurz,
14427,14428,2007,bei Armlänge normal,
14428,14429,2008,Kragenweite,52.0
14429,14430,2008,Oberweite,
14430,14431,2008,Taillenweite,
14431,14432,2008,Hemdenlänge:,
14432,14433,2008,bei Armlänge extra kurz,
14433,14434,2008,bei Armlänge normal,
14434,14435,2009,Kragenweite,54.0
14435,14436,2009,Oberweite,
14436,14437,2009,Taillenweite,
14437,14438,2009,Hemdenlänge:,
14438,14439,2009,bei Armlänge extra kurz,
14439,14440,2009,bei Armlänge normal,
14440,14441,2010,Kragenweite,36.0
14441,14442,2010,Oberweite,100.0
14442,14443,2010,Taillenweite,88.0
14443,14444,2010,Schulterbreite,143.0
14444,14445,2010,Hemdenlänge:,
14445,14446,2010,bei Armlänge normal,77.0
14446,14447,2010,bei Armlänge extra lang,85.0
14447,14448,2011,Kragenweite,37.5
14448,14449,2011,Oberweite,108.0
14449,14450,2011,Taillenweite,98.0
14450,14451,2011,Schulterbreite,15.0
14451,14452,2011,Hemdenlänge:,
14452,14453,2011,bei Armlänge normal,78.0
14453,14454,2011,bei Armlänge extra lang,86.0
14454,14455,2012,Kragenweite,39.5
14455,14456,2012,Oberweite,116.0
14456,14457,2012,Taillenweite,106.0
14457,14458,2012,Schulterbreite,158.0
14458,14459,2012,Hemdenlänge:,
14459,14460,2012,bei Armlänge normal,80.0
14460,14461,2012,bei Armlänge extra lang,88.0
14461,14462,2013,Kragenweite,41.5
14462,14463,2013,Oberweite,124.0
14463,14464,2013,Taillenweite,114.0
14464,14465,2013,Schulterbreite,165.0
14465,14466,2013,Hemdenlänge:,
14466,14467,2013,bei Armlänge normal,82.0
14467,14468,2013,bei Armlänge extra lang,90.0
14468,14469,2014,Kragenweite,43.5
14469,14470,2014,Oberweite,132.0
14470,14471,2014,Taillenweite,126.0
14471,14472,2014,Schulterbreite,173.0
14472,14473,2014,Hemdenlänge:,
14473,14474,2014,bei Armlänge normal,84.0
14474,14475,2014,bei Armlänge extra lang,92.0
14475,14476,2015,Kragenweite,45.5
14476,14477,2015,Oberweite,140.0
14477,14478,2015,Taillenweite,134.0
14478,14479,2015,Schulterbreite,181.0
14479,14480,2015,Hemdenlänge:,
14480,14481,2015,bei Armlänge normal,86.0
14481,14482,2015,bei Armlänge extra lang,94.0
14482,14483,2016,Kragenweite,47.5
14483,14484,2016,Oberweite,148.0
14484,14485,2016,Taillenweite,144.0
14485,14486,2016,Schulterbreite,189.0
14486,14487,2016,Hemdenlänge:,
14487,14488,2016,bei Armlänge normal,90.0
14488,14489,2016,bei Armlänge extra lang,95.0
14489,14490,2017,Kragenweite,49.5
14490,14491,2017,Oberweite,
14491,14492,2017,Taillenweite,
14492,14493,2017,Schulterbreite,
14493,14494,2017,Hemdenlänge:,
14494,14495,2017,bei Armlänge normal,
14495,14496,2017,bei Armlänge extra lang,
14496,14497,2018,Kragenweite,52.0
14497,14498,2018,Oberweite,
14498,14499,2018,Taillenweite,
14499,14500,2018,Schulterbreite,
14500,14501,2018,Hemdenlänge:,
14501,14502,2018,bei Armlänge normal,
14502,14503,2018,bei Armlänge extra lang,
14503,14504,2019,Kragenweite,54.0
14504,14505,2019,Oberweite,
14505,14506,2019,Taillenweite,
14506,14507,2019,Schulterbreite,
14507,14508,2019,Hemdenlänge:,
14508,14509,2019,bei Armlänge normal,
14509,14510,2019,bei Armlänge extra lang,
14510,14511,2020,Kragenweite,36.0
14511,14512,2020,Oberweite,
14512,14513,2020,Taillenweite,
14513,14514,2020,Schulterbreite,
14514,14515,2020,Hemdenlänge:,
14515,14516,2020,bei Armlänge extra kurz,
14516,14517,2020,bei Armlänge normal,
14517,14518,2020,bei Armlänge extra lang,
14518,14519,2021,Kragenweite,37.5
14519,14520,2021,Oberweite,110.0
14520,14521,2021,Taillenweite,102.0
14521,14522,2021,Schulterbreite,162.0
14522,14523,2021,Hemdenlänge:,
14523,14524,2021,bei Armlänge extra kurz,80.0
14524,14525,2021,bei Armlänge normal,80.0
14525,14526,2021,bei Armlänge extra lang,90.0
14526,14527,2022,Kragenweite,39.5
14527,14528,2022,Oberweite,116.0
14528,14529,2022,Taillenweite,106.0
14529,14530,2022,Schulterbreite,17.0
14530,14531,2022,Hemdenlänge:,
14531,14532,2022,bei Armlänge extra kurz,80.0
14532,14533,2022,bei Armlänge normal,80.0
14533,14534,2022,bei Armlänge extra lang,90.0
14534,14535,2023,Kragenweite,41.5
14535,14536,2023,Oberweite,122.0
14536,14537,2023,Taillenweite,114.0
14537,14538,2023,Schulterbreite,178.0
14538,14539,2023,Hemdenlänge:,
14539,14540,2023,bei Armlänge extra kurz,80.0
14540,14541,2023,bei Armlänge normal,80.0
14541,14542,2023,bei Armlänge extra lang,90.0
14542,14543,2024,Kragenweite,43.5
14543,14544,2024,Oberweite,132.0
14544,14545,2024,Taillenweite,122.0
14545,14546,2024,Schulterbreite,186.0
14546,14547,2024,Hemdenlänge:,
14547,14548,2024,bei Armlänge extra kurz,80.0
14548,14549,2024,bei Armlänge normal,82.0
14549,14550,2024,bei Armlänge extra lang,90.0
14550,14551,2025,Kragenweite,45.5
14551,14552,2025,Oberweite,138.0
14552,14553,2025,Taillenweite,130.0
14553,14554,2025,Schulterbreite,194.0
14554,14555,2025,Hemdenlänge:,
14555,14556,2025,bei Armlänge extra kurz,80.0
14556,14557,2025,bei Armlänge normal,85.0
14557,14558,2025,bei Armlänge extra lang,90.0
14558,14559,2026,Kragenweite,47.5
14559,14560,2026,Oberweite,146.0
14560,14561,2026,Taillenweite,138.0
14561,14562,2026,Schulterbreite,202.0
14562,14563,2026,Hemdenlänge:,
14563,14564,2026,bei Armlänge extra kurz,80.0
14564,14565,2026,bei Armlänge normal,90.0
14565,14566,2026,bei Armlänge extra lang,90.0
14566,14567,2027,Kragenweite,49.5
14567,14568,2027,Oberweite,
14568,14569,2027,Taillenweite,
14569,14570,2027,Schulterbreite,
14570,14571,2027,Hemdenlänge:,
14571,14572,2027,bei Armlänge extra kurz,
14572,14573,2027,bei Armlänge normal,
14573,14574,2027,bei Armlänge extra lang,
14574,14575,2028,Kragenweite,52.0
14575,14576,2028,Oberweite,
14576,14577,2028,Taillenweite,
14577,14578,2028,Schulterbreite,
14578,14579,2028,Hemdenlänge:,
14579,14580,2028,bei Armlänge extra kurz,
14580,14581,2028,bei Armlänge normal,
14581,14582,2028,bei Armlänge extra lang,
14582,14583,2029,Kragenweite,54.0
14583,14584,2029,Oberweite,
14584,14585,2029,Taillenweite,
14585,14586,2029,Schulterbreite,
14586,14587,2029,Hemdenlänge:,
14587,14588,2029,bei Armlänge extra kurz,
14588,14589,2029,bei Armlänge normal,
14589,14590,2029,bei Armlänge extra lang,
14590,14591,2030,Kragenweite,36.0
14591,14592,2030,Oberweite,
14592,14593,2030,Taillenweite,
14593,14594,2030,Hemdenlänge:,
14594,14595,2030,bei Armlänge normal,
14595,14596,2031,Kragenweite,37.5
14596,14597,2031,Oberweite,108.0
14597,14598,2031,Taillenweite,100.0
14598,14599,2031,Hemdenlänge:,
14599,14600,2031,bei Armlänge normal,79.0
14600,14601,2032,Kragenweite,39.5
14601,14602,2032,Oberweite,114.0
14602,14603,2032,Taillenweite,106.0
14603,14604,2032,Hemdenlänge:,
14604,14605,2032,bei Armlänge normal,81.0
14605,14606,2033,Kragenweite,41.5
14606,14607,2033,Oberweite,120.0
14607,14608,2033,Taillenweite,112.0
14608,14609,2033,Hemdenlänge:,
14609,14610,2033,bei Armlänge normal,83.0
14610,14611,2034,Kragenweite,43.5
14611,14612,2034,Oberweite,126.0
14612,14613,2034,Taillenweite,118.0
14613,14614,2034,Hemdenlänge:,
14614,14615,2034,bei Armlänge normal,84.0
14615,14616,2035,Kragenweite,45.5
14616,14617,2035,Oberweite,132.0
14617,14618,2035,Taillenweite,124.0
14618,14619,2035,Hemdenlänge:,
14619,14620,2035,bei Armlänge normal,85.0
14620,14621,2036,Kragenweite,47.5
14621,14622,2036,Oberweite,138.0
14622,14623,2036,Taillenweite,130.0
14623,14624,2036,Hemdenlänge:,
14624,14625,2036,bei Armlänge normal,87.0
14625,14626,2037,Kragenweite,49.5
14626,14627,2037,Oberweite,
14627,14628,2037,Taillenweite,
14628,14629,2037,Hemdenlänge:,
14629,14630,2037,bei Armlänge normal,
14630,14631,2038,Kragenweite,52.0
14631,14632,2038,Oberweite,
14632,14633,2038,Taillenweite,
14633,14634,2038,Hemdenlänge:,
14634,14635,2038,bei Armlänge normal,
14635,14636,2039,Kragenweite,54.0
14636,14637,2039,Oberweite,
14637,14638,2039,Taillenweite,
14638,14639,2039,Hemdenlänge:,
14639,14640,2039,bei Armlänge normal,
14640,14641,2040,Kragenweite,36.0
14641,14642,2040,Oberweite,
14642,14643,2040,Taillenweite,
14643,14644,2040,Hemdenlänge:,
14644,14645,2040,bei Armlänge normal,
14645,14646,2041,Kragenweite,37.5
14646,14647,2041,Oberweite,110.0
14647,14648,2041,Taillenweite,105.0
14648,14649,2041,Hemdenlänge:,
14649,14650,2041,bei Armlänge normal,79.0
14650,14651,2042,Kragenweite,39.5
14651,14652,2042,Oberweite,117.0
14652,14653,2042,Taillenweite,112.0
14653,14654,2042,Hemdenlänge:,
14654,14655,2042,bei Armlänge normal,81.0
14655,14656,2043,Kragenweite,41.5
14656,14657,2043,Oberweite,125.0
14657,14658,2043,Taillenweite,120.0
14658,14659,2043,Hemdenlänge:,
14659,14660,2043,bei Armlänge normal,83.0
14660,14661,2044,Kragenweite,43.5
14661,14662,2044,Oberweite,132.0
14662,14663,2044,Taillenweite,129.0
14663,14664,2044,Hemdenlänge:,
14664,14665,2044,bei Armlänge normal,84.0
14665,14666,2045,Kragenweite,45.5
14666,14667,2045,Oberweite,139.0
14667,14668,2045,Taillenweite,137.0
14668,14669,2045,Hemdenlänge:,
14669,14670,2045,bei Armlänge normal,85.0
14670,14671,2046,Kragenweite,47.5
14671,14672,2046,Oberweite,146.0
14672,14673,2046,Taillenweite,145.0
14673,14674,2046,Hemdenlänge:,
14674,14675,2046,bei Armlänge normal,87.0
14675,14676,2047,Kragenweite,49.5
14676,14677,2047,Oberweite,153.0
14677,14678,2047,Taillenweite,153.0
14678,14679,2047,Hemdenlänge:,
14679,14680,2047,bei Armlänge normal,89.0
14680,14681,2048,Kragenweite,52.0
14681,14682,2048,Oberweite,160.0
14682,14683,2048,Taillenweite,161.0
14683,14684,2048,Hemdenlänge:,
14684,14685,2048,bei Armlänge normal,90.0
14685,14686,2049,Kragenweite,54.0
14686,14687,2049,Oberweite,
14687,14688,2049,Taillenweite,
14688,14689,2049,Hemdenlänge:,
14689,14690,2049,bei Armlänge normal,
14690,14691,2050,Kragenweite,36.0
14691,14692,2050,Oberweite,96.0
14692,14693,2050,Taillenweite,80.0
14693,14694,2050,Rückenbreite,40.0
14694,14695,2050,Hemdenlänge:,
14695,14696,2050,bei Armlänge extra kurz,76.0
14696,14697,2050,bei Armlänge normal,76.0
14697,14698,2050,bei Armlänge extra lang,79.0
14698,14699,2051,Kragenweite,37.5
14699,14700,2051,Oberweite,102.0
14700,14701,2051,Taillenweite,86.0
14701,14702,2051,Rückenbreite,415.0
14702,14703,2051,Hemdenlänge:,
14703,14704,2051,bei Armlänge extra kurz,78.0
14704,14705,2051,bei Armlänge normal,78.0
14705,14706,2051,bei Armlänge extra lang,81.0
14706,14707,2052,Kragenweite,39.5
14707,14708,2052,Oberweite,106.0
14708,14709,2052,Taillenweite,92.0
14709,14710,2052,Rückenbreite,43.0
14710,14711,2052,Hemdenlänge:,
14711,14712,2052,bei Armlänge extra kurz,80.0
14712,14713,2052,bei Armlänge normal,80.0
14713,14714,2052,bei Armlänge extra lang,83.0
14714,14715,2053,Kragenweite,41.5
14715,14716,2053,Oberweite,112.0
14716,14717,2053,Taillenweite,98.0
14717,14718,2053,Rückenbreite,45.0
14718,14719,2053,Hemdenlänge:,
14719,14720,2053,bei Armlänge extra kurz,80.0
14720,14721,2053,bei Armlänge normal,80.0
14721,14722,2053,bei Armlänge extra lang,83.0
14722,14723,2054,Kragenweite,43.5
14723,14724,2054,Oberweite,120.0
14724,14725,2054,Taillenweite,106.0
14725,14726,2054,Rückenbreite,47.0
14726,14727,2054,Hemdenlänge:,
14727,14728,2054,bei Armlänge extra kurz,83.0
14728,14729,2054,bei Armlänge normal,83.0
14729,14730,2054,bei Armlänge extra lang,84.0
14730,14731,2055,Kragenweite,45.5
14731,14732,2055,Oberweite,128.0
14732,14733,2055,Taillenweite,114.0
14733,14734,2055,Rückenbreite,49.0
14734,14735,2055,Hemdenlänge:,
14735,14736,2055,bei Armlänge extra kurz,85.0
14736,14737,2055,bei Armlänge normal,85.0
14737,14738,2055,bei Armlänge extra lang,89.0
14738,14739,2056,Kragenweite,47.5
14739,14740,2056,Oberweite,
14740,14741,2056,Taillenweite,
14741,14742,2056,Rückenbreite,
14742,14743,2056,Hemdenlänge:,
14743,14744,2056,bei Armlänge extra kurz,
14744,14745,2056,bei Armlänge normal,
14745,14746,2056,bei Armlänge extra lang,
14746,14747,2057,Kragenweite,49.5
14747,14748,2057,Oberweite,
14748,14749,2057,Taillenweite,
14749,14750,2057,Rückenbreite,
14750,14751,2057,Hemdenlänge:,
14751,14752,2057,bei Armlänge extra kurz,
14752,14753,2057,bei Armlänge normal,
14753,14754,2057,bei Armlänge extra lang,
14754,14755,2058,Kragenweite,52.0
14755,14756,2058,Oberweite,
14756,14757,2058,Taillenweite,
14757,14758,2058,Rückenbreite,
14758,14759,2058,Hemdenlänge:,
14759,14760,2058,bei Armlänge extra kurz,
14760,14761,2058,bei Armlänge normal,
14761,14762,2058,bei Armlänge extra lang,
14762,14763,2059,Kragenweite,54.0
14763,14764,2059,Oberweite,
14764,14765,2059,Taillenweite,
14765,14766,2059,Rückenbreite,
14766,14767,2059,Hemdenlänge:,
14767,14768,2059,bei Armlänge extra kurz,
14768,14769,2059,bei Armlänge normal,
14769,14770,2059,bei Armlänge extra lang,
14770,14771,2060,Kragenweite,36.0
14771,14772,2060,Oberweite,
14772,14773,2060,Taillenweite,
14773,14774,2060,Hemdenlänge:,
14774,14775,2060,bei Armlänge normal,
14775,14776,2061,Kragenweite,37.5
14776,14777,2061,Oberweite,102.0
14777,14778,2061,Taillenweite,91.0
14778,14779,2061,Hemdenlänge:,
14779,14780,2061,bei Armlänge normal,78.0
14780,14781,2062,Kragenweite,39.5
14781,14782,2062,Oberweite,108.0
14782,14783,2062,Taillenweite,97.0
14783,14784,2062,Hemdenlänge:,
14784,14785,2062,bei Armlänge normal,79.0
14785,14786,2063,Kragenweite,41.5
14786,14787,2063,Oberweite,114.0
14787,14788,2063,Taillenweite,103.0
14788,14789,2063,Hemdenlänge:,
14789,14790,2063,bei Armlänge normal,81.0
14790,14791,2064,Kragenweite,43.5
14791,14792,2064,Oberweite,120.0
14792,14793,2064,Taillenweite,109.0
14793,14794,2064,Hemdenlänge:,
14794,14795,2064,bei Armlänge normal,82.0
14795,14796,2065,Kragenweite,45.5
14796,14797,2065,Oberweite,126.0
14797,14798,2065,Taillenweite,115.0
14798,14799,2065,Hemdenlänge:,
14799,14800,2065,bei Armlänge normal,84.0
14800,14801,2066,Kragenweite,47.5
14801,14802,2066,Oberweite,
14802,14803,2066,Taillenweite,
14803,14804,2066,Hemdenlänge:,
14804,14805,2066,bei Armlänge normal,
14805,14806,2067,Kragenweite,49.5
14806,14807,2067,Oberweite,
14807,14808,2067,Taillenweite,
14808,14809,2067,Hemdenlänge:,
14809,14810,2067,bei Armlänge normal,
14810,14811,2068,Kragenweite,52.0
14811,14812,2068,Oberweite,
14812,14813,2068,Taillenweite,
14813,14814,2068,Hemdenlänge:,
14814,14815,2068,bei Armlänge normal,
14815,14816,2069,Kragenweite,54.0
14816,14817,2069,Oberweite,
14817,14818,2069,Taillenweite,
14818,14819,2069,Hemdenlänge:,
14819,14820,2069,bei Armlänge normal,
14820,14821,2070,Kragenweite,36.0
14821,14822,2070,Oberweite,92.0
14822,14823,2070,Taillenweite,80.0
14823,14824,2070,Hemdenlänge:,
14824,14825,2070,bei Armlänge normal,73.0
14825,14826,2071,Kragenweite,37.5
14826,14827,2071,Oberweite,98.0
14827,14828,2071,Taillenweite,86.0
14828,14829,2071,Hemdenlänge:,
14829,14830,2071,bei Armlänge normal,74.0
14830,14831,2072,Kragenweite,39.5
14831,14832,2072,Oberweite,104.0
14832,14833,2072,Taillenweite,92.0
14833,14834,2072,Hemdenlänge:,
14834,14835,2072,bei Armlänge normal,76.0
14835,14836,2073,Kragenweite,41.5
14836,14837,2073,Oberweite,110.0
14837,14838,2073,Taillenweite,98.0
14838,14839,2073,Hemdenlänge:,
14839,14840,2073,bei Armlänge normal,77.0
14840,14841,2074,Kragenweite,43.5
14841,14842,2074,Oberweite,116.0
14842,14843,2074,Taillenweite,104.0
14843,14844,2074,Hemdenlänge:,
14844,14845,2074,bei Armlänge normal,79.0
14845,14846,2075,Kragenweite,45.5
14846,14847,2075,Oberweite,
14847,14848,2075,Taillenweite,
14848,14849,2075,Hemdenlänge:,
14849,14850,2075,bei Armlänge normal,
14850,14851,2076,Kragenweite,47.5
14851,14852,2076,Oberweite,
14852,14853,2076,Taillenweite,
14853,14854,2076,Hemdenlänge:,
14854,14855,2076,bei Armlänge normal,
14855,14856,2077,Kragenweite,49.5
14856,14857,2077,Oberweite,
14857,14858,2077,Taillenweite,
14858,14859,2077,Hemdenlänge:,
14859,14860,2077,bei Armlänge normal,
14860,14861,2078,Kragenweite,52.0
14861,14862,2078,Oberweite,
14862,14863,2078,Taillenweite,
14863,14864,2078,Hemdenlänge:,
14864,14865,2078,bei Armlänge normal,
14865,14866,2079,Kragenweite,54.0
14866,14867,2079,Oberweite,
14867,14868,2079,Taillenweite,
14868,14869,2079,Hemdenlänge:,
14869,14870,2079,bei Armlänge normal,
14870,14871,2080,Kragenweite,36.0
14871,14872,2080,Oberweite,
14872,14873,2080,Taillenweite,
14873,14874,2080,Hemdenlänge:,
14874,14875,2080,bei Armlänge normal,
14875,14876,2081,Kragenweite,37.5
14876,14877,2081,Oberweite,110.0
14877,14878,2081,Taillenweite,105.0
14878,14879,2081,Hemdenlänge:,
14879,14880,2081,bei Armlänge normal,79.0
14880,14881,2082,Kragenweite,39.5
14881,14882,2082,Oberweite,117.0
14882,14883,2082,Taillenweite,112.0
14883,14884,2082,Hemdenlänge:,
14884,14885,2082,bei Armlänge normal,81.0
14885,14886,2083,Kragenweite,41.5
14886,14887,2083,Oberweite,125.0
14887,14888,2083,Taillenweite,120.0
14888,14889,2083,Hemdenlänge:,
14889,14890,2083,bei Armlänge normal,83.0
14890,14891,2084,Kragenweite,43.5
14891,14892,2084,Oberweite,132.0
14892,14893,2084,Taillenweite,129.0
14893,14894,2084,Hemdenlänge:,
14894,14895,2084,bei Armlänge normal,84.0
14895,14896,2085,Kragenweite,45.5
14896,14897,2085,Oberweite,139.0
14897,14898,2085,Taillenweite,137.0
14898,14899,2085,Hemdenlänge:,
14899,14900,2085,bei Armlänge normal,85.0
14900,14901,2086,Kragenweite,47.5
14901,14902,2086,Oberweite,146.0
14902,14903,2086,Taillenweite,145.0
14903,14904,2086,Hemdenlänge:,
14904,14905,2086,bei Armlänge normal,87.0
14905,14906,2087,Kragenweite,49.5
14906,14907,2087,Oberweite,153.0
14907,14908,2087,Taillenweite,153.0
14908,14909,2087,Hemdenlänge:,
14909,14910,2087,bei Armlänge normal,89.0
14910,14911,2088,Kragenweite,52.0
14911,14912,2088,Oberweite,160.0
14912,14913,2088,Taillenweite,161.0
14913,14914,2088,Hemdenlänge:,
14914,14915,2088,bei Armlänge normal,90.0
14915,14916,2089,Kragenweite,54.0
14916,14917,2089,Oberweite,
14917,14918,2089,Taillenweite,
14918,14919,2089,Hemdenlänge:,
14919,14920,2089,bei Armlänge normal,
14920,14921,2090,Kragenweite,36.0
14921,14922,2090,Oberweite,100.0
14922,14923,2090,Taillenweite,88.0
14923,14924,2090,Schulterbreite,143.0
14924,14925,2090,Hemdenlänge:,
14925,14926,2090,bei Armlänge normal,77.0
14926,14927,2090,bei Armlänge extra lang,85.0
14927,14928,2091,Kragenweite,37.5
14928,14929,2091,Oberweite,108.0
14929,14930,2091,Taillenweite,98.0
14930,14931,2091,Schulterbreite,15.0
14931,14932,2091,Hemdenlänge:,
14932,14933,2091,bei Armlänge normal,78.0
14933,14934,2091,bei Armlänge extra lang,86.0
14934,14935,2092,Kragenweite,39.5
14935,14936,2092,Oberweite,116.0
14936,14937,2092,Taillenweite,106.0
14937,14938,2092,Schulterbreite,158.0
14938,14939,2092,Hemdenlänge:,
14939,14940,2092,bei Armlänge normal,80.0
14940,14941,2092,bei Armlänge extra lang,88.0
14941,14942,2093,Kragenweite,41.5
14942,14943,2093,Oberweite,124.0
14943,14944,2093,Taillenweite,114.0
14944,14945,2093,Schulterbreite,165.0
14945,14946,2093,Hemdenlänge:,
14946,14947,2093,bei Armlänge normal,82.0
14947,14948,2093,bei Armlänge extra lang,90.0
14948,14949,2094,Kragenweite,43.5
14949,14950,2094,Oberweite,132.0
14950,14951,2094,Taillenweite,126.0
14951,14952,2094,Schulterbreite,173.0
14952,14953,2094,Hemdenlänge:,
14953,14954,2094,bei Armlänge normal,84.0
14954,14955,2094,bei Armlänge extra lang,92.0
14955,14956,2095,Kragenweite,45.5
14956,14957,2095,Oberweite,140.0
14957,14958,2095,Taillenweite,134.0
14958,14959,2095,Schulterbreite,181.0
14959,14960,2095,Hemdenlänge:,
14960,14961,2095,bei Armlänge normal,86.0
14961,14962,2095,bei Armlänge extra lang,94.0
14962,14963,2096,Kragenweite,47.5
14963,14964,2096,Oberweite,148.0
14964,14965,2096,Taillenweite,144.0
14965,14966,2096,Schulterbreite,189.0
14966,14967,2096,Hemdenlänge:,
14967,14968,2096,bei Armlänge normal,90.0
14968,14969,2096,bei Armlänge extra lang,95.0
14969,14970,2097,Kragenweite,49.5
14970,14971,2097,Oberweite,
14971,14972,2097,Taillenweite,
14972,14973,2097,Schulterbreite,
14973,14974,2097,Hemdenlänge:,
14974,14975,2097,bei Armlänge normal,
14975,14976,2097,bei Armlänge extra lang,
14976,14977,2098,Kragenweite,52.0
14977,14978,2098,Oberweite,
14978,14979,2098,Taillenweite,
14979,14980,2098,Schulterbreite,
14980,14981,2098,Hemdenlänge:,
14981,14982,2098,bei Armlänge normal,
14982,14983,2098,bei Armlänge extra lang,
14983,14984,2099,Kragenweite,54.0
14984,14985,2099,Oberweite,
14985,14986,2099,Taillenweite,
14986,14987,2099,Schulterbreite,
14987,14988,2099,Hemdenlänge:,
14988,14989,2099,bei Armlänge normal,
14989,14990,2099,bei Armlänge extra lang,
14990,14991,2100,Kragenweite,36.0
14991,14992,2100,Oberweite,100.0
14992,14993,2100,Taillenweite,88.0
14993,14994,2100,Schulterbreite,143.0
14994,14995,2100,Hemdenlänge:,
14995,14996,2100,bei Armlänge normal,77.0
14996,14997,2100,bei Armlänge extra lang,85.0
14997,14998,2101,Kragenweite,37.5
14998,14999,2101,Oberweite,108.0
14999,15000,2101,Taillenweite,98.0
15000,15001,2101,Schulterbreite,15.0
15001,15002,2101,Hemdenlänge:,
15002,15003,2101,bei Armlänge normal,78.0
15003,15004,2101,bei Armlänge extra lang,86.0
15004,15005,2102,Kragenweite,39.5
15005,15006,2102,Oberweite,116.0
15006,15007,2102,Taillenweite,106.0
15007,15008,2102,Schulterbreite,158.0
15008,15009,2102,Hemdenlänge:,
15009,15010,2102,bei Armlänge normal,80.0
15010,15011,2102,bei Armlänge extra lang,88.0
15011,15012,2103,Kragenweite,41.5
15012,15013,2103,Oberweite,124.0
15013,15014,2103,Taillenweite,114.0
15014,15015,2103,Schulterbreite,165.0
15015,15016,2103,Hemdenlänge:,
15016,15017,2103,bei Armlänge normal,82.0
15017,15018,2103,bei Armlänge extra lang,90.0
15018,15019,2104,Kragenweite,43.5
15019,15020,2104,Oberweite,132.0
15020,15021,2104,Taillenweite,126.0
15021,15022,2104,Schulterbreite,173.0
15022,15023,2104,Hemdenlänge:,
15023,15024,2104,bei Armlänge normal,84.0
15024,15025,2104,bei Armlänge extra lang,92.0
15025,15026,2105,Kragenweite,45.5
15026,15027,2105,Oberweite,140.0
15027,15028,2105,Taillenweite,134.0
15028,15029,2105,Schulterbreite,181.0
15029,15030,2105,Hemdenlänge:,
15030,15031,2105,bei Armlänge normal,86.0
15031,15032,2105,bei Armlänge extra lang,94.0
15032,15033,2106,Kragenweite,47.5
15033,15034,2106,Oberweite,148.0
15034,15035,2106,Taillenweite,144.0
15035,15036,2106,Schulterbreite,189.0
15036,15037,2106,Hemdenlänge:,
15037,15038,2106,bei Armlänge normal,90.0
15038,15039,2106,bei Armlänge extra lang,95.0
15039,15040,2107,Kragenweite,49.5
15040,15041,2107,Oberweite,
15041,15042,2107,Taillenweite,
15042,15043,2107,Schulterbreite,
15043,15044,2107,Hemdenlänge:,
15044,15045,2107,bei Armlänge normal,
15045,15046,2107,bei Armlänge extra lang,
15046,15047,2108,Kragenweite,52.0
15047,15048,2108,Oberweite,
15048,15049,2108,Taillenweite,
15049,15050,2108,Schulterbreite,
15050,15051,2108,Hemdenlänge:,
15051,15052,2108,bei Armlänge normal,
15052,15053,2108,bei Armlänge extra lang,
15053,15054,2109,Kragenweite,54.0
15054,15055,2109,Oberweite,
15055,15056,2109,Taillenweite,
15056,15057,2109,Schulterbreite,
15057,15058,2109,Hemdenlänge:,
15058,15059,2109,bei Armlänge normal,
15059,15060,2109,bei Armlänge extra lang,
15060,15061,2110,Kragenweite,36.0
15061,15062,2110,Oberweite,100.0
15062,15063,2110,Taillenweite,88.0
15063,15064,2110,Schulterbreite,143.0
15064,15065,2110,Hemdenlänge:,
15065,15066,2110,bei Armlänge normal,77.0
15066,15067,2110,bei Armlänge extra lang,85.0
15067,15068,2111,Kragenweite,37.5
15068,15069,2111,Oberweite,108.0
15069,15070,2111,Taillenweite,98.0
15070,15071,2111,Schulterbreite,15.0
15071,15072,2111,Hemdenlänge:,
15072,15073,2111,bei Armlänge normal,78.0
15073,15074,2111,bei Armlänge extra lang,86.0
15074,15075,2112,Kragenweite,39.5
15075,15076,2112,Oberweite,116.0
15076,15077,2112,Taillenweite,106.0
15077,15078,2112,Schulterbreite,158.0
15078,15079,2112,Hemdenlänge:,
15079,15080,2112,bei Armlänge normal,80.0
15080,15081,2112,bei Armlänge extra lang,88.0
15081,15082,2113,Kragenweite,41.5
15082,15083,2113,Oberweite,124.0
15083,15084,2113,Taillenweite,114.0
15084,15085,2113,Schulterbreite,165.0
15085,15086,2113,Hemdenlänge:,
15086,15087,2113,bei Armlänge normal,82.0
15087,15088,2113,bei Armlänge extra lang,90.0
15088,15089,2114,Kragenweite,43.5
15089,15090,2114,Oberweite,132.0
15090,15091,2114,Taillenweite,126.0
15091,15092,2114,Schulterbreite,173.0
15092,15093,2114,Hemdenlänge:,
15093,15094,2114,bei Armlänge normal,84.0
15094,15095,2114,bei Armlänge extra lang,92.0
15095,15096,2115,Kragenweite,45.5
15096,15097,2115,Oberweite,140.0
15097,15098,2115,Taillenweite,134.0
15098,15099,2115,Schulterbreite,181.0
15099,15100,2115,Hemdenlänge:,
15100,15101,2115,bei Armlänge normal,86.0
15101,15102,2115,bei Armlänge extra lang,94.0
15102,15103,2116,Kragenweite,47.5
15103,15104,2116,Oberweite,148.0
15104,15105,2116,Taillenweite,144.0
15105,15106,2116,Schulterbreite,189.0
15106,15107,2116,Hemdenlänge:,
15107,15108,2116,bei Armlänge normal,90.0
15108,15109,2116,bei Armlänge extra lang,95.0
15109,15110,2117,Kragenweite,49.5
15110,15111,2117,Oberweite,
15111,15112,2117,Taillenweite,
15112,15113,2117,Schulterbreite,
15113,15114,2117,Hemdenlänge:,
15114,15115,2117,bei Armlänge normal,
15115,15116,2117,bei Armlänge extra lang,
15116,15117,2118,Kragenweite,52.0
15117,15118,2118,Oberweite,
15118,15119,2118,Taillenweite,
15119,15120,2118,Schulterbreite,
15120,15121,2118,Hemdenlänge:,
15121,15122,2118,bei Armlänge normal,
15122,15123,2118,bei Armlänge extra lang,
15123,15124,2119,Kragenweite,54.0
15124,15125,2119,Oberweite,
15125,15126,2119,Taillenweite,
15126,15127,2119,Schulterbreite,
15127,15128,2119,Hemdenlänge:,
15128,15129,2119,bei Armlänge normal,
15129,15130,2119,bei Armlänge extra lang,
15130,15131,2120,Kragenweite,36.0
15131,15132,2120,Oberweite,102.0
15132,15133,2120,Taillenweite,98.0
15133,15134,2120,Schulterbreite,145.0
15134,15135,2120,Hemdenlänge:,
15135,15136,2120,bei Armlänge normal,81.0
15136,15137,2120,bei Armlänge extra lang,88.0
15137,15138,2121,Kragenweite,37.5
15138,15139,2121,Oberweite,110.0
15139,15140,2121,Taillenweite,106.0
15140,15141,2121,Schulterbreite,153.0
15141,15142,2121,Hemdenlänge:,
15142,15143,2121,bei Armlänge normal,82.0
15143,15144,2121,bei Armlänge extra lang,89.0
15144,15145,2122,Kragenweite,39.5
15145,15146,2122,Oberweite,118.0
15146,15147,2122,Taillenweite,114.0
15147,15148,2122,Schulterbreite,16.0
15148,15149,2122,Hemdenlänge:,
15149,15150,2122,bei Armlänge normal,82.0
15150,15151,2122,bei Armlänge extra lang,89.0
15151,15152,2123,Kragenweite,41.5
15152,15153,2123,Oberweite,126.0
15153,15154,2123,Taillenweite,122.0
15154,15155,2123,Schulterbreite,168.0
15155,15156,2123,Hemdenlänge:,
15156,15157,2123,bei Armlänge normal,83.0
15157,15158,2123,bei Armlänge extra lang,90.0
15158,15159,2124,Kragenweite,43.5
15159,15160,2124,Oberweite,134.0
15160,15161,2124,Taillenweite,134.0
15161,15162,2124,Schulterbreite,175.0
15162,15163,2124,Hemdenlänge:,
15163,15164,2124,bei Armlänge normal,85.0
15164,15165,2124,bei Armlänge extra lang,92.0
15165,15166,2125,Kragenweite,45.5
15166,15167,2125,Oberweite,144.0
15167,15168,2125,Taillenweite,144.0
15168,15169,2125,Schulterbreite,189.0
15169,15170,2125,Hemdenlänge:,
15170,15171,2125,bei Armlänge normal,88.0
15171,15172,2125,bei Armlänge extra lang,95.0
15172,15173,2126,Kragenweite,47.5
15173,15174,2126,Oberweite,154.0
15174,15175,2126,Taillenweite,154.0
15175,15176,2126,Schulterbreite,199.0
15176,15177,2126,Hemdenlänge:,
15177,15178,2126,bei Armlänge normal,90.0
15178,15179,2126,bei Armlänge extra lang,95.0
15179,15180,2127,Kragenweite,49.5
15180,15181,2127,Oberweite,164.0
15181,15182,2127,Taillenweite,164.0
15182,15183,2127,Schulterbreite,209.0
15183,15184,2127,Hemdenlänge:,
15184,15185,2127,bei Armlänge normal,90.0
15185,15186,2127,bei Armlänge extra lang,95.0
15186,15187,2128,Kragenweite,52.0
15187,15188,2128,Oberweite,170.0
15188,15189,2128,Taillenweite,172.0
15189,15190,2128,Schulterbreite,219.0
15190,15191,2128,Hemdenlänge:,
15191,15192,2128,bei Armlänge normal,93.0
15192,15193,2128,bei Armlänge extra lang,95.0
15193,15194,2129,Kragenweite,54.0
15194,15195,2129,Oberweite,180.0
15195,15196,2129,Taillenweite,182.0
15196,15197,2129,Schulterbreite,229.0
15197,15198,2129,Hemdenlänge:,
15198,15199,2129,bei Armlänge normal,93.0
15199,15200,2129,bei Armlänge extra lang,95.0
15200,15201,2130,Kragenweite,56.0
15201,15202,2130,Oberweite,192.0
15202,15203,2130,Taillenweite,194.0
15203,15204,2130,Schulterbreite,237.0
15204,15205,2130,Hemdenlänge:,
15205,15206,2130,bei Armlänge normal,93.0
15206,15207,2130,bei Armlänge extra lang,95.0
15207,15208,2131,Kragenweite,36.0
15208,15209,2131,Oberweite,98.0
15209,15210,2131,Taillenweite,86.0
15210,15211,2131,Rückenbreite,38.0
15211,15212,2131,Hemdenlänge:,
15212,15213,2131,bei Armlänge extra kurz,76.0
15213,15214,2131,bei Armlänge normal,76.0
15214,15215,2131,bei Armlänge extra lang,79.0
15215,15216,2132,Kragenweite,37.5
15216,15217,2132,Oberweite,104.0
15217,15218,2132,Taillenweite,92.0
15218,15219,2132,Rückenbreite,40.0
15219,15220,2132,Hemdenlänge:,
15220,15221,2132,bei Armlänge extra kurz,78.0
15221,15222,2132,bei Armlänge normal,78.0
15222,15223,2132,bei Armlänge extra lang,81.0
15223,15224,2133,Kragenweite,39.5
15224,15225,2133,Oberweite,110.0
15225,15226,2133,Taillenweite,98.0
15226,15227,2133,Rückenbreite,42.0
15227,15228,2133,Hemdenlänge:,
15228,15229,2133,bei Armlänge extra kurz,80.0
15229,15230,2133,bei Armlänge normal,80.0
15230,15231,2133,bei Armlänge extra lang,83.0
15231,15232,2134,Kragenweite,41.5
15232,15233,2134,Oberweite,116.0
15233,15234,2134,Taillenweite,104.0
15234,15235,2134,Rückenbreite,44.0
15235,15236,2134,Hemdenlänge:,
15236,15237,2134,bei Armlänge extra kurz,80.0
15237,15238,2134,bei Armlänge normal,80.0
15238,15239,2134,bei Armlänge extra lang,83.0
15239,15240,2135,Kragenweite,43.5
15240,15241,2135,Oberweite,124.0
15241,15242,2135,Taillenweite,112.0
15242,15243,2135,Rückenbreite,46.0
15243,15244,2135,Hemdenlänge:,
15244,15245,2135,bei Armlänge extra kurz,83.0
15245,15246,2135,bei Armlänge normal,83.0
15246,15247,2135,bei Armlänge extra lang,87.0
15247,15248,2136,Kragenweite,45.5
15248,15249,2136,Oberweite,132.0
15249,15250,2136,Taillenweite,120.0
15250,15251,2136,Rückenbreite,48.0
15251,15252,2136,Hemdenlänge:,
15252,15253,2136,bei Armlänge extra kurz,85.0
15253,15254,2136,bei Armlänge normal,85.0
15254,15255,2136,bei Armlänge extra lang,89.0
15255,15256,2137,Kragenweite,47.5
15256,15257,2137,Oberweite,
15257,15258,2137,Taillenweite,
15258,15259,2137,Rückenbreite,
15259,15260,2137,Hemdenlänge:,
15260,15261,2137,bei Armlänge extra kurz,
15261,15262,2137,bei Armlänge normal,
15262,15263,2137,bei Armlänge extra lang,
15263,15264,2138,Kragenweite,49.5
15264,15265,2138,Oberweite,
15265,15266,2138,Taillenweite,
15266,15267,2138,Rückenbreite,
15267,15268,2138,Hemdenlänge:,
15268,15269,2138,bei Armlänge extra kurz,
15269,15270,2138,bei Armlänge normal,
15270,15271,2138,bei Armlänge extra lang,
15271,15272,2139,Kragenweite,52.0
15272,15273,2139,Oberweite,
15273,15274,2139,Taillenweite,
15274,15275,2139,Rückenbreite,
15275,15276,2139,Hemdenlänge:,
15276,15277,2139,bei Armlänge extra kurz,
15277,15278,2139,bei Armlänge normal,
15278,15279,2139,bei Armlänge extra lang,
15279,15280,2140,Kragenweite,54.0
15280,15281,2140,Oberweite,
15281,15282,2140,Taillenweite,
15282,15283,2140,Rückenbreite,
15283,15284,2140,Hemdenlänge:,
15284,15285,2140,bei Armlänge extra kurz,
15285,15286,2140,bei Armlänge normal,
15286,15287,2140,bei Armlänge extra lang,
15287,15288,2141,Kragenweite,36.0
15288,15289,2141,Oberweite,98.0
15289,15290,2141,Taillenweite,88.0
15290,15291,2141,Schulterbreite,147.0
15291,15292,2141,Hemdenlänge:,
15292,15293,2141,bei Armlänge normal,77.0
15293,15294,2141,bei Armlänge extra lang,85.0
15294,15295,2142,Kragenweite,37.5
15295,15296,2142,Oberweite,104.0
15296,15297,2142,Taillenweite,94.0
15297,15298,2142,Schulterbreite,152.0
15298,15299,2142,Hemdenlänge:,
15299,15300,2142,bei Armlänge normal,78.0
15300,15301,2142,bei Armlänge extra lang,86.0
15301,15302,2143,Kragenweite,39.5
15302,15303,2143,Oberweite,112.0
15303,15304,2143,Taillenweite,102.0
15304,15305,2143,Schulterbreite,157.0
15305,15306,2143,Hemdenlänge:,
15306,15307,2143,bei Armlänge normal,80.0
15307,15308,2143,bei Armlänge extra lang,88.0
15308,15309,2144,Kragenweite,41.5
15309,15310,2144,Oberweite,120.0
15310,15311,2144,Taillenweite,110.0
15311,15312,2144,Schulterbreite,162.0
15312,15313,2144,Hemdenlänge:,
15313,15314,2144,bei Armlänge normal,82.0
15314,15315,2144,bei Armlänge extra lang,90.0
15315,15316,2145,Kragenweite,43.5
15316,15317,2145,Oberweite,130.0
15317,15318,2145,Taillenweite,120.0
15318,15319,2145,Schulterbreite,172.0
15319,15320,2145,Hemdenlänge:,
15320,15321,2145,bei Armlänge normal,84.0
15321,15322,2145,bei Armlänge extra lang,91.0
15322,15323,2146,Kragenweite,45.5
15323,15324,2146,Oberweite,138.0
15324,15325,2146,Taillenweite,130.0
15325,15326,2146,Schulterbreite,182.0
15326,15327,2146,Hemdenlänge:,
15327,15328,2146,bei Armlänge normal,86.0
15328,15329,2146,bei Armlänge extra lang,93.0
15329,15330,2147,Kragenweite,47.5
15330,15331,2147,Oberweite,146.0
15331,15332,2147,Taillenweite,140.0
15332,15333,2147,Schulterbreite,189.0
15333,15334,2147,Hemdenlänge:,
15334,15335,2147,bei Armlänge normal,90.0
15335,15336,2147,bei Armlänge extra lang,95.0
15336,15337,2148,Kragenweite,49.5
15337,15338,2148,Oberweite,
15338,15339,2148,Taillenweite,
15339,15340,2148,Schulterbreite,
15340,15341,2148,Hemdenlänge:,
15341,15342,2148,bei Armlänge normal,
15342,15343,2148,bei Armlänge extra lang,
15343,15344,2149,Kragenweite,52.0
15344,15345,2149,Oberweite,
15345,15346,2149,Taillenweite,
15346,15347,2149,Schulterbreite,
15347,15348,2149,Hemdenlänge:,
15348,15349,2149,bei Armlänge normal,
15349,15350,2149,bei Armlänge extra lang,
15350,15351,2150,Kragenweite,54.0
15351,15352,2150,Oberweite,
15352,15353,2150,Taillenweite,
15353,15354,2150,Schulterbreite,
15354,15355,2150,Hemdenlänge:,
15355,15356,2150,bei Armlänge normal,
15356,15357,2150,bei Armlänge extra lang,
15357,15358,2151,Kragenweite,36.0
15358,15359,2151,Oberweite,98.0
15359,15360,2151,Taillenweite,86.0
15360,15361,2151,Rückenbreite,38.0
15361,15362,2151,Hemdenlänge:,
15362,15363,2151,bei Armlänge extra kurz,76.0
15363,15364,2151,bei Armlänge normal,76.0
15364,15365,2151,bei Armlänge extra lang,79.0
15365,15366,2152,Kragenweite,37.5
15366,15367,2152,Oberweite,104.0
15367,15368,2152,Taillenweite,92.0
15368,15369,2152,Rückenbreite,40.0
15369,15370,2152,Hemdenlänge:,
15370,15371,2152,bei Armlänge extra kurz,78.0
15371,15372,2152,bei Armlänge normal,78.0
15372,15373,2152,bei Armlänge extra lang,81.0
15373,15374,2153,Kragenweite,39.5
15374,15375,2153,Oberweite,110.0
15375,15376,2153,Taillenweite,98.0
15376,15377,2153,Rückenbreite,42.0
15377,15378,2153,Hemdenlänge:,
15378,15379,2153,bei Armlänge extra kurz,80.0
15379,15380,2153,bei Armlänge normal,80.0
15380,15381,2153,bei Armlänge extra lang,83.0
15381,15382,2154,Kragenweite,41.5
15382,15383,2154,Oberweite,116.0
15383,15384,2154,Taillenweite,104.0
15384,15385,2154,Rückenbreite,44.0
15385,15386,2154,Hemdenlänge:,
15386,15387,2154,bei Armlänge extra kurz,80.0
15387,15388,2154,bei Armlänge normal,80.0
15388,15389,2154,bei Armlänge extra lang,83.0
15389,15390,2155,Kragenweite,43.5
15390,15391,2155,Oberweite,124.0
15391,15392,2155,Taillenweite,112.0
15392,15393,2155,Rückenbreite,46.0
15393,15394,2155,Hemdenlänge:,
15394,15395,2155,bei Armlänge extra kurz,83.0
15395,15396,2155,bei Armlänge normal,83.0
15396,15397,2155,bei Armlänge extra lang,87.0
15397,15398,2156,Kragenweite,45.5
15398,15399,2156,Oberweite,132.0
15399,15400,2156,Taillenweite,120.0
15400,15401,2156,Rückenbreite,48.0
15401,15402,2156,Hemdenlänge:,
15402,15403,2156,bei Armlänge extra kurz,85.0
15403,15404,2156,bei Armlänge normal,85.0
15404,15405,2156,bei Armlänge extra lang,89.0
15405,15406,2157,Kragenweite,47.5
15406,15407,2157,Oberweite,
15407,15408,2157,Taillenweite,
15408,15409,2157,Rückenbreite,
15409,15410,2157,Hemdenlänge:,
15410,15411,2157,bei Armlänge extra kurz,
15411,15412,2157,bei Armlänge normal,
15412,15413,2157,bei Armlänge extra lang,
15413,15414,2158,Kragenweite,49.5
15414,15415,2158,Oberweite,
15415,15416,2158,Taillenweite,
15416,15417,2158,Rückenbreite,
15417,15418,2158,Hemdenlänge:,
15418,15419,2158,bei Armlänge extra kurz,
15419,15420,2158,bei Armlänge normal,
15420,15421,2158,bei Armlänge extra lang,
15421,15422,2159,Kragenweite,52.0
15422,15423,2159,Oberweite,
15423,15424,2159,Taillenweite,
15424,15425,2159,Rückenbreite,
15425,15426,2159,Hemdenlänge:,
15426,15427,2159,bei Armlänge extra kurz,
15427,15428,2159,bei Armlänge normal,
15428,15429,2159,bei Armlänge extra lang,
15429,15430,2160,Kragenweite,54.0
15430,15431,2160,Oberweite,
15431,15432,2160,Taillenweite,
15432,15433,2160,Rückenbreite,
15433,15434,2160,Hemdenlänge:,
15434,15435,2160,bei Armlänge extra kurz,
15435,15436,2160,bei Armlänge normal,
15436,15437,2160,bei Armlänge extra lang,
15437,15438,2161,Kragenweite,36.0
15438,15439,2161,Oberweite,108.0
15439,15440,2161,Taillenweite,98.0
15440,15441,2161,Hüftweite,
15441,15442,2161,Rückenbreite,455.0
15442,15443,2161,Hemdenlänge:,
15443,15444,2161,bei Armlänge extra kurz,82.0
15444,15445,2161,bei Armlänge normal,82.0
15445,15446,2161,bei Armlänge extra lang,85.0
15446,15447,2162,Kragenweite,37.5
15447,15448,2162,Oberweite,114.0
15448,15449,2162,Taillenweite,102.0
15449,15450,2162,Hüftweite,106.0
15450,15451,2162,Rückenbreite,47.0
15451,15452,2162,Hemdenlänge:,
15452,15453,2162,bei Armlänge extra kurz,82.0
15453,15454,2162,bei Armlänge normal,82.0
15454,15455,2162,bei Armlänge extra lang,85.0
15455,15456,2163,Kragenweite,39.5
15456,15457,2163,Oberweite,120.0
15457,15458,2163,Taillenweite,106.0
15458,15459,2163,Hüftweite,112.0
15459,15460,2163,Rückenbreite,485.0
15460,15461,2163,Hemdenlänge:,
15461,15462,2163,bei Armlänge extra kurz,82.0
15462,15463,2163,bei Armlänge normal,82.0
15463,15464,2163,bei Armlänge extra lang,85.0
15464,15465,2164,Kragenweite,41.5
15465,15466,2164,Oberweite,126.0
15466,15467,2164,Taillenweite,112.0
15467,15468,2164,Hüftweite,118.0
15468,15469,2164,Rückenbreite,50.0
15469,15470,2164,Hemdenlänge:,
15470,15471,2164,bei Armlänge extra kurz,82.0
15471,15472,2164,bei Armlänge normal,82.0
15472,15473,2164,bei Armlänge extra lang,85.0
15473,15474,2165,Kragenweite,43.5
15474,15475,2165,Oberweite,132.0
15475,15476,2165,Taillenweite,122.0
15476,15477,2165,Hüftweite,124.0
15477,15478,2165,Rückenbreite,515.0
15478,15479,2165,Hemdenlänge:,
15479,15480,2165,bei Armlänge extra kurz,82.0
15480,15481,2165,bei Armlänge normal,85.0
15481,15482,2165,bei Armlänge extra lang,90.0
15482,15483,2166,Kragenweite,45.5
15483,15484,2166,Oberweite,138.0
15484,15485,2166,Taillenweite,130.0
15485,15486,2166,Hüftweite,130.0
15486,15487,2166,Rückenbreite,53.0
15487,15488,2166,Hemdenlänge:,
15488,15489,2166,bei Armlänge extra kurz,84.0
15489,15490,2166,bei Armlänge normal,85.0
15490,15491,2166,bei Armlänge extra lang,90.0
15491,15492,2167,Kragenweite,47.5
15492,15493,2167,Oberweite,144.0
15493,15494,2167,Taillenweite,138.0
15494,15495,2167,Hüftweite,136.0
15495,15496,2167,Rückenbreite,545.0
15496,15497,2167,Hemdenlänge:,
15497,15498,2167,bei Armlänge extra kurz,84.0
15498,15499,2167,bei Armlänge normal,90.0
15499,15500,2167,bei Armlänge extra lang,90.0
15500,15501,2168,Kragenweite,49.5
15501,15502,2168,Oberweite,152.0
15502,15503,2168,Taillenweite,144.0
15503,15504,2168,Hüftweite,
15504,15505,2168,Rückenbreite,565.0
15505,15506,2168,Hemdenlänge:,
15506,15507,2168,bei Armlänge extra kurz,86.0
15507,15508,2168,bei Armlänge normal,95.0
15508,15509,2168,bei Armlänge extra lang,95.0
15509,15510,2169,Kragenweite,52.0
15510,15511,2169,Oberweite,
15511,15512,2169,Taillenweite,
15512,15513,2169,Hüftweite,
15513,15514,2169,Rückenbreite,
15514,15515,2169,Hemdenlänge:,
15515,15516,2169,bei Armlänge extra kurz,
15516,15517,2169,bei Armlänge normal,
15517,15518,2169,bei Armlänge extra lang,
15518,15519,2170,Kragenweite,54.0
15519,15520,2170,Oberweite,
15520,15521,2170,Taillenweite,
15521,15522,2170,Hüftweite,
15522,15523,2170,Rückenbreite,
15523,15524,2170,Hemdenlänge:,
15524,15525,2170,bei Armlänge extra kurz,
15525,15526,2170,bei Armlänge normal,
15526,15527,2170,bei Armlänge extra lang,
15527,15528,2171,Kragenweite,36.0
15528,15529,2171,Oberweite,98.0
15529,15530,2171,Taillenweite,88.0
15530,15531,2171,Schulterbreite,147.0
15531,15532,2171,Hemdenlänge:,
15532,15533,2171,bei Armlänge normal,77.0
15533,15534,2171,bei Armlänge extra lang,85.0
15534,15535,2172,Kragenweite,37.5
15535,15536,2172,Oberweite,104.0
15536,15537,2172,Taillenweite,94.0
15537,15538,2172,Schulterbreite,152.0
15538,15539,2172,Hemdenlänge:,
15539,15540,2172,bei Armlänge normal,78.0
15540,15541,2172,bei Armlänge extra lang,86.0
15541,15542,2173,Kragenweite,39.5
15542,15543,2173,Oberweite,112.0
15543,15544,2173,Taillenweite,102.0
15544,15545,2173,Schulterbreite,157.0
15545,15546,2173,Hemdenlänge:,
15546,15547,2173,bei Armlänge normal,80.0
15547,15548,2173,bei Armlänge extra lang,88.0
15548,15549,2174,Kragenweite,41.5
15549,15550,2174,Oberweite,120.0
15550,15551,2174,Taillenweite,110.0
15551,15552,2174,Schulterbreite,162.0
15552,15553,2174,Hemdenlänge:,
15553,15554,2174,bei Armlänge normal,82.0
15554,15555,2174,bei Armlänge extra lang,90.0
15555,15556,2175,Kragenweite,43.5
15556,15557,2175,Oberweite,130.0
15557,15558,2175,Taillenweite,120.0
15558,15559,2175,Schulterbreite,172.0
15559,15560,2175,Hemdenlänge:,
15560,15561,2175,bei Armlänge normal,84.0
15561,15562,2175,bei Armlänge extra lang,91.0
15562,15563,2176,Kragenweite,45.5
15563,15564,2176,Oberweite,138.0
15564,15565,2176,Taillenweite,130.0
15565,15566,2176,Schulterbreite,182.0
15566,15567,2176,Hemdenlänge:,
15567,15568,2176,bei Armlänge normal,86.0
15568,15569,2176,bei Armlänge extra lang,93.0
15569,15570,2177,Kragenweite,47.5
15570,15571,2177,Oberweite,146.0
15571,15572,2177,Taillenweite,140.0
15572,15573,2177,Schulterbreite,189.0
15573,15574,2177,Hemdenlänge:,
15574,15575,2177,bei Armlänge normal,90.0
15575,15576,2177,bei Armlänge extra lang,95.0
15576,15577,2178,Kragenweite,49.5
15577,15578,2178,Oberweite,
15578,15579,2178,Taillenweite,
15579,15580,2178,Schulterbreite,
15580,15581,2178,Hemdenlänge:,
15581,15582,2178,bei Armlänge normal,
15582,15583,2178,bei Armlänge extra lang,
15583,15584,2179,Kragenweite,52.0
15584,15585,2179,Oberweite,
15585,15586,2179,Taillenweite,
15586,15587,2179,Schulterbreite,
15587,15588,2179,Hemdenlänge:,
15588,15589,2179,bei Armlänge normal,
15589,15590,2179,bei Armlänge extra lang,
15590,15591,2180,Kragenweite,54.0
15591,15592,2180,Oberweite,
15592,15593,2180,Taillenweite,
15593,15594,2180,Schulterbreite,
15594,15595,2180,Hemdenlänge:,
15595,15596,2180,bei Armlänge normal,
15596,15597,2180,bei Armlänge extra lang,
15597,15598,2181,Kragenweite,36.0
15598,15599,2181,Oberweite,
15599,15600,2181,Taillenweite,
15600,15601,2181,Hemdenlänge:,
15601,15602,2181,bei Armlänge normal,
15602,15603,2182,Kragenweite,37.5
15603,15604,2182,Oberweite,108.0
15604,15605,2182,Taillenweite,100.0
15605,15606,2182,Hemdenlänge:,
15606,15607,2182,bei Armlänge normal,79.0
15607,15608,2183,Kragenweite,39.5
15608,15609,2183,Oberweite,114.0
15609,15610,2183,Taillenweite,106.0
15610,15611,2183,Hemdenlänge:,
15611,15612,2183,bei Armlänge normal,81.0
15612,15613,2184,Kragenweite,41.5
15613,15614,2184,Oberweite,120.0
15614,15615,2184,Taillenweite,112.0
15615,15616,2184,Hemdenlänge:,
15616,15617,2184,bei Armlänge normal,83.0
15617,15618,2185,Kragenweite,43.5
15618,15619,2185,Oberweite,126.0
15619,15620,2185,Taillenweite,118.0
15620,15621,2185,Hemdenlänge:,
15621,15622,2185,bei Armlänge normal,84.0
15622,15623,2186,Kragenweite,45.5
15623,15624,2186,Oberweite,132.0
15624,15625,2186,Taillenweite,124.0
15625,15626,2186,Hemdenlänge:,
15626,15627,2186,bei Armlänge normal,85.0
15627,15628,2187,Kragenweite,47.5
15628,15629,2187,Oberweite,138.0
15629,15630,2187,Taillenweite,130.0
15630,15631,2187,Hemdenlänge:,
15631,15632,2187,bei Armlänge normal,87.0
15632,15633,2188,Kragenweite,49.5
15633,15634,2188,Oberweite,
15634,15635,2188,Taillenweite,
15635,15636,2188,Hemdenlänge:,
15636,15637,2188,bei Armlänge normal,
15637,15638,2189,Kragenweite,52.0
15638,15639,2189,Oberweite,
15639,15640,2189,Taillenweite,
15640,15641,2189,Hemdenlänge:,
15641,15642,2189,bei Armlänge normal,
15642,15643,2190,Kragenweite,54.0
15643,15644,2190,Oberweite,
15644,15645,2190,Taillenweite,
15645,15646,2190,Hemdenlänge:,
15646,15647,2190,bei Armlänge normal,
15647,15648,2191,Kragenweite,36.0
15648,15649,2191,Oberweite,98.0
15649,15650,2191,Taillenweite,88.0
15650,15651,2191,Schulterbreite,147.0
15651,15652,2191,Hemdenlänge:,
15652,15653,2191,bei Armlänge normal,77.0
15653,15654,2191,bei Armlänge extra lang,85.0
15654,15655,2192,Kragenweite,37.5
15655,15656,2192,Oberweite,104.0
15656,15657,2192,Taillenweite,94.0
15657,15658,2192,Schulterbreite,152.0
15658,15659,2192,Hemdenlänge:,
15659,15660,2192,bei Armlänge normal,78.0
15660,15661,2192,bei Armlänge extra lang,86.0
15661,15662,2193,Kragenweite,39.5
15662,15663,2193,Oberweite,112.0
15663,15664,2193,Taillenweite,102.0
15664,15665,2193,Schulterbreite,157.0
15665,15666,2193,Hemdenlänge:,
15666,15667,2193,bei Armlänge normal,80.0
15667,15668,2193,bei Armlänge extra lang,88.0
15668,15669,2194,Kragenweite,41.5
15669,15670,2194,Oberweite,120.0
15670,15671,2194,Taillenweite,110.0
15671,15672,2194,Schulterbreite,162.0
15672,15673,2194,Hemdenlänge:,
15673,15674,2194,bei Armlänge normal,82.0
15674,15675,2194,bei Armlänge extra lang,90.0
15675,15676,2195,Kragenweite,43.5
15676,15677,2195,Oberweite,130.0
15677,15678,2195,Taillenweite,120.0
15678,15679,2195,Schulterbreite,172.0
15679,15680,2195,Hemdenlänge:,
15680,15681,2195,bei Armlänge normal,84.0
15681,15682,2195,bei Armlänge extra lang,91.0
15682,15683,2196,Kragenweite,45.5
15683,15684,2196,Oberweite,138.0
15684,15685,2196,Taillenweite,130.0
15685,15686,2196,Schulterbreite,182.0
15686,15687,2196,Hemdenlänge:,
15687,15688,2196,bei Armlänge normal,86.0
15688,15689,2196,bei Armlänge extra lang,93.0
15689,15690,2197,Kragenweite,47.5
15690,15691,2197,Oberweite,146.0
15691,15692,2197,Taillenweite,140.0
15692,15693,2197,Schulterbreite,189.0
15693,15694,2197,Hemdenlänge:,
15694,15695,2197,bei Armlänge normal,90.0
15695,15696,2197,bei Armlänge extra lang,95.0
15696,15697,2198,Kragenweite,49.5
15697,15698,2198,Oberweite,
15698,15699,2198,Taillenweite,
15699,15700,2198,Schulterbreite,
15700,15701,2198,Hemdenlänge:,
15701,15702,2198,bei Armlänge normal,
15702,15703,2198,bei Armlänge extra lang,
15703,15704,2199,Kragenweite,52.0
15704,15705,2199,Oberweite,
15705,15706,2199,Taillenweite,
15706,15707,2199,Schulterbreite,
15707,15708,2199,Hemdenlänge:,
15708,15709,2199,bei Armlänge normal,
15709,15710,2199,bei Armlänge extra lang,
15710,15711,2200,Kragenweite,54.0
15711,15712,2200,Oberweite,
15712,15713,2200,Taillenweite,
15713,15714,2200,Schulterbreite,
15714,15715,2200,Hemdenlänge:,
15715,15716,2200,bei Armlänge normal,
15716,15717,2200,bei Armlänge extra lang,
15717,15718,2201,Kragenweite,36.0
15718,15719,2201,Oberweite,
15719,15720,2201,Taillenweite,
15720,15721,2201,Hemdenlänge:,
15721,15722,2201,bei Armlänge extra kurz,
15722,15723,2201,bei Armlänge normal,
15723,15724,2202,Kragenweite,37.5
15724,15725,2202,Oberweite,108.0
15725,15726,2202,Taillenweite,94.0
15726,15727,2202,Hemdenlänge:,
15727,15728,2202,bei Armlänge extra kurz,77.0
15728,15729,2202,bei Armlänge normal,82.0
15729,15730,2203,Kragenweite,39.5
15730,15731,2203,Oberweite,114.0
15731,15732,2203,Taillenweite,102.0
15732,15733,2203,Hemdenlänge:,
15733,15734,2203,bei Armlänge extra kurz,78.0
15734,15735,2203,bei Armlänge normal,83.0
15735,15736,2204,Kragenweite,41.5
15736,15737,2204,Oberweite,122.0
15737,15738,2204,Taillenweite,108.0
15738,15739,2204,Hemdenlänge:,
15739,15740,2204,bei Armlänge extra kurz,79.0
15740,15741,2204,bei Armlänge normal,84.0
15741,15742,2205,Kragenweite,43.5
15742,15743,2205,Oberweite,128.0
15743,15744,2205,Taillenweite,114.0
15744,15745,2205,Hemdenlänge:,
15745,15746,2205,bei Armlänge extra kurz,80.0
15746,15747,2205,bei Armlänge normal,85.0
15747,15748,2206,Kragenweite,45.5
15748,15749,2206,Oberweite,134.0
15749,15750,2206,Taillenweite,120.0
15750,15751,2206,Hemdenlänge:,
15751,15752,2206,bei Armlänge extra kurz,81.0
15752,15753,2206,bei Armlänge normal,86.0
15753,15754,2207,Kragenweite,47.5
15754,15755,2207,Oberweite,
15755,15756,2207,Taillenweite,
15756,15757,2207,Hemdenlänge:,
15757,15758,2207,bei Armlänge extra kurz,
15758,15759,2207,bei Armlänge normal,
15759,15760,2208,Kragenweite,49.5
15760,15761,2208,Oberweite,
15761,15762,2208,Taillenweite,
15762,15763,2208,Hemdenlänge:,
15763,15764,2208,bei Armlänge extra kurz,
15764,15765,2208,bei Armlänge normal,
15765,15766,2209,Kragenweite,52.0
15766,15767,2209,Oberweite,
15767,15768,2209,Taillenweite,
15768,15769,2209,Hemdenlänge:,
15769,15770,2209,bei Armlänge extra kurz,
15770,15771,2209,bei Armlänge normal,
15771,15772,2210,Kragenweite,54.0
15772,15773,2210,Oberweite,
15773,15774,2210,Taillenweite,
15774,15775,2210,Hemdenlänge:,
15775,15776,2210,bei Armlänge extra kurz,
15776,15777,2210,bei Armlänge normal,
15777,15778,2211,Kragenweite,36.0
15778,15779,2211,Oberweite,
15779,15780,2211,Taillenweite,
15780,15781,2211,Hemdenlänge:,
15781,15782,2211,bei Armlänge normal,
15782,15783,2212,Kragenweite,37.5
15783,15784,2212,Oberweite,108.0
15784,15785,2212,Taillenweite,100.0
15785,15786,2212,Hemdenlänge:,
15786,15787,2212,bei Armlänge normal,79.0
15787,15788,2213,Kragenweite,39.5
15788,15789,2213,Oberweite,114.0
15789,15790,2213,Taillenweite,106.0
15790,15791,2213,Hemdenlänge:,
15791,15792,2213,bei Armlänge normal,81.0
15792,15793,2214,Kragenweite,41.5
15793,15794,2214,Oberweite,120.0
15794,15795,2214,Taillenweite,112.0
15795,15796,2214,Hemdenlänge:,
15796,15797,2214,bei Armlänge normal,83.0
15797,15798,2215,Kragenweite,43.5
15798,15799,2215,Oberweite,126.0
15799,15800,2215,Taillenweite,118.0
15800,15801,2215,Hemdenlänge:,
15801,15802,2215,bei Armlänge normal,84.0
15802,15803,2216,Kragenweite,45.5
15803,15804,2216,Oberweite,132.0
15804,15805,2216,Taillenweite,124.0
15805,15806,2216,Hemdenlänge:,
15806,15807,2216,bei Armlänge normal,85.0
15807,15808,2217,Kragenweite,47.5
15808,15809,2217,Oberweite,138.0
15809,15810,2217,Taillenweite,130.0
15810,15811,2217,Hemdenlänge:,
15811,15812,2217,bei Armlänge normal,87.0
15812,15813,2218,Kragenweite,49.5
15813,15814,2218,Oberweite,
15814,15815,2218,Taillenweite,
15815,15816,2218,Hemdenlänge:,
15816,15817,2218,bei Armlänge normal,
15817,15818,2219,Kragenweite,52.0
15818,15819,2219,Oberweite,
15819,15820,2219,Taillenweite,
15820,15821,2219,Hemdenlänge:,
15821,15822,2219,bei Armlänge normal,
15822,15823,2220,Kragenweite,54.0
15823,15824,2220,Oberweite,
15824,15825,2220,Taillenweite,
15825,15826,2220,Hemdenlänge:,
15826,15827,2220,bei Armlänge normal,
15827,15828,2221,Kragenweite,36.0
15828,15829,2221,Oberweite,
15829,15830,2221,Taillenweite,
15830,15831,2221,Hemdenlänge:,
15831,15832,2221,bei Armlänge extra kurz,
15832,15833,2221,bei Armlänge normal,
15833,15834,2222,Kragenweite,37.5
15834,15835,2222,Oberweite,108.0
15835,15836,2222,Taillenweite,94.0
15836,15837,2222,Hemdenlänge:,
15837,15838,2222,bei Armlänge extra kurz,77.0
15838,15839,2222,bei Armlänge normal,82.0
15839,15840,2223,Kragenweite,39.5
15840,15841,2223,Oberweite,114.0
15841,15842,2223,Taillenweite,102.0
15842,15843,2223,Hemdenlänge:,
15843,15844,2223,bei Armlänge extra kurz,78.0
15844,15845,2223,bei Armlänge normal,83.0
15845,15846,2224,Kragenweite,41.5
15846,15847,2224,Oberweite,122.0
15847,15848,2224,Taillenweite,108.0
15848,15849,2224,Hemdenlänge:,
15849,15850,2224,bei Armlänge extra kurz,79.0
15850,15851,2224,bei Armlänge normal,84.0
15851,15852,2225,Kragenweite,43.5
15852,15853,2225,Oberweite,128.0
15853,15854,2225,Taillenweite,114.0
15854,15855,2225,Hemdenlänge:,
15855,15856,2225,bei Armlänge extra kurz,80.0
15856,15857,2225,bei Armlänge normal,85.0
15857,15858,2226,Kragenweite,45.5
15858,15859,2226,Oberweite,134.0
15859,15860,2226,Taillenweite,120.0
15860,15861,2226,Hemdenlänge:,
15861,15862,2226,bei Armlänge extra kurz,81.0
15862,15863,2226,bei Armlänge normal,86.0
15863,15864,2227,Kragenweite,47.5
15864,15865,2227,Oberweite,
15865,15866,2227,Taillenweite,
15866,15867,2227,Hemdenlänge:,
15867,15868,2227,bei Armlänge extra kurz,
15868,15869,2227,bei Armlänge normal,
15869,15870,2228,Kragenweite,49.5
15870,15871,2228,Oberweite,
15871,15872,2228,Taillenweite,
15872,15873,2228,Hemdenlänge:,
15873,15874,2228,bei Armlänge extra kurz,
15874,15875,2228,bei Armlänge normal,
15875,15876,2229,Kragenweite,52.0
15876,15877,2229,Oberweite,
15877,15878,2229,Taillenweite,
15878,15879,2229,Hemdenlänge:,
15879,15880,2229,bei Armlänge extra kurz,
15880,15881,2229,bei Armlänge normal,
15881,15882,2230,Kragenweite,54.0
15882,15883,2230,Oberweite,
15883,15884,2230,Taillenweite,
15884,15885,2230,Hemdenlänge:,
15885,15886,2230,bei Armlänge extra kurz,
15886,15887,2230,bei Armlänge normal,
15887,15888,2231,Kragenweite,36.0
15888,15889,2231,Oberweite,
15889,15890,2231,Taillenweite,
15890,15891,2231,Hemdenlänge:,
15891,15892,2231,bei Armlänge extra kurz,
15892,15893,2231,bei Armlänge normal,
15893,15894,2232,Kragenweite,37.5
15894,15895,2232,Oberweite,108.0
15895,15896,2232,Taillenweite,94.0
15896,15897,2232,Hemdenlänge:,
15897,15898,2232,bei Armlänge extra kurz,77.0
15898,15899,2232,bei Armlänge normal,82.0
15899,15900,2233,Kragenweite,39.5
15900,15901,2233,Oberweite,114.0
15901,15902,2233,Taillenweite,102.0
15902,15903,2233,Hemdenlänge:,
15903,15904,2233,bei Armlänge extra kurz,78.0
15904,15905,2233,bei Armlänge normal,83.0
15905,15906,2234,Kragenweite,41.5
15906,15907,2234,Oberweite,122.0
15907,15908,2234,Taillenweite,108.0
15908,15909,2234,Hemdenlänge:,
15909,15910,2234,bei Armlänge extra kurz,79.0
15910,15911,2234,bei Armlänge normal,84.0
15911,15912,2235,Kragenweite,43.5
15912,15913,2235,Oberweite,128.0
15913,15914,2235,Taillenweite,114.0
15914,15915,2235,Hemdenlänge:,
15915,15916,2235,bei Armlänge extra kurz,80.0
15916,15917,2235,bei Armlänge normal,85.0
15917,15918,2236,Kragenweite,45.5
15918,15919,2236,Oberweite,134.0
15919,15920,2236,Taillenweite,120.0
15920,15921,2236,Hemdenlänge:,
15921,15922,2236,bei Armlänge extra kurz,81.0
15922,15923,2236,bei Armlänge normal,86.0
15923,15924,2237,Kragenweite,47.5
15924,15925,2237,Oberweite,
15925,15926,2237,Taillenweite,
15926,15927,2237,Hemdenlänge:,
15927,15928,2237,bei Armlänge extra kurz,
15928,15929,2237,bei Armlänge normal,
15929,15930,2238,Kragenweite,49.5
15930,15931,2238,Oberweite,
15931,15932,2238,Taillenweite,
15932,15933,2238,Hemdenlänge:,
15933,15934,2238,bei Armlänge extra kurz,
15934,15935,2238,bei Armlänge normal,
15935,15936,2239,Kragenweite,52.0
15936,15937,2239,Oberweite,
15937,15938,2239,Taillenweite,
15938,15939,2239,Hemdenlänge:,
15939,15940,2239,bei Armlänge extra kurz,
15940,15941,2239,bei Armlänge normal,
15941,15942,2240,Kragenweite,54.0
15942,15943,2240,Oberweite,
15943,15944,2240,Taillenweite,
15944,15945,2240,Hemdenlänge:,
15945,15946,2240,bei Armlänge extra kurz,
15946,15947,2240,bei Armlänge normal,
15947,15948,2241,Kragenweite,36.0
15948,15949,2241,Oberweite,
15949,15950,2241,Taillenweite,
15950,15951,2241,Hemdenlänge:,
15951,15952,2241,bei Armlänge normal,
15952,15953,2241,bei Armlänge extra lang,
15953,15954,2242,Kragenweite,37.5
15954,15955,2242,Oberweite,110.0
15955,15956,2242,Taillenweite,100.0
15956,15957,2242,Hemdenlänge:,
15957,15958,2242,bei Armlänge normal,82.0
15958,15959,2242,bei Armlänge extra lang,87.0
15959,15960,2243,Kragenweite,39.5
15960,15961,2243,Oberweite,116.0
15961,15962,2243,Taillenweite,108.0
15962,15963,2243,Hemdenlänge:,
15963,15964,2243,bei Armlänge normal,82.0
15964,15965,2243,bei Armlänge extra lang,87.0
15965,15966,2244,Kragenweite,41.5
15966,15967,2244,Oberweite,124.0
15967,15968,2244,Taillenweite,116.0
15968,15969,2244,Hemdenlänge:,
15969,15970,2244,bei Armlänge normal,82.0
15970,15971,2244,bei Armlänge extra lang,87.0
15971,15972,2245,Kragenweite,43.5
15972,15973,2245,Oberweite,132.0
15973,15974,2245,Taillenweite,126.0
15974,15975,2245,Hemdenlänge:,
15975,15976,2245,bei Armlänge normal,85.0
15976,15977,2245,bei Armlänge extra lang,90.0
15977,15978,2246,Kragenweite,45.5
15978,15979,2246,Oberweite,140.0
15979,15980,2246,Taillenweite,134.0
15980,15981,2246,Hemdenlänge:,
15981,15982,2246,bei Armlänge normal,85.0
15982,15983,2246,bei Armlänge extra lang,90.0
15983,15984,2247,Kragenweite,47.5
15984,15985,2247,Oberweite,150.0
15985,15986,2247,Taillenweite,146.0
15986,15987,2247,Hemdenlänge:,
15987,15988,2247,bei Armlänge normal,90.0
15988,15989,2247,bei Armlänge extra lang,95.0
15989,15990,2248,Kragenweite,49.5
15990,15991,2248,Oberweite,156.0
15991,15992,2248,Taillenweite,156.0
15992,15993,2248,Hemdenlänge:,
15993,15994,2248,bei Armlänge normal,90.0
15994,15995,2248,bei Armlänge extra lang,95.0
15995,15996,2249,Kragenweite,52.0
15996,15997,2249,Oberweite,160.0
15997,15998,2249,Taillenweite,164.0
15998,15999,2249,Hemdenlänge:,
15999,16000,2249,bei Armlänge normal,90.0
16000,16001,2249,bei Armlänge extra lang,95.0
16001,16002,2250,Kragenweite,54.0
16002,16003,2250,Oberweite,164.0
16003,16004,2250,Taillenweite,170.0
16004,16005,2250,Hemdenlänge:,
16005,16006,2250,bei Armlänge normal,90.0
16006,16007,2250,bei Armlänge extra lang,95.0
16007,16008,2251,Kragenweite,36.0
16008,16009,2251,Oberweite,98.0
16009,16010,2251,Taillenweite,86.0
16010,16011,2251,Rückenbreite,38.0
16011,16012,2251,Hemdenlänge:,
16012,16013,2251,bei Armlänge extra kurz,76.0
16013,16014,2251,bei Armlänge normal,76.0
16014,16015,2251,bei Armlänge extra lang,79.0
16015,16016,2252,Kragenweite,37.5
16016,16017,2252,Oberweite,104.0
16017,16018,2252,Taillenweite,92.0
16018,16019,2252,Rückenbreite,40.0
16019,16020,2252,Hemdenlänge:,
16020,16021,2252,bei Armlänge extra kurz,78.0
16021,16022,2252,bei Armlänge normal,78.0
16022,16023,2252,bei Armlänge extra lang,81.0
16023,16024,2253,Kragenweite,39.5
16024,16025,2253,Oberweite,110.0
16025,16026,2253,Taillenweite,98.0
16026,16027,2253,Rückenbreite,42.0
16027,16028,2253,Hemdenlänge:,
16028,16029,2253,bei Armlänge extra kurz,80.0
16029,16030,2253,bei Armlänge normal,80.0
16030,16031,2253,bei Armlänge extra lang,83.0
16031,16032,2254,Kragenweite,41.5
16032,16033,2254,Oberweite,116.0
16033,16034,2254,Taillenweite,104.0
16034,16035,2254,Rückenbreite,44.0
16035,16036,2254,Hemdenlänge:,
16036,16037,2254,bei Armlänge extra kurz,80.0
16037,16038,2254,bei Armlänge normal,80.0
16038,16039,2254,bei Armlänge extra lang,83.0
16039,16040,2255,Kragenweite,43.5
16040,16041,2255,Oberweite,124.0
16041,16042,2255,Taillenweite,112.0
16042,16043,2255,Rückenbreite,46.0
16043,16044,2255,Hemdenlänge:,
16044,16045,2255,bei Armlänge extra kurz,83.0
16045,16046,2255,bei Armlänge normal,83.0
16046,16047,2255,bei Armlänge extra lang,87.0
16047,16048,2256,Kragenweite,45.5
16048,16049,2256,Oberweite,132.0
16049,16050,2256,Taillenweite,120.0
16050,16051,2256,Rückenbreite,48.0
16051,16052,2256,Hemdenlänge:,
16052,16053,2256,bei Armlänge extra kurz,85.0
16053,16054,2256,bei Armlänge normal,85.0
16054,16055,2256,bei Armlänge extra lang,89.0
16055,16056,2257,Kragenweite,47.5
16056,16057,2257,Oberweite,
16057,16058,2257,Taillenweite,
16058,16059,2257,Rückenbreite,
16059,16060,2257,Hemdenlänge:,
16060,16061,2257,bei Armlänge extra kurz,
16061,16062,2257,bei Armlänge normal,
16062,16063,2257,bei Armlänge extra lang,
16063,16064,2258,Kragenweite,49.5
16064,16065,2258,Oberweite,
16065,16066,2258,Taillenweite,
16066,16067,2258,Rückenbreite,
16067,16068,2258,Hemdenlänge:,
16068,16069,2258,bei Armlänge extra kurz,
16069,16070,2258,bei Armlänge normal,
16070,16071,2258,bei Armlänge extra lang,
16071,16072,2259,Kragenweite,52.0
16072,16073,2259,Oberweite,
16073,16074,2259,Taillenweite,
16074,16075,2259,Rückenbreite,
16075,16076,2259,Hemdenlänge:,
16076,16077,2259,bei Armlänge extra kurz,
16077,16078,2259,bei Armlänge normal,
16078,16079,2259,bei Armlänge extra lang,
16079,16080,2260,Kragenweite,54.0
16080,16081,2260,Oberweite,
16081,16082,2260,Taillenweite,
16082,16083,2260,Rückenbreite,
16083,16084,2260,Hemdenlänge:,
16084,16085,2260,bei Armlänge extra kurz,
16085,16086,2260,bei Armlänge normal,
16086,16087,2260,bei Armlänge extra lang,
16087,16088,2261,Kragenweite,36.0
16088,16089,2261,Oberweite,108.0
16089,16090,2261,Taillenweite,98.0
16090,16091,2261,Hüftweite,
16091,16092,2261,Rückenbreite,455.0
16092,16093,2261,Hemdenlänge:,
16093,16094,2261,bei Armlänge extra kurz,82.0
16094,16095,2261,bei Armlänge normal,82.0
16095,16096,2261,bei Armlänge extra lang,85.0
16096,16097,2262,Kragenweite,37.5
16097,16098,2262,Oberweite,114.0
16098,16099,2262,Taillenweite,102.0
16099,16100,2262,Hüftweite,106.0
16100,16101,2262,Rückenbreite,47.0
16101,16102,2262,Hemdenlänge:,
16102,16103,2262,bei Armlänge extra kurz,82.0
16103,16104,2262,bei Armlänge normal,82.0
16104,16105,2262,bei Armlänge extra lang,85.0
16105,16106,2263,Kragenweite,39.5
16106,16107,2263,Oberweite,120.0
16107,16108,2263,Taillenweite,106.0
16108,16109,2263,Hüftweite,112.0
16109,16110,2263,Rückenbreite,485.0
16110,16111,2263,Hemdenlänge:,
16111,16112,2263,bei Armlänge extra kurz,82.0
16112,16113,2263,bei Armlänge normal,82.0
16113,16114,2263,bei Armlänge extra lang,85.0
16114,16115,2264,Kragenweite,41.5
16115,16116,2264,Oberweite,126.0
16116,16117,2264,Taillenweite,112.0
16117,16118,2264,Hüftweite,118.0
16118,16119,2264,Rückenbreite,50.0
16119,16120,2264,Hemdenlänge:,
16120,16121,2264,bei Armlänge extra kurz,82.0
16121,16122,2264,bei Armlänge normal,82.0
16122,16123,2264,bei Armlänge extra lang,85.0
16123,16124,2265,Kragenweite,43.5
16124,16125,2265,Oberweite,132.0
16125,16126,2265,Taillenweite,122.0
16126,16127,2265,Hüftweite,124.0
16127,16128,2265,Rückenbreite,515.0
16128,16129,2265,Hemdenlänge:,
16129,16130,2265,bei Armlänge extra kurz,82.0
16130,16131,2265,bei Armlänge normal,85.0
16131,16132,2265,bei Armlänge extra lang,90.0
16132,16133,2266,Kragenweite,45.5
16133,16134,2266,Oberweite,138.0
16134,16135,2266,Taillenweite,130.0
16135,16136,2266,Hüftweite,130.0
16136,16137,2266,Rückenbreite,53.0
16137,16138,2266,Hemdenlänge:,
16138,16139,2266,bei Armlänge extra kurz,84.0
16139,16140,2266,bei Armlänge normal,85.0
16140,16141,2266,bei Armlänge extra lang,90.0
16141,16142,2267,Kragenweite,47.5
16142,16143,2267,Oberweite,144.0
16143,16144,2267,Taillenweite,138.0
16144,16145,2267,Hüftweite,136.0
16145,16146,2267,Rückenbreite,545.0
16146,16147,2267,Hemdenlänge:,
16147,16148,2267,bei Armlänge extra kurz,84.0
16148,16149,2267,bei Armlänge normal,90.0
16149,16150,2267,bei Armlänge extra lang,90.0
16150,16151,2268,Kragenweite,49.5
16151,16152,2268,Oberweite,152.0
16152,16153,2268,Taillenweite,144.0
16153,16154,2268,Hüftweite,
16154,16155,2268,Rückenbreite,565.0
16155,16156,2268,Hemdenlänge:,
16156,16157,2268,bei Armlänge extra kurz,86.0
16157,16158,2268,bei Armlänge normal,95.0
16158,16159,2268,bei Armlänge extra lang,95.0
16159,16160,2269,Kragenweite,52.0
16160,16161,2269,Oberweite,
16161,16162,2269,Taillenweite,
16162,16163,2269,Hüftweite,
16163,16164,2269,Rückenbreite,
16164,16165,2269,Hemdenlänge:,
16165,16166,2269,bei Armlänge extra kurz,
16166,16167,2269,bei Armlänge normal,
16167,16168,2269,bei Armlänge extra lang,
16168,16169,2270,Kragenweite,54.0
16169,16170,2270,Oberweite,
16170,16171,2270,Taillenweite,
16171,16172,2270,Hüftweite,
16172,16173,2270,Rückenbreite,
16173,16174,2270,Hemdenlänge:,
16174,16175,2270,bei Armlänge extra kurz,
16175,16176,2270,bei Armlänge normal,
16176,16177,2270,bei Armlänge extra lang,
16177,16178,2271,Kragenweite,36.0
16178,16179,2271,Oberweite,92.0
16179,16180,2271,Taillenweite,80.0
16180,16181,2271,Hemdenlänge:,
16181,16182,2271,bei Armlänge normal,73.0
16182,16183,2272,Kragenweite,37.5
16183,16184,2272,Oberweite,98.0
16184,16185,2272,Taillenweite,86.0
16185,16186,2272,Hemdenlänge:,
16186,16187,2272,bei Armlänge normal,74.0
16187,16188,2273,Kragenweite,39.5
16188,16189,2273,Oberweite,104.0
16189,16190,2273,Taillenweite,92.0
16190,16191,2273,Hemdenlänge:,
16191,16192,2273,bei Armlänge normal,76.0
16192,16193,2274,Kragenweite,41.5
16193,16194,2274,Oberweite,110.0
16194,16195,2274,Taillenweite,98.0
16195,16196,2274,Hemdenlänge:,
16196,16197,2274,bei Armlänge normal,77.0
16197,16198,2275,Kragenweite,43.5
16198,16199,2275,Oberweite,116.0
16199,16200,2275,Taillenweite,104.0
16200,16201,2275,Hemdenlänge:,
16201,16202,2275,bei Armlänge normal,79.0
16202,16203,2276,Kragenweite,45.5
16203,16204,2276,Oberweite,
16204,16205,2276,Taillenweite,
16205,16206,2276,Hemdenlänge:,
16206,16207,2276,bei Armlänge normal,
16207,16208,2277,Kragenweite,47.5
16208,16209,2277,Oberweite,
16209,16210,2277,Taillenweite,
16210,16211,2277,Hemdenlänge:,
16211,16212,2277,bei Armlänge normal,
16212,16213,2278,Kragenweite,49.5
16213,16214,2278,Oberweite,
16214,16215,2278,Taillenweite,
16215,16216,2278,Hemdenlänge:,
16216,16217,2278,bei Armlänge normal,
16217,16218,2279,Kragenweite,52.0
16218,16219,2279,Oberweite,
16219,16220,2279,Taillenweite,
16220,16221,2279,Hemdenlänge:,
16221,16222,2279,bei Armlänge normal,
16222,16223,2280,Kragenweite,54.0
16223,16224,2280,Oberweite,
16224,16225,2280,Taillenweite,
16225,16226,2280,Hemdenlänge:,
16226,16227,2280,bei Armlänge normal,
16227,16228,2281,Kragenweite,36.0
16228,16229,2281,Oberweite,
16229,16230,2281,Taillenweite,
16230,16231,2281,Hemdenlänge:,
16231,16232,2281,bei Armlänge normal,
16232,16233,2282,Kragenweite,37.5
16233,16234,2282,Oberweite,102.0
16234,16235,2282,Taillenweite,91.0
16235,16236,2282,Hemdenlänge:,
16236,16237,2282,bei Armlänge normal,78.0
16237,16238,2283,Kragenweite,39.5
16238,16239,2283,Oberweite,108.0
16239,16240,2283,Taillenweite,97.0
16240,16241,2283,Hemdenlänge:,
16241,16242,2283,bei Armlänge normal,79.0
16242,16243,2284,Kragenweite,41.5
16243,16244,2284,Oberweite,114.0
16244,16245,2284,Taillenweite,103.0
16245,16246,2284,Hemdenlänge:,
16246,16247,2284,bei Armlänge normal,81.0
16247,16248,2285,Kragenweite,43.5
16248,16249,2285,Oberweite,120.0
16249,16250,2285,Taillenweite,109.0
16250,16251,2285,Hemdenlänge:,
16251,16252,2285,bei Armlänge normal,82.0
16252,16253,2286,Kragenweite,45.5
16253,16254,2286,Oberweite,126.0
16254,16255,2286,Taillenweite,115.0
16255,16256,2286,Hemdenlänge:,
16256,16257,2286,bei Armlänge normal,84.0
16257,16258,2287,Kragenweite,47.5
16258,16259,2287,Oberweite,
16259,16260,2287,Taillenweite,
16260,16261,2287,Hemdenlänge:,
16261,16262,2287,bei Armlänge normal,
16262,16263,2288,Kragenweite,49.5
16263,16264,2288,Oberweite,
16264,16265,2288,Taillenweite,
16265,16266,2288,Hemdenlänge:,
16266,16267,2288,bei Armlänge normal,
16267,16268,2289,Kragenweite,52.0
16268,16269,2289,Oberweite,
16269,16270,2289,Taillenweite,
16270,16271,2289,Hemdenlänge:,
16271,16272,2289,bei Armlänge normal,
16272,16273,2290,Kragenweite,54.0
16273,16274,2290,Oberweite,
16274,16275,2290,Taillenweite,
16275,16276,2290,Hemdenlänge:,
16276,16277,2290,bei Armlänge normal,
16277,16278,2291,Kragenweite,36.0
16278,16279,2291,Oberweite,
16279,16280,2291,Taillenweite,
16280,16281,2291,Hemdenlänge:,
16281,16282,2291,bei Armlänge normal,
16282,16283,2292,Kragenweite,37.5
16283,16284,2292,Oberweite,102.0
16284,16285,2292,Taillenweite,91.0
16285,16286,2292,Hemdenlänge:,
16286,16287,2292,bei Armlänge normal,78.0
16287,16288,2293,Kragenweite,39.5
16288,16289,2293,Oberweite,108.0
16289,16290,2293,Taillenweite,97.0
16290,16291,2293,Hemdenlänge:,
16291,16292,2293,bei Armlänge normal,79.0
16292,16293,2294,Kragenweite,41.5
16293,16294,2294,Oberweite,114.0
16294,16295,2294,Taillenweite,103.0
16295,16296,2294,Hemdenlänge:,
16296,16297,2294,bei Armlänge normal,81.0
16297,16298,2295,Kragenweite,43.5
16298,16299,2295,Oberweite,120.0
16299,16300,2295,Taillenweite,109.0
16300,16301,2295,Hemdenlänge:,
16301,16302,2295,bei Armlänge normal,82.0
16302,16303,2296,Kragenweite,45.5
16303,16304,2296,Oberweite,126.0
16304,16305,2296,Taillenweite,115.0
16305,16306,2296,Hemdenlänge:,
16306,16307,2296,bei Armlänge normal,84.0
16307,16308,2297,Kragenweite,47.5
16308,16309,2297,Oberweite,
16309,16310,2297,Taillenweite,
16310,16311,2297,Hemdenlänge:,
16311,16312,2297,bei Armlänge normal,
16312,16313,2298,Kragenweite,49.5
16313,16314,2298,Oberweite,
16314,16315,2298,Taillenweite,
16315,16316,2298,Hemdenlänge:,
16316,16317,2298,bei Armlänge normal,
16317,16318,2299,Kragenweite,52.0
16318,16319,2299,Oberweite,
16319,16320,2299,Taillenweite,
16320,16321,2299,Hemdenlänge:,
16321,16322,2299,bei Armlänge normal,
16322,16323,2300,Kragenweite,54.0
16323,16324,2300,Oberweite,
16324,16325,2300,Taillenweite,
16325,16326,2300,Hemdenlänge:,
16326,16327,2300,bei Armlänge normal,
16327,16328,2301,Kragenweite,36.0
16328,16329,2301,Oberweite,
16329,16330,2301,Taillenweite,
16330,16331,2301,Hemdenlänge:,
16331,16332,2301,bei Armlänge normal,
16332,16333,2302,Kragenweite,37.5
16333,16334,2302,Oberweite,108.0
16334,16335,2302,Taillenweite,100.0
16335,16336,2302,Hemdenlänge:,
16336,16337,2302,bei Armlänge normal,79.0
16337,16338,2303,Kragenweite,39.5
16338,16339,2303,Oberweite,114.0
16339,16340,2303,Taillenweite,106.0
16340,16341,2303,Hemdenlänge:,
16341,16342,2303,bei Armlänge normal,81.0
16342,16343,2304,Kragenweite,41.5
16343,16344,2304,Oberweite,120.0
16344,16345,2304,Taillenweite,112.0
16345,16346,2304,Hemdenlänge:,
16346,16347,2304,bei Armlänge normal,83.0
16347,16348,2305,Kragenweite,43.5
16348,16349,2305,Oberweite,126.0
16349,16350,2305,Taillenweite,118.0
16350,16351,2305,Hemdenlänge:,
16351,16352,2305,bei Armlänge normal,84.0
16352,16353,2306,Kragenweite,45.5
16353,16354,2306,Oberweite,132.0
16354,16355,2306,Taillenweite,124.0
16355,16356,2306,Hemdenlänge:,
16356,16357,2306,bei Armlänge normal,85.0
16357,16358,2307,Kragenweite,47.5
16358,16359,2307,Oberweite,138.0
16359,16360,2307,Taillenweite,130.0
16360,16361,2307,Hemdenlänge:,
16361,16362,2307,bei Armlänge normal,87.0
16362,16363,2308,Kragenweite,49.5
16363,16364,2308,Oberweite,
16364,16365,2308,Taillenweite,
16365,16366,2308,Hemdenlänge:,
16366,16367,2308,bei Armlänge normal,
16367,16368,2309,Kragenweite,52.0
16368,16369,2309,Oberweite,
16369,16370,2309,Taillenweite,
16370,16371,2309,Hemdenlänge:,
16371,16372,2309,bei Armlänge normal,
16372,16373,2310,Kragenweite,54.0
16373,16374,2310,Oberweite,
16374,16375,2310,Taillenweite,
16375,16376,2310,Hemdenlänge:,
16376,16377,2310,bei Armlänge normal,
16377,16378,2311,Kragenweite,36.0
16378,16379,2311,Oberweite,
16379,16380,2311,Taillenweite,
16380,16381,2311,Hemdenlänge:,
16381,16382,2311,bei Armlänge normal,
16382,16383,2312,Kragenweite,37.5
16383,16384,2312,Oberweite,102.0
16384,16385,2312,Taillenweite,91.0
16385,16386,2312,Hemdenlänge:,
16386,16387,2312,bei Armlänge normal,78.0
16387,16388,2313,Kragenweite,39.5
16388,16389,2313,Oberweite,108.0
16389,16390,2313,Taillenweite,97.0
16390,16391,2313,Hemdenlänge:,
16391,16392,2313,bei Armlänge normal,79.0
16392,16393,2314,Kragenweite,41.5
16393,16394,2314,Oberweite,114.0
16394,16395,2314,Taillenweite,103.0
16395,16396,2314,Hemdenlänge:,
16396,16397,2314,bei Armlänge normal,81.0
16397,16398,2315,Kragenweite,43.5
16398,16399,2315,Oberweite,120.0
16399,16400,2315,Taillenweite,109.0
16400,16401,2315,Hemdenlänge:,
16401,16402,2315,bei Armlänge normal,82.0
16402,16403,2316,Kragenweite,45.5
16403,16404,2316,Oberweite,126.0
16404,16405,2316,Taillenweite,115.0
16405,16406,2316,Hemdenlänge:,
16406,16407,2316,bei Armlänge normal,84.0
16407,16408,2317,Kragenweite,47.5
16408,16409,2317,Oberweite,
16409,16410,2317,Taillenweite,
16410,16411,2317,Hemdenlänge:,
16411,16412,2317,bei Armlänge normal,
16412,16413,2318,Kragenweite,49.5
16413,16414,2318,Oberweite,
16414,16415,2318,Taillenweite,
16415,16416,2318,Hemdenlänge:,
16416,16417,2318,bei Armlänge normal,
16417,16418,2319,Kragenweite,52.0
16418,16419,2319,Oberweite,
16419,16420,2319,Taillenweite,
16420,16421,2319,Hemdenlänge:,
16421,16422,2319,bei Armlänge normal,
16422,16423,2320,Kragenweite,54.0
16423,16424,2320,Oberweite,
16424,16425,2320,Taillenweite,
16425,16426,2320,Hemdenlänge:,
16426,16427,2320,bei Armlänge normal,
16427,16428,2321,Kragenweite,36.0
16428,16429,2321,Oberweite,
16429,16430,2321,Taillenweite,
16430,16431,2321,Hemdenlänge:,
16431,16432,2321,bei Armlänge normal,
16432,16433,2322,Kragenweite,37.5
16433,16434,2322,Oberweite,102.0
16434,16435,2322,Taillenweite,91.0
16435,16436,2322,Hemdenlänge:,
16436,16437,2322,bei Armlänge normal,78.0
16437,16438,2323,Kragenweite,39.5
16438,16439,2323,Oberweite,108.0
16439,16440,2323,Taillenweite,97.0
16440,16441,2323,Hemdenlänge:,
16441,16442,2323,bei Armlänge normal,79.0
16442,16443,2324,Kragenweite,41.5
16443,16444,2324,Oberweite,114.0
16444,16445,2324,Taillenweite,103.0
16445,16446,2324,Hemdenlänge:,
16446,16447,2324,bei Armlänge normal,81.0
16447,16448,2325,Kragenweite,43.5
16448,16449,2325,Oberweite,120.0
16449,16450,2325,Taillenweite,109.0
16450,16451,2325,Hemdenlänge:,
16451,16452,2325,bei Armlänge normal,82.0
16452,16453,2326,Kragenweite,45.5
16453,16454,2326,Oberweite,126.0
16454,16455,2326,Taillenweite,115.0
16455,16456,2326,Hemdenlänge:,
16456,16457,2326,bei Armlänge normal,84.0
16457,16458,2327,Kragenweite,47.5
16458,16459,2327,Oberweite,
16459,16460,2327,Taillenweite,
16460,16461,2327,Hemdenlänge:,
16461,16462,2327,bei Armlänge normal,
16462,16463,2328,Kragenweite,49.5
16463,16464,2328,Oberweite,
16464,16465,2328,Taillenweite,
16465,16466,2328,Hemdenlänge:,
16466,16467,2328,bei Armlänge normal,
16467,16468,2329,Kragenweite,52.0
16468,16469,2329,Oberweite,
16469,16470,2329,Taillenweite,
16470,16471,2329,Hemdenlänge:,
16471,16472,2329,bei Armlänge normal,
16472,16473,2330,Kragenweite,54.0
16473,16474,2330,Oberweite,
16474,16475,2330,Taillenweite,
16475,16476,2330,Hemdenlänge:,
16476,16477,2330,bei Armlänge normal,
16477,16478,2331,Kragenweite,36.0
16478,16479,2331,Oberweite,
16479,16480,2331,Taillenweite,
16480,16481,2331,Hemdenlänge:,
16481,16482,2331,bei Armlänge normal,
16482,16483,2332,Kragenweite,37.5
16483,16484,2332,Oberweite,110.0
16484,16485,2332,Taillenweite,105.0
16485,16486,2332,Hemdenlänge:,
16486,16487,2332,bei Armlänge normal,79.0
16487,16488,2333,Kragenweite,39.5
16488,16489,2333,Oberweite,117.0
16489,16490,2333,Taillenweite,112.0
16490,16491,2333,Hemdenlänge:,
16491,16492,2333,bei Armlänge normal,81.0
16492,16493,2334,Kragenweite,41.5
16493,16494,2334,Oberweite,125.0
16494,16495,2334,Taillenweite,120.0
16495,16496,2334,Hemdenlänge:,
16496,16497,2334,bei Armlänge normal,83.0
16497,16498,2335,Kragenweite,43.5
16498,16499,2335,Oberweite,132.0
16499,16500,2335,Taillenweite,129.0
16500,16501,2335,Hemdenlänge:,
16501,16502,2335,bei Armlänge normal,84.0
16502,16503,2336,Kragenweite,45.5
16503,16504,2336,Oberweite,139.0
16504,16505,2336,Taillenweite,137.0
16505,16506,2336,Hemdenlänge:,
16506,16507,2336,bei Armlänge normal,85.0
16507,16508,2337,Kragenweite,47.5
16508,16509,2337,Oberweite,146.0
16509,16510,2337,Taillenweite,145.0
16510,16511,2337,Hemdenlänge:,
16511,16512,2337,bei Armlänge normal,87.0
16512,16513,2338,Kragenweite,49.5
16513,16514,2338,Oberweite,153.0
16514,16515,2338,Taillenweite,153.0
16515,16516,2338,Hemdenlänge:,
16516,16517,2338,bei Armlänge normal,89.0
16517,16518,2339,Kragenweite,52.0
16518,16519,2339,Oberweite,160.0
16519,16520,2339,Taillenweite,161.0
16520,16521,2339,Hemdenlänge:,
16521,16522,2339,bei Armlänge normal,90.0
16522,16523,2340,Kragenweite,54.0
16523,16524,2340,Oberweite,
16524,16525,2340,Taillenweite,
16525,16526,2340,Hemdenlänge:,
16526,16527,2340,bei Armlänge normal,
16527,16528,2341,Kragenweite,36.0
16528,16529,2341,Oberweite,
16529,16530,2341,Taillenweite,
16530,16531,2341,Hemdenlänge:,
16531,16532,2341,bei Armlänge normal,
16532,16533,2342,Kragenweite,37.5
16533,16534,2342,Oberweite,108.0
16534,16535,2342,Taillenweite,100.0
16535,16536,2342,Hemdenlänge:,
16536,16537,2342,bei Armlänge normal,79.0
16537,16538,2343,Kragenweite,39.5
16538,16539,2343,Oberweite,114.0
16539,16540,2343,Taillenweite,106.0
16540,16541,2343,Hemdenlänge:,
16541,16542,2343,bei Armlänge normal,81.0
16542,16543,2344,Kragenweite,41.5
16543,16544,2344,Oberweite,120.0
16544,16545,2344,Taillenweite,112.0
16545,16546,2344,Hemdenlänge:,
16546,16547,2344,bei Armlänge normal,83.0
16547,16548,2345,Kragenweite,43.5
16548,16549,2345,Oberweite,126.0
16549,16550,2345,Taillenweite,118.0
16550,16551,2345,Hemdenlänge:,
16551,16552,2345,bei Armlänge normal,84.0
16552,16553,2346,Kragenweite,45.5
16553,16554,2346,Oberweite,132.0
16554,16555,2346,Taillenweite,124.0
16555,16556,2346,Hemdenlänge:,
16556,16557,2346,bei Armlänge normal,85.0
16557,16558,2347,Kragenweite,47.5
16558,16559,2347,Oberweite,138.0
16559,16560,2347,Taillenweite,130.0
16560,16561,2347,Hemdenlänge:,
16561,16562,2347,bei Armlänge normal,87.0
16562,16563,2348,Kragenweite,49.5
16563,16564,2348,Oberweite,
16564,16565,2348,Taillenweite,
16565,16566,2348,Hemdenlänge:,
16566,16567,2348,bei Armlänge normal,
16567,16568,2349,Kragenweite,52.0
16568,16569,2349,Oberweite,
16569,16570,2349,Taillenweite,
16570,16571,2349,Hemdenlänge:,
16571,16572,2349,bei Armlänge normal,
16572,16573,2350,Kragenweite,54.0
16573,16574,2350,Oberweite,
16574,16575,2350,Taillenweite,
16575,16576,2350,Hemdenlänge:,
16576,16577,2350,bei Armlänge normal,
16577,16578,2351,Kragenweite,36.0
16578,16579,2351,Oberweite,
16579,16580,2351,Taillenweite,
16580,16581,2351,Hemdenlänge:,
16581,16582,2351,bei Armlänge normal,
16582,16583,2352,Kragenweite,37.5
16583,16584,2352,Oberweite,102.0
16584,16585,2352,Taillenweite,91.0
16585,16586,2352,Hemdenlänge:,
16586,16587,2352,bei Armlänge normal,78.0
16587,16588,2353,Kragenweite,39.5
16588,16589,2353,Oberweite,108.0
16589,16590,2353,Taillenweite,97.0
16590,16591,2353,Hemdenlänge:,
16591,16592,2353,bei Armlänge normal,79.0
16592,16593,2354,Kragenweite,41.5
16593,16594,2354,Oberweite,114.0
16594,16595,2354,Taillenweite,103.0
16595,16596,2354,Hemdenlänge:,
16596,16597,2354,bei Armlänge normal,81.0
16597,16598,2355,Kragenweite,43.5
16598,16599,2355,Oberweite,120.0
16599,16600,2355,Taillenweite,109.0
16600,16601,2355,Hemdenlänge:,
16601,16602,2355,bei Armlänge normal,82.0
16602,16603,2356,Kragenweite,45.5
16603,16604,2356,Oberweite,126.0
16604,16605,2356,Taillenweite,115.0
16605,16606,2356,Hemdenlänge:,
16606,16607,2356,bei Armlänge normal,84.0
16607,16608,2357,Kragenweite,47.5
16608,16609,2357,Oberweite,
16609,16610,2357,Taillenweite,
16610,16611,2357,Hemdenlänge:,
16611,16612,2357,bei Armlänge normal,
16612,16613,2358,Kragenweite,49.5
16613,16614,2358,Oberweite,
16614,16615,2358,Taillenweite,
16615,16616,2358,Hemdenlänge:,
16616,16617,2358,bei Armlänge normal,
16617,16618,2359,Kragenweite,52.0
16618,16619,2359,Oberweite,
16619,16620,2359,Taillenweite,
16620,16621,2359,Hemdenlänge:,
16621,16622,2359,bei Armlänge normal,
16622,16623,2360,Kragenweite,54.0
16623,16624,2360,Oberweite,
16624,16625,2360,Taillenweite,
16625,16626,2360,Hemdenlänge:,
16626,16627,2360,bei Armlänge normal,
16627,16628,2361,Kragenweite,36.0
16628,16629,2361,Oberweite,
16629,16630,2361,Taillenweite,
16630,16631,2361,Hemdenlänge:,
16631,16632,2361,bei Armlänge normal,
16632,16633,2362,Kragenweite,37.5
16633,16634,2362,Oberweite,102.0
16634,16635,2362,Taillenweite,91.0
16635,16636,2362,Hemdenlänge:,
16636,16637,2362,bei Armlänge normal,78.0
16637,16638,2363,Kragenweite,39.5
16638,16639,2363,Oberweite,108.0
16639,16640,2363,Taillenweite,97.0
16640,16641,2363,Hemdenlänge:,
16641,16642,2363,bei Armlänge normal,79.0
16642,16643,2364,Kragenweite,41.5
16643,16644,2364,Oberweite,114.0
16644,16645,2364,Taillenweite,103.0
16645,16646,2364,Hemdenlänge:,
16646,16647,2364,bei Armlänge normal,81.0
16647,16648,2365,Kragenweite,43.5
16648,16649,2365,Oberweite,120.0
16649,16650,2365,Taillenweite,109.0
16650,16651,2365,Hemdenlänge:,
16651,16652,2365,bei Armlänge normal,82.0
16652,16653,2366,Kragenweite,45.5
16653,16654,2366,Oberweite,126.0
16654,16655,2366,Taillenweite,115.0
16655,16656,2366,Hemdenlänge:,
16656,16657,2366,bei Armlänge normal,84.0
16657,16658,2367,Kragenweite,47.5
16658,16659,2367,Oberweite,
16659,16660,2367,Taillenweite,
16660,16661,2367,Hemdenlänge:,
16661,16662,2367,bei Armlänge normal,
16662,16663,2368,Kragenweite,49.5
16663,16664,2368,Oberweite,
16664,16665,2368,Taillenweite,
16665,16666,2368,Hemdenlänge:,
16666,16667,2368,bei Armlänge normal,
16667,16668,2369,Kragenweite,52.0
16668,16669,2369,Oberweite,
16669,16670,2369,Taillenweite,
16670,16671,2369,Hemdenlänge:,
16671,16672,2369,bei Armlänge normal,
16672,16673,2370,Kragenweite,54.0
16673,16674,2370,Oberweite,
16674,16675,2370,Taillenweite,
16675,16676,2370,Hemdenlänge:,
16676,16677,2370,bei Armlänge normal,
16677,16678,2371,Kragenweite,36.0
16678,16679,2371,Oberweite,
16679,16680,2371,Taillenweite,
16680,16681,2371,Hemdenlänge:,
16681,16682,2371,bei Armlänge normal,
16682,16683,2372,Kragenweite,37.5
16683,16684,2372,Oberweite,108.0
16684,16685,2372,Taillenweite,100.0
16685,16686,2372,Hemdenlänge:,
16686,16687,2372,bei Armlänge normal,79.0
16687,16688,2373,Kragenweite,39.5
16688,16689,2373,Oberweite,114.0
16689,16690,2373,Taillenweite,106.0
16690,16691,2373,Hemdenlänge:,
16691,16692,2373,bei Armlänge normal,81.0
16692,16693,2374,Kragenweite,41.5
16693,16694,2374,Oberweite,120.0
16694,16695,2374,Taillenweite,112.0
16695,16696,2374,Hemdenlänge:,
16696,16697,2374,bei Armlänge normal,83.0
16697,16698,2375,Kragenweite,43.5
16698,16699,2375,Oberweite,126.0
16699,16700,2375,Taillenweite,118.0
16700,16701,2375,Hemdenlänge:,
16701,16702,2375,bei Armlänge normal,84.0
16702,16703,2376,Kragenweite,45.5
16703,16704,2376,Oberweite,132.0
16704,16705,2376,Taillenweite,124.0
16705,16706,2376,Hemdenlänge:,
16706,16707,2376,bei Armlänge normal,85.0
16707,16708,2377,Kragenweite,47.5
16708,16709,2377,Oberweite,138.0
16709,16710,2377,Taillenweite,130.0
16710,16711,2377,Hemdenlänge:,
16711,16712,2377,bei Armlänge normal,87.0
16712,16713,2378,Kragenweite,49.5
16713,16714,2378,Oberweite,
16714,16715,2378,Taillenweite,
16715,16716,2378,Hemdenlänge:,
16716,16717,2378,bei Armlänge normal,
16717,16718,2379,Kragenweite,52.0
16718,16719,2379,Oberweite,
16719,16720,2379,Taillenweite,
16720,16721,2379,Hemdenlänge:,
16721,16722,2379,bei Armlänge normal,
16722,16723,2380,Kragenweite,54.0
16723,16724,2380,Oberweite,
16724,16725,2380,Taillenweite,
16725,16726,2380,Hemdenlänge:,
16726,16727,2380,bei Armlänge normal,
16727,16728,2381,Kragenweite,36.0
16728,16729,2381,Oberweite,
16729,16730,2381,Taillenweite,
16730,16731,2381,Hemdenlänge:,
16731,16732,2381,bei Armlänge normal,
16732,16733,2382,Kragenweite,37.5
16733,16734,2382,Oberweite,102.0
16734,16735,2382,Taillenweite,91.0
16735,16736,2382,Hemdenlänge:,
16736,16737,2382,bei Armlänge normal,78.0
16737,16738,2383,Kragenweite,39.5
16738,16739,2383,Oberweite,108.0
16739,16740,2383,Taillenweite,97.0
16740,16741,2383,Hemdenlänge:,
16741,16742,2383,bei Armlänge normal,79.0
16742,16743,2384,Kragenweite,41.5
16743,16744,2384,Oberweite,114.0
16744,16745,2384,Taillenweite,103.0
16745,16746,2384,Hemdenlänge:,
16746,16747,2384,bei Armlänge normal,81.0
16747,16748,2385,Kragenweite,43.5
16748,16749,2385,Oberweite,120.0
16749,16750,2385,Taillenweite,109.0
16750,16751,2385,Hemdenlänge:,
16751,16752,2385,bei Armlänge normal,82.0
16752,16753,2386,Kragenweite,45.5
16753,16754,2386,Oberweite,126.0
16754,16755,2386,Taillenweite,115.0
16755,16756,2386,Hemdenlänge:,
16756,16757,2386,bei Armlänge normal,84.0
16757,16758,2387,Kragenweite,47.5
16758,16759,2387,Oberweite,
16759,16760,2387,Taillenweite,
16760,16761,2387,Hemdenlänge:,
16761,16762,2387,bei Armlänge normal,
16762,16763,2388,Kragenweite,49.5
16763,16764,2388,Oberweite,
16764,16765,2388,Taillenweite,
16765,16766,2388,Hemdenlänge:,
16766,16767,2388,bei Armlänge normal,
16767,16768,2389,Kragenweite,52.0
16768,16769,2389,Oberweite,
16769,16770,2389,Taillenweite,
16770,16771,2389,Hemdenlänge:,
16771,16772,2389,bei Armlänge normal,
16772,16773,2390,Kragenweite,54.0
16773,16774,2390,Oberweite,
16774,16775,2390,Taillenweite,
16775,16776,2390,Hemdenlänge:,
16776,16777,2390,bei Armlänge normal,
16777,16778,2391,Kragenweite,36.0
16778,16779,2391,Oberweite,
16779,16780,2391,Taillenweite,
16780,16781,2391,Hemdenlänge:,
16781,16782,2391,bei Armlänge extra kurz,
16782,16783,2391,bei Armlänge normal,
16783,16784,2392,Kragenweite,37.5
16784,16785,2392,Oberweite,108.0
16785,16786,2392,Taillenweite,94.0
16786,16787,2392,Hemdenlänge:,
16787,16788,2392,bei Armlänge extra kurz,77.0
16788,16789,2392,bei Armlänge normal,82.0
16789,16790,2393,Kragenweite,39.5
16790,16791,2393,Oberweite,114.0
16791,16792,2393,Taillenweite,102.0
16792,16793,2393,Hemdenlänge:,
16793,16794,2393,bei Armlänge extra kurz,78.0
16794,16795,2393,bei Armlänge normal,83.0
16795,16796,2394,Kragenweite,41.5
16796,16797,2394,Oberweite,122.0
16797,16798,2394,Taillenweite,108.0
16798,16799,2394,Hemdenlänge:,
16799,16800,2394,bei Armlänge extra kurz,79.0
16800,16801,2394,bei Armlänge normal,84.0
16801,16802,2395,Kragenweite,43.5
16802,16803,2395,Oberweite,128.0
16803,16804,2395,Taillenweite,114.0
16804,16805,2395,Hemdenlänge:,
16805,16806,2395,bei Armlänge extra kurz,80.0
16806,16807,2395,bei Armlänge normal,85.0
16807,16808,2396,Kragenweite,45.5
16808,16809,2396,Oberweite,134.0
16809,16810,2396,Taillenweite,120.0
16810,16811,2396,Hemdenlänge:,
16811,16812,2396,bei Armlänge extra kurz,81.0
16812,16813,2396,bei Armlänge normal,86.0
16813,16814,2397,Kragenweite,47.5
16814,16815,2397,Oberweite,
16815,16816,2397,Taillenweite,
16816,16817,2397,Hemdenlänge:,
16817,16818,2397,bei Armlänge extra kurz,
16818,16819,2397,bei Armlänge normal,
16819,16820,2398,Kragenweite,49.5
16820,16821,2398,Oberweite,
16821,16822,2398,Taillenweite,
16822,16823,2398,Hemdenlänge:,
16823,16824,2398,bei Armlänge extra kurz,
16824,16825,2398,bei Armlänge normal,
16825,16826,2399,Kragenweite,52.0
16826,16827,2399,Oberweite,
16827,16828,2399,Taillenweite,
16828,16829,2399,Hemdenlänge:,
16829,16830,2399,bei Armlänge extra kurz,
16830,16831,2399,bei Armlänge normal,
16831,16832,2400,Kragenweite,54.0
16832,16833,2400,Oberweite,
16833,16834,2400,Taillenweite,
16834,16835,2400,Hemdenlänge:,
16835,16836,2400,bei Armlänge extra kurz,
16836,16837,2400,bei Armlänge normal,
16837,16838,2401,Kragenweite,36.0
16838,16839,2401,Oberweite,
16839,16840,2401,Taillenweite,
16840,16841,2401,Hemdenlänge:,
16841,16842,2401,bei Armlänge extra kurz,
16842,16843,2401,bei Armlänge normal,
16843,16844,2402,Kragenweite,37.5
16844,16845,2402,Oberweite,108.0
16845,16846,2402,Taillenweite,94.0
16846,16847,2402,Hemdenlänge:,
16847,16848,2402,bei Armlänge extra kurz,77.0
16848,16849,2402,bei Armlänge normal,82.0
16849,16850,2403,Kragenweite,39.5
16850,16851,2403,Oberweite,114.0
16851,16852,2403,Taillenweite,102.0
16852,16853,2403,Hemdenlänge:,
16853,16854,2403,bei Armlänge extra kurz,78.0
16854,16855,2403,bei Armlänge normal,83.0
16855,16856,2404,Kragenweite,41.5
16856,16857,2404,Oberweite,122.0
16857,16858,2404,Taillenweite,108.0
16858,16859,2404,Hemdenlänge:,
16859,16860,2404,bei Armlänge extra kurz,79.0
16860,16861,2404,bei Armlänge normal,84.0
16861,16862,2405,Kragenweite,43.5
16862,16863,2405,Oberweite,128.0
16863,16864,2405,Taillenweite,114.0
16864,16865,2405,Hemdenlänge:,
16865,16866,2405,bei Armlänge extra kurz,80.0
16866,16867,2405,bei Armlänge normal,85.0
16867,16868,2406,Kragenweite,45.5
16868,16869,2406,Oberweite,134.0
16869,16870,2406,Taillenweite,120.0
16870,16871,2406,Hemdenlänge:,
16871,16872,2406,bei Armlänge extra kurz,81.0
16872,16873,2406,bei Armlänge normal,86.0
16873,16874,2407,Kragenweite,47.5
16874,16875,2407,Oberweite,
16875,16876,2407,Taillenweite,
16876,16877,2407,Hemdenlänge:,
16877,16878,2407,bei Armlänge extra kurz,
16878,16879,2407,bei Armlänge normal,
16879,16880,2408,Kragenweite,49.5
16880,16881,2408,Oberweite,
16881,16882,2408,Taillenweite,
16882,16883,2408,Hemdenlänge:,
16883,16884,2408,bei Armlänge extra kurz,
16884,16885,2408,bei Armlänge normal,
16885,16886,2409,Kragenweite,52.0
16886,16887,2409,Oberweite,
16887,16888,2409,Taillenweite,
16888,16889,2409,Hemdenlänge:,
16889,16890,2409,bei Armlänge extra kurz,
16890,16891,2409,bei Armlänge normal,
16891,16892,2410,Kragenweite,54.0
16892,16893,2410,Oberweite,
16893,16894,2410,Taillenweite,
16894,16895,2410,Hemdenlänge:,
16895,16896,2410,bei Armlänge extra kurz,
16896,16897,2410,bei Armlänge normal,
16897,16898,2411,"Kragenweite, cm",37.5
16898,16899,2411,"Oberweite, cm",112.0
16899,16900,2411,"Taillenweite, cm",104.0
16900,16901,2411,Rückenlänge,78.0
16901,16902,2412,"Kragenweite, cm",39.5
16902,16903,2412,"Oberweite, cm",118.0
16903,16904,2412,"Taillenweite, cm",110.0
16904,16905,2412,Rückenlänge,78.0
16905,16906,2413,"Kragenweite, cm",41.5
16906,16907,2413,"Oberweite, cm",124.0
16907,16908,2413,"Taillenweite, cm",118.0
16908,16909,2413,Rückenlänge,80.0
16909,16910,2414,"Kragenweite, cm",43.5
16910,16911,2414,"Oberweite, cm",134.0
16911,16912,2414,"Taillenweite, cm",126.0
16912,16913,2414,Rückenlänge,82.0
16913,16914,2415,"Kragenweite, cm",45.5
16914,16915,2415,"Oberweite, cm",144.0
16915,16916,2415,"Taillenweite, cm",140.0
16916,16917,2415,Rückenlänge,85.0
16917,16918,2416,"Kragenweite, cm",47.5
16918,16919,2416,"Oberweite, cm",154.0
16919,16920,2416,"Taillenweite, cm",154.0
16920,16921,2416,Rückenlänge,90.0
16921,16922,2417,"Kragenweite, cm",49.5
16922,16923,2417,"Oberweite, cm",164.0
16923,16924,2417,"Taillenweite, cm",164.0
16924,16925,2417,Rückenlänge,95.0
16925,16926,2418,Kragenweite,36.0
16926,16927,2418,Oberweite,
16927,16928,2418,Taillenweite,
16928,16929,2418,Rückenbreite,
16929,16930,2418,Hemdenlänge:,
16930,16931,2418,bei Armlänge normal,
16931,16932,2418,bei Armlänge extra lang,
16932,16933,2419,Kragenweite,37.5
16933,16934,2419,Oberweite,114.0
16934,16935,2419,Taillenweite,102.0
16935,16936,2419,Rückenbreite,47.0
16936,16937,2419,Hemdenlänge:,
16937,16938,2419,bei Armlänge normal,82.0
16938,16939,2419,bei Armlänge extra lang,85.0
16939,16940,2420,Kragenweite,39.5
16940,16941,2420,Oberweite,120.0
16941,16942,2420,Taillenweite,106.0
16942,16943,2420,Rückenbreite,485.0
16943,16944,2420,Hemdenlänge:,
16944,16945,2420,bei Armlänge normal,82.0
16945,16946,2420,bei Armlänge extra lang,85.0
16946,16947,2421,Kragenweite,41.5
16947,16948,2421,Oberweite,126.0
16948,16949,2421,Taillenweite,112.0
16949,16950,2421,Rückenbreite,50.0
16950,16951,2421,Hemdenlänge:,
16951,16952,2421,bei Armlänge normal,82.0
16952,16953,2421,bei Armlänge extra lang,85.0
16953,16954,2422,Kragenweite,43.5
16954,16955,2422,Oberweite,132.0
16955,16956,2422,Taillenweite,122.0
16956,16957,2422,Rückenbreite,515.0
16957,16958,2422,Hemdenlänge:,
16958,16959,2422,bei Armlänge normal,85.0
16959,16960,2422,bei Armlänge extra lang,90.0
16960,16961,2423,Kragenweite,45.5
16961,16962,2423,Oberweite,138.0
16962,16963,2423,Taillenweite,130.0
16963,16964,2423,Rückenbreite,53.0
16964,16965,2423,Hemdenlänge:,
16965,16966,2423,bei Armlänge normal,85.0
16966,16967,2423,bei Armlänge extra lang,90.0
16967,16968,2424,Kragenweite,47.5
16968,16969,2424,Oberweite,
16969,16970,2424,Taillenweite,
16970,16971,2424,Rückenbreite,
16971,16972,2424,Hemdenlänge:,
16972,16973,2424,bei Armlänge normal,
16973,16974,2424,bei Armlänge extra lang,
16974,16975,2425,Kragenweite,49.5
16975,16976,2425,Oberweite,
16976,16977,2425,Taillenweite,
16977,16978,2425,Rückenbreite,
16978,16979,2425,Hemdenlänge:,
16979,16980,2425,bei Armlänge normal,
16980,16981,2425,bei Armlänge extra lang,
16981,16982,2426,Kragenweite,52.0
16982,16983,2426,Oberweite,
16983,16984,2426,Taillenweite,
16984,16985,2426,Rückenbreite,
16985,16986,2426,Hemdenlänge:,
16986,16987,2426,bei Armlänge normal,
16987,16988,2426,bei Armlänge extra lang,
16988,16989,2427,Kragenweite,54.0
16989,16990,2427,Oberweite,
16990,16991,2427,Taillenweite,
16991,16992,2427,Rückenbreite,
16992,16993,2427,Hemdenlänge:,
16993,16994,2427,bei Armlänge normal,
16994,16995,2427,bei Armlänge extra lang,
16995,16996,2428,Kragenweite,36.0
16996,16997,2428,Oberweite,
16997,16998,2428,Taillenweite,
16998,16999,2428,Hemdenlänge:,
16999,17000,2428,bei Armlänge normal,
17000,17001,2429,Kragenweite,37.5
17001,17002,2429,Oberweite,108.0
17002,17003,2429,Taillenweite,100.0
17003,17004,2429,Hemdenlänge:,
17004,17005,2429,bei Armlänge normal,79.0
17005,17006,2430,Kragenweite,39.5
17006,17007,2430,Oberweite,114.0
17007,17008,2430,Taillenweite,106.0
17008,17009,2430,Hemdenlänge:,
17009,17010,2430,bei Armlänge normal,81.0
17010,17011,2431,Kragenweite,41.5
17011,17012,2431,Oberweite,120.0
17012,17013,2431,Taillenweite,112.0
17013,17014,2431,Hemdenlänge:,
17014,17015,2431,bei Armlänge normal,83.0
17015,17016,2432,Kragenweite,43.5
17016,17017,2432,Oberweite,126.0
17017,17018,2432,Taillenweite,118.0
17018,17019,2432,Hemdenlänge:,
17019,17020,2432,bei Armlänge normal,84.0
17020,17021,2433,Kragenweite,45.5
17021,17022,2433,Oberweite,132.0
17022,17023,2433,Taillenweite,124.0
17023,17024,2433,Hemdenlänge:,
17024,17025,2433,bei Armlänge normal,85.0
17025,17026,2434,Kragenweite,47.5
17026,17027,2434,Oberweite,138.0
17027,17028,2434,Taillenweite,130.0
17028,17029,2434,Hemdenlänge:,
17029,17030,2434,bei Armlänge normal,87.0
17030,17031,2435,Kragenweite,49.5
17031,17032,2435,Oberweite,
17032,17033,2435,Taillenweite,
17033,17034,2435,Hemdenlänge:,
17034,17035,2435,bei Armlänge normal,
17035,17036,2436,Kragenweite,52.0
17036,17037,2436,Oberweite,
17037,17038,2436,Taillenweite,
17038,17039,2436,Hemdenlänge:,
17039,17040,2436,bei Armlänge normal,
17040,17041,2437,Kragenweite,54.0
17041,17042,2437,Oberweite,
17042,17043,2437,Taillenweite,
17043,17044,2437,Hemdenlänge:,
17044,17045,2437,bei Armlänge normal,
17045,17046,2438,Kragenweite,36.0
17046,17047,2438,Oberweite,
17047,17048,2438,Taillenweite,
17048,17049,2438,Hemdenlänge:,
17049,17050,2438,bei Armlänge normal,
17050,17051,2439,Kragenweite,37.5
17051,17052,2439,Oberweite,102.0
17052,17053,2439,Taillenweite,91.0
17053,17054,2439,Hemdenlänge:,
17054,17055,2439,bei Armlänge normal,78.0
17055,17056,2440,Kragenweite,39.5
17056,17057,2440,Oberweite,108.0
17057,17058,2440,Taillenweite,97.0
17058,17059,2440,Hemdenlänge:,
17059,17060,2440,bei Armlänge normal,79.0
17060,17061,2441,Kragenweite,41.5
17061,17062,2441,Oberweite,114.0
17062,17063,2441,Taillenweite,103.0
17063,17064,2441,Hemdenlänge:,
17064,17065,2441,bei Armlänge normal,81.0
17065,17066,2442,Kragenweite,43.5
17066,17067,2442,Oberweite,120.0
17067,17068,2442,Taillenweite,109.0
17068,17069,2442,Hemdenlänge:,
17069,17070,2442,bei Armlänge normal,82.0
17070,17071,2443,Kragenweite,45.5
17071,17072,2443,Oberweite,126.0
17072,17073,2443,Taillenweite,115.0
17073,17074,2443,Hemdenlänge:,
17074,17075,2443,bei Armlänge normal,84.0
17075,17076,2444,Kragenweite,47.5
17076,17077,2444,Oberweite,
17077,17078,2444,Taillenweite,
17078,17079,2444,Hemdenlänge:,
17079,17080,2444,bei Armlänge normal,
17080,17081,2445,Kragenweite,49.5
17081,17082,2445,Oberweite,
17082,17083,2445,Taillenweite,
17083,17084,2445,Hemdenlänge:,
17084,17085,2445,bei Armlänge normal,
17085,17086,2446,Kragenweite,52.0
17086,17087,2446,Oberweite,
17087,17088,2446,Taillenweite,
17088,17089,2446,Hemdenlänge:,
17089,17090,2446,bei Armlänge normal,
17090,17091,2447,Kragenweite,54.0
17091,17092,2447,Oberweite,
17092,17093,2447,Taillenweite,
17093,17094,2447,Hemdenlänge:,
17094,17095,2447,bei Armlänge normal,
17095,17096,2448,Kragenweite,36.0
17096,17097,2448,Oberweite,96.0
17097,17098,2448,Taillenweite,82.0
17098,17099,2448,Schulterbreite,154.0
17099,17100,2448,Hemdenlänge:,
17100,17101,2448,bei Armlänge normal,80.0
17101,17102,2449,Kragenweite,37.5
17102,17103,2449,Oberweite,100.0
17103,17104,2449,Taillenweite,86.0
17104,17105,2449,Schulterbreite,162.0
17105,17106,2449,Hemdenlänge:,
17106,17107,2449,bei Armlänge normal,80.0
17107,17108,2450,Kragenweite,39.5
17108,17109,2450,Oberweite,108.0
17109,17110,2450,Taillenweite,92.0
17110,17111,2450,Schulterbreite,17.0
17111,17112,2450,Hemdenlänge:,
17112,17113,2450,bei Armlänge normal,80.0
17113,17114,2451,Kragenweite,41.5
17114,17115,2451,Oberweite,114.0
17115,17116,2451,Taillenweite,98.0
17116,17117,2451,Schulterbreite,178.0
17117,17118,2451,Hemdenlänge:,
17118,17119,2451,bei Armlänge normal,80.0
17119,17120,2452,Kragenweite,43.5
17120,17121,2452,Oberweite,122.0
17121,17122,2452,Taillenweite,106.0
17122,17123,2452,Schulterbreite,186.0
17123,17124,2452,Hemdenlänge:,
17124,17125,2452,bei Armlänge normal,82.0
17125,17126,2453,Kragenweite,45.5
17126,17127,2453,Oberweite,
17127,17128,2453,Taillenweite,
17128,17129,2453,Schulterbreite,
17129,17130,2453,Hemdenlänge:,
17130,17131,2453,bei Armlänge normal,
17131,17132,2454,Kragenweite,47.5
17132,17133,2454,Oberweite,
17133,17134,2454,Taillenweite,
17134,17135,2454,Schulterbreite,
17135,17136,2454,Hemdenlänge:,
17136,17137,2454,bei Armlänge normal,
17137,17138,2455,Kragenweite,49.5
17138,17139,2455,Oberweite,
17139,17140,2455,Taillenweite,
17140,17141,2455,Schulterbreite,
17141,17142,2455,Hemdenlänge:,
17142,17143,2455,bei Armlänge normal,
17143,17144,2456,Kragenweite,52.0
17144,17145,2456,Oberweite,
17145,17146,2456,Taillenweite,
17146,17147,2456,Schulterbreite,
17147,17148,2456,Hemdenlänge:,
17148,17149,2456,bei Armlänge normal,
17149,17150,2457,Kragenweite,54.0
17150,17151,2457,Oberweite,
17151,17152,2457,Taillenweite,
17152,17153,2457,Schulterbreite,
17153,17154,2457,Hemdenlänge:,
17154,17155,2457,bei Armlänge normal,
17155,17156,2458,Kragenweite,36.0
17156,17157,2458,Oberweite,
17157,17158,2458,Taillenweite,
17158,17159,2458,Hemdenlänge:,
17159,17160,2458,bei Armlänge normal,
17160,17161,2458,bei Armlänge extra lang,
17161,17162,2459,Kragenweite,37.5
17162,17163,2459,Oberweite,105.0
17163,17164,2459,Taillenweite,92.0
17164,17165,2459,Hemdenlänge:,
17165,17166,2459,bei Armlänge normal,79.0
17166,17167,2459,bei Armlänge extra lang,83.0
17167,17168,2460,Kragenweite,39.5
17168,17169,2460,Oberweite,112.0
17169,17170,2460,Taillenweite,98.0
17170,17171,2460,Hemdenlänge:,
17171,17172,2460,bei Armlänge normal,80.0
17172,17173,2460,bei Armlänge extra lang,84.0
17173,17174,2461,Kragenweite,41.5
17174,17175,2461,Oberweite,118.0
17175,17176,2461,Taillenweite,104.0
17176,17177,2461,Hemdenlänge:,
17177,17178,2461,bei Armlänge normal,81.0
17178,17179,2461,bei Armlänge extra lang,85.0
17179,17180,2462,Kragenweite,43.5
17180,17181,2462,Oberweite,126.0
17181,17182,2462,Taillenweite,112.0
17182,17183,2462,Hemdenlänge:,
17183,17184,2462,bei Armlänge normal,82.0
17184,17185,2462,bei Armlänge extra lang,86.0
17185,17186,2463,Kragenweite,45.5
17186,17187,2463,Oberweite,134.0
17187,17188,2463,Taillenweite,120.0
17188,17189,2463,Hemdenlänge:,
17189,17190,2463,bei Armlänge normal,83.0
17190,17191,2463,bei Armlänge extra lang,87.0
17191,17192,2464,Kragenweite,47.5
17192,17193,2464,Oberweite,
17193,17194,2464,Taillenweite,
17194,17195,2464,Hemdenlänge:,
17195,17196,2464,bei Armlänge normal,
17196,17197,2464,bei Armlänge extra lang,
17197,17198,2465,Kragenweite,49.5
17198,17199,2465,Oberweite,
17199,17200,2465,Taillenweite,
17200,17201,2465,Hemdenlänge:,
17201,17202,2465,bei Armlänge normal,
17202,17203,2465,bei Armlänge extra lang,
17203,17204,2466,Kragenweite,52.0
17204,17205,2466,Oberweite,
17205,17206,2466,Taillenweite,
17206,17207,2466,Hemdenlänge:,
17207,17208,2466,bei Armlänge normal,
17208,17209,2466,bei Armlänge extra lang,
17209,17210,2467,Kragenweite,54.0
17210,17211,2467,Oberweite,
17211,17212,2467,Taillenweite,
17212,17213,2467,Hemdenlänge:,
17213,17214,2467,bei Armlänge normal,
17214,17215,2467,bei Armlänge extra lang,
