,id,url,image_url,price,name,properties
0,1,https://www.hemden.de/olymp-level-five-body-fit-hemd-weiss-einfarbig-langarm-6090.64.00,https://cdn.hemden.de/media/image/8f/68/4e/6090-64-00_800rfOsk7hhIb6hK.jpg,59.95,"OLYMP Level Five Body Fit Hemd weiss, Einfarbig","{'Marke': 'OLYMP', 'Stoff': 'Stretch', 'Schnitt': 'Taillierter Schnitt', 'Nachhaltigkeit': 'OLYMP GREENCHOICE', 'Armlänge cm': '64cm', 'Armlänge': 'Langarm (Normallänge)', 'Kragenart': 'New York Kent', 'Material': '97% Baumwolle / 3% Elastolefin', 'Pflege': 'Pflegeleicht', 'Waschbar bis': '40 Grad', 'Farbe': 'weiss', 'Muster': 'Einfarbig', 'Brusttasche': 'Ohne Brusttasche', 'Manschette': 'Officemanschette', 'Besonderheiten': 'Italienische Knopfleiste'}"
1,2,https://www.hemden.de/marvelis-modern-fit-hemd-weiss-einfarbig-langarm-4700.64.00,https://cdn.hemden.de/media/image/10/ec/00/4700-64-00_800GkFkW51nKytdP.jpg,39.95,"Marvelis Modern Fit Hemd weiss, Einfarbig","{'Marke': 'Marvelis', 'Schnitt': 'Leicht tailliert', 'Stoff': 'Uni-Popeline', 'Armlänge cm': '64cm', 'Armlänge': 'Langarm (Normallänge)', 'Material': '100% Baumwolle', 'Kragenart': 'New Kent', 'Pflege': 'Bügelfrei', 'Waschbar bis': '60 Grad', 'Farbe': 'weiss', 'Muster': 'Einfarbig', 'Brusttasche': 'Mit Brusttasche', 'Manschette': 'Officemanschette'}"
2,3,https://www.hemden.de/olymp-luxor-modern-fit-hemd-weiss-einfarbig-langarm-6350.64.00,https://cdn.hemden.de/media/image/10/89/79/6350-64-00_800fraMnITRPCpWi.jpg,59.95,"OLYMP Luxor Modern Fit Hemd weiss, Einfarbig","{'Marke': 'OLYMP', 'Stoff': 'Uni-Popeline', 'Schnitt': 'Leicht tailliert', 'Armlänge': 'Langarm (Normallänge)', 'Armlänge cm': '64cm', 'Material': '100% Baumwolle', 'Kragenart': 'New Kent', 'Pflege': 'Pflegeleicht', 'Waschbar bis': '60 Grad', 'Farbe': 'weiss', 'Muster': 'Einfarbig', 'Brusttasche': 'Mit Brusttasche', 'Manschette': 'Kombimanschette'}"
3,4,https://www.hemden.de/olymp-luxor-modern-fit-hemd-bleu-einfarbig-langarm-0304.64.11,https://cdn.hemden.de/media/image/5c/a3/96/0304-64-11_800gxCXrdkhcKZNO.jpg,59.95,"OLYMP Luxor Modern Fit Hemd bleu, Einfarbig","{'Marke': 'OLYMP', 'Stoff': 'Chambray', 'Nachhaltigkeit': 'OLYMP GREENCHOICE', 'Schnitt': 'Leicht tailliert', 'Armlänge cm': '64cm', 'Armlänge': 'Langarm (Normallänge)', 'Kragenart': 'New Kent', 'Material': '100% Baumwolle', 'Pflege': 'Pflegeleicht', 'Waschbar bis': '40 Grad', 'Farbe': 'bleu', 'Muster': 'Einfarbig', 'Brusttasche': 'Mit Brusttasche', 'Manschette': 'Kombimanschette', 'Besonderheiten': 'Italienische Knopfleiste'}"
4,5,https://www.hemden.de/marvelis-comfort-fit-hemd-bleu-einfarbig-langarm-7959.64.11,https://cdn.hemden.de/media/image/60/41/da/7959-64-11_800EIskrDMFoahjT.jpg,39.95,"Marvelis Comfort Fit Hemd bleu, Einfarbig","{'Marke': 'Marvelis', 'Schnitt': 'Gerader Schnitt', 'Stoff': 'Chambray', 'Armlänge cm': '64cm', 'Armlänge': 'Langarm (Normallänge)', 'Material': '100% Baumwolle', 'Kragenart': 'New Kent', 'Pflege': 'Bügelfrei', 'Waschbar bis': '40 Grad', 'Farbe': 'bleu', 'Muster': 'Einfarbig', 'Brusttasche': 'Mit Brusttasche', 'Manschette': 'Officemanschette'}"
5,6,https://www.hemden.de/olymp-level-five-body-fit-hemd-schwarz-einfarbig-langarm-6090.64.68,https://cdn.hemden.de/media/image/5b/27/a1/6090-64-68_800hk0gZDyEtaUB8.jpg,59.95,"OLYMP Level Five Body Fit Hemd schwarz, Einfarbig","{'Marke': 'OLYMP', 'Stoff': 'Stretch', 'Schnitt': 'Taillierter Schnitt', 'Nachhaltigkeit': 'OLYMP GREENCHOICE', 'Armlänge cm': '64cm', 'Armlänge': 'Langarm (Normallänge)', 'Kragenart': 'New York Kent', 'Material': '97% Baumwolle / 3% Elastolefin', 'Pflege': 'Pflegeleicht', 'Waschbar bis': '40 Grad', 'Farbe': 'schwarz', 'Muster': 'Einfarbig', 'Brusttasche': 'Ohne Brusttasche', 'Manschette': 'Sportmanschette', 'Besonderheiten': 'Italienische Knopfleiste'}"
6,7,https://www.hemden.de/olymp-luxor-modern-fit-hemd-schwarz-einfarbig-langarm-0300.64.68,https://cdn.hemden.de/media/image/15/7c/d6/0300-64-68_8005DxRJHwqJdp2I.jpg,59.95,"OLYMP Luxor Modern Fit Hemd schwarz, Einfarbig","{'Marke': 'OLYMP', 'Stoff': 'Uni-Popeline', 'Nachhaltigkeit': 'OLYMP GREENCHOICE', 'Schnitt': 'Leicht tailliert', 'Armlänge cm': '64cm', 'Armlänge': 'Langarm (Normallänge)', 'Kragenart': 'New Kent', 'Material': '100% Baumwolle', 'Pflege': 'Pflegeleicht', 'Waschbar bis': '40 Grad', 'Farbe': 'schwarz', 'Muster': 'Einfarbig', 'Brusttasche': 'Mit Brusttasche', 'Manschette': 'Kombimanschette'}"
7,8,https://www.hemden.de/marvelis-body-fit-hemd-bleu-einfarbig-langarm-6799.64.10,https://cdn.hemden.de/media/image/0f/f1/6f/6799-64-10_800zNutP5FqdXU2X.jpg,49.95,"Marvelis Body Fit Hemd bleu, Einfarbig","{'Marke': 'Marvelis', 'Schnitt': 'Taillierter Schnitt', 'Stoff': 'Uni-Popeline', 'Armlänge cm': '64cm', 'Armlänge': 'Langarm (Normallänge)', 'Material': '100% Baumwolle', 'Kragenart': 'New York Kent', 'Pflege': 'Besonders bügelleicht', 'Waschbar bis': '30 Grad', 'Farbe': 'bleu', 'Muster': 'Einfarbig', 'Brusttasche': 'Ohne Brusttasche', 'Manschette': 'Sportmanschette'}"
8,9,https://www.hemden.de/olymp-luxor-modern-fit-hemd-weiss-einfarbig-langarm-1810.65.00,https://cdn.hemden.de/media/image/4f/91/d6/1810-65-00_800ROI81IcYzOSiH.jpg,69.95,"OLYMP Luxor Modern Fit Hemd weiss, Einfarbig","{'Marke': 'OLYMP', 'Stoff': 'Uni-Popeline', 'Nachhaltigkeit': 'OLYMP GREENCHOICE', 'Schnitt': 'Leicht tailliert', 'Armlänge cm': '65cm', 'Armlänge': 'Langarm (Normallänge)', 'Kragenart': 'New Kent', 'Material': '100% Baumwolle', 'Pflege': 'Pflegeleicht', 'Waschbar bis': '60 Grad', 'Farbe': 'weiss', 'Muster': 'Einfarbig', 'Brusttasche': 'Mit Brusttasche', 'Manschette': 'Umschlagmanschette', 'Besonderheiten': 'Italienische Knopfleiste'}"
9,10,https://www.hemden.de/herrenhemd/olymp/slim-line/saphierblau/new-kent/langarm-64cm/einfarbig/03046496,https://cdn.hemden.de/media/image/18/18/5b/0304-64-96_800QHxAeHAhRk1aR.jpg,59.95,"OLYMP Luxor Modern Fit Hemd indigo, Einfarbig","{'Marke': 'OLYMP', 'Stoff': 'Chambray', 'Nachhaltigkeit': 'OLYMP GREENCHOICE', 'Schnitt': 'Leicht tailliert', 'Armlänge cm': '64cm', 'Armlänge': 'Langarm (Normallänge)', 'Kragenart': 'New Kent', 'Material': '100% Baumwolle', 'Pflege': 'Pflegeleicht', 'Waschbar bis': '40 Grad', 'Farbe': 'indigo', 'Muster': 'Einfarbig', 'Brusttasche': 'Mit Brusttasche', 'Manschette': 'Kombimanschette'}"
10,11,https://www.hemden.de/olymp-level-five-body-fit-hemd-rauchblau-einfarbig-langarm-6090.64.13,https://cdn.hemden.de/media/image/f9/e3/21/6090-64-13_800AtNmfuEcui2r9.jpg,59.95,"OLYMP Level Five Body Fit Hemd rauchblau, Einfarbig","{'Marke': 'OLYMP', 'Nachhaltigkeit': 'OLYMP GREENCHOICE', 'Schnitt': 'Taillierter Schnitt', 'Stoff': 'Uni-Popeline', 'Armlänge cm': '64cm', 'Armlänge': 'Langarm (Normallänge)', 'Kragenart': 'New York Kent', 'Material': '97% Baumwolle / 3% Elastolefin', 'Pflege': 'Pflegeleicht', 'Waschbar bis': '40 Grad', 'Farbe': 'rauchblau', 'Muster': 'Einfarbig', 'Brusttasche': 'Ohne Brusttasche', 'Manschette': 'Sportmanschette'}"
11,12,https://www.hemden.de/herrenhemd/olymp/modern-fit/dunkelblau/new-kent/langarm-64cm/einfarbig/03026496,https://cdn.hemden.de/media/image/a5/5c/c0/0302-64-96_800Ct4NOEVp7i9Jb.jpg,59.95,"OLYMP Luxor Modern Fit Hemd indigo, Einfarbig","{'Marke': 'OLYMP', 'Stoff': 'Fil à fil', 'Nachhaltigkeit': 'OLYMP GREENCHOICE', 'Schnitt': 'Leicht tailliert', 'Armlänge cm': '64cm', 'Armlänge': 'Langarm (Normallänge)', 'Kragenart': 'New Kent', 'Material': '100% Baumwolle', 'Pflege': 'Pflegeleicht', 'Waschbar bis': '40 Grad', 'Farbe': 'indigo', 'Muster': 'Einfarbig', 'Brusttasche': 'Mit Brusttasche', 'Manschette': 'Kombimanschette'}"
12,13,https://www.hemden.de/olymp-level-five-body-fit-galahemd-weiss-einfarbig-langarm-1276.65.00,https://cdn.hemden.de/media/image/da/2b/f7/1276-65-00_800glynb4F96G8dv.jpg,69.95,"OLYMP Level Five Body Fit Galahemd weiss, Einfarbig","{'Marke': 'OLYMP', 'Stoff': 'Stoffart: Popeline', 'Nachhaltigkeit': 'OLYMP GREENCHOICE', 'Schnitt': 'Taillierter Schnitt', 'Armlänge cm': '65cm', 'Armlänge': 'Langarm (Normallänge)', 'Kragenart': 'New York Kent', 'Material': '97% Baumwolle / 3% Elastolefin', 'Pflege': 'Pflegeleicht', 'Waschbar bis': '40 Grad', 'Farbe': 'weiss', 'Muster': 'Einfarbig', 'Brusttasche': 'Ohne Brusttasche', 'Manschette': 'Umschlagmanschette', 'Besonderheiten': 'verdeckte Knopfleiste'}"
13,14,https://www.hemden.de/olymp-level-five-body-fit-hemd-marine-einfarbig-langarm-6090.64.18,https://cdn.hemden.de/media/image/28/3f/2e/6090-64-18_800jI1wyZ6yyx5KM.jpg,59.95,"OLYMP Level Five Body Fit Hemd marine, Einfarbig","{'Marke': 'OLYMP', 'Nachhaltigkeit': 'OLYMP GREENCHOICE', 'Schnitt': 'Taillierter Schnitt', 'Stoff': 'Stretch', 'Armlänge cm': '64cm', 'Armlänge': 'Langarm (Normallänge)', 'Kragenart': 'New York Kent', 'Material': '97% Baumwolle / 3% Elastolefin', 'Pflege': 'Pflegeleicht', 'Waschbar bis': '40 Grad', 'Farbe': 'marine', 'Muster': 'Einfarbig', 'Brusttasche': 'Ohne Brusttasche', 'Manschette': 'Sportmanschette'}"
14,15,https://www.hemden.de/olymp-no.-six-super-slim-hemd-weiss-einfarbig-langarm-0466.64.00,https://cdn.hemden.de/media/image/40/52/fb/0466-64-00_800X2SO8aj3g5Fnr.jpg,59.95,"OLYMP No. Six Super Slim Hemd weiss, Einfarbig","{'Marke': 'OLYMP', 'Stoff': 'Stoffart: Popeline', 'Nachhaltigkeit': 'OLYMP GREENCHOICE', 'Schnitt': 'Stark tailliert', 'Armlänge cm': '64cm', 'Armlänge': 'Langarm (Normallänge)', 'Kragenart': 'Urban Kent', 'Material': '97% Baumwolle / 3% Elastolefin', 'Pflege': 'Pflegeleicht', 'Waschbar bis': '40 Grad', 'Farbe': 'weiss', 'Muster': 'Einfarbig', 'Brusttasche': 'Ohne Brusttasche', 'Manschette': 'Kombimanschette'}"
15,16,https://www.hemden.de/marvelis-comfort-fit-hemd-schwarz-einfarbig-langarm-7959.64.68,https://cdn.hemden.de/media/image/a3/eb/35/7959-64-68_8006HiG1w9Tiyw2H.jpg,39.95,"Marvelis Comfort Fit Hemd schwarz, Einfarbig","{'Marke': 'Marvelis', 'Schnitt': 'Gerader Schnitt', 'Stoff': 'Chambray', 'Armlänge cm': '64cm', 'Armlänge': 'Langarm (Normallänge)', 'Material': '100% Baumwolle', 'Kragenart': 'New Kent', 'Pflege': 'Bügelfrei', 'Waschbar bis': '40 Grad', 'Farbe': 'schwarz', 'Muster': 'Einfarbig', 'Brusttasche': 'Mit Brusttasche', 'Manschette': 'Officemanschette'}"
16,17,https://www.hemden.de/olymp-luxor-comfort-fit-hemd-royal-karo-langarm-3190.64.19,https://cdn.hemden.de/media/image/28/21/ca/3190-64-19_800dYHPZo49mO1KZ.jpg,69.95,"OLYMP Luxor Comfort Fit Hemd royal, Karo","{'Marke': 'OLYMP', 'Stoff': 'Check', 'Nachhaltigkeit': 'OLYMP GREENCHOICE', 'Schnitt': 'Gerader Schnitt', 'Armlänge cm': '64cm', 'Armlänge': 'Langarm (Normallänge)', 'Kragenart': 'New Kent', 'Material': '100% Baumwolle', 'Pflege': 'Pflegeleicht', 'Waschbar bis': '40 Grad', 'Farbe': 'royal', 'Muster': 'Karo', 'Brusttasche': 'Mit Brusttasche', 'Manschette': 'Kombimanschette', 'Besonderheiten': 'Patch in Kragen / Manschette'}"
17,18,https://www.hemden.de/olymp-level-five-body-fit-hemd-hellblau-einfarbig-langarm-2080.64.10,https://cdn.hemden.de/media/image/1f/ac/aa/2080-64-10_800.jpg,59.95,"OLYMP Level Five Body Fit Hemd hellblau, Einfarbig","{'Marke': 'OLYMP', 'Stoff': 'Chambray', 'Nachhaltigkeit': 'OLYMP GREENCHOICE', 'Schnitt': 'Taillierter Schnitt', 'Armlänge cm': '64cm', 'Armlänge': 'Langarm (Normallänge)', 'Kragenart': 'New York Kent', 'Material': '97% Baumwolle / 3% Elastolefin', 'Pflege': 'Pflegeleicht', 'Waschbar bis': '40 Grad', 'Farbe': 'hellblau', 'Muster': 'Einfarbig', 'Brusttasche': 'Ohne Brusttasche', 'Manschette': 'Kombimanschette'}"
18,19,https://www.hemden.de/casa-moda-hemd-comfort-fit-weiss-einfarbig-langarm-006050.0,https://cdn.hemden.de/media/image/10/76/91/006050-0_800yIQoeN57bZ0QO.jpg,49.95,"Casa Moda Hemd - Comfort Fit - weiss, Einfarbig","{'Marke': 'Casa Moda', 'Stoff': 'Uni-Popeline', 'Schnitt': 'Gerader Schnitt', 'Armlänge cm': '65cm', 'Armlänge': 'Langarm (Normallänge)', 'Material': '100% Baumwolle', 'Kragenart': 'Kent', 'Pflege': 'Bügelfrei', 'Waschbar bis': '60 Grad', 'Farbe': 'weiss', 'Muster': 'Einfarbig', 'Brusttasche': 'Mit Brusttasche', 'Manschette': 'Kombimanschette'}"
19,20,https://www.hemden.de/olymp-luxor-comfort-fit-hemd-weiss-einfarbig-langarm-0251.64.00,https://cdn.hemden.de/media/image/ba/fa/29/0251-64-00_800tkoq5mp4jjtVT.jpg,59.95,"OLYMP Luxor Comfort Fit Hemd weiss, Einfarbig","{'Marke': 'OLYMP', 'Stoff': 'Uni-Popeline', 'Schnitt': 'Gerader Schnitt', 'Armlänge cm': '64cm', 'Armlänge': 'Langarm (Normallänge)', 'Material': '100% ägyptische Baumwolle', 'Kragenart': 'Button-Down', 'Pflege': 'Bügelfrei und Knitterfrei', 'Waschbar bis': '60 Grad', 'Farbe': 'weiss', 'Muster': 'Einfarbig', 'Brusttasche': 'Mit Brusttasche', 'Manschette': 'Kombimanschette'}"
20,21,https://www.hemden.de/herrenhemd/olymp/super-slim-n6/hellblau/kent/langarm-64cm/einfarbig/04666410,https://cdn.hemden.de/media/image/bd/25/cf/0466-64-10_800x0ew6gShJqJcG.jpg,59.95,"OLYMP No. Six Super Slim Hemd hellblau, Einfarbig","{'Marke': 'OLYMP', 'Stoff': 'Stoffart: Popeline', 'Nachhaltigkeit': 'OLYMP GREENCHOICE', 'Schnitt': 'Stark tailliert', 'Armlänge cm': '64cm', 'Armlänge': 'Langarm (Normallänge)', 'Kragenart': 'Urban Kent', 'Material': '97% Baumwolle / 3% Elastolefin', 'Pflege': 'Pflegeleicht', 'Waschbar bis': '40 Grad', 'Farbe': 'hellblau', 'Muster': 'Einfarbig', 'Brusttasche': 'Ohne Brusttasche', 'Manschette': 'Kombimanschette'}"
21,22,https://www.hemden.de/olymp-luxor-modern-fit-hemd-schwarz-einfarbig-langarm-6350.64.68,https://cdn.hemden.de/media/image/30/76/dd/6350-64-68_8005qoHvFSvdynjk.jpg,59.95,"OLYMP Luxor Modern Fit Hemd schwarz, Einfarbig","{'Marke': 'OLYMP', 'Stoff': 'Uni-Popeline', 'Schnitt': 'Leicht tailliert', 'Armlänge': 'Langarm (Normallänge)', 'Armlänge cm': '64cm', 'Material': '100% Baumwolle', 'Kragenart': 'New Kent', 'Pflege': 'Pflegeleicht', 'Waschbar bis': '40 Grad', 'Farbe': 'schwarz', 'Muster': 'Einfarbig', 'Brusttasche': 'Mit Brusttasche', 'Manschette': 'Kombimanschette'}"
22,23,https://www.hemden.de/herrenhemd/olymp/body-fit/weiss/royal-kent/langarm-64cm/einfarbig/05666400,https://cdn.hemden.de/media/image/c5/99/33/0566-64-00_800avf7SCnLQhhZd.jpg,69.95,"OLYMP Level Five Body Fit Hemd weiss, Einfarbig","{'Marke': 'OLYMP', 'Stoff': 'Twill', 'Nachhaltigkeit': 'OLYMP GREENCHOICE', 'Schnitt': 'Taillierter Schnitt', 'Armlänge cm': '64cm', 'Armlänge': 'Langarm (Normallänge)', 'Kragenart': 'Royal Kent', 'Material': '97% Baumwolle / 3% Elastolefin', 'Pflege': 'Pflegeleicht', 'Waschbar bis': '40 Grad', 'Farbe': 'weiss', 'Muster': 'Einfarbig', 'Brusttasche': 'Ohne Brusttasche', 'Manschette': 'Kombimanschette'}"
23,24,https://www.hemden.de/olymp-level-five-body-fit-hemd-schwarz-einfarbig-langarm-7060.64.68,https://cdn.hemden.de/media/image/00/3f/fb/7060-64-68_800Lw4bxoUzeHVOw.jpg,59.95,"OLYMP Level Five Body Fit Hemd schwarz, Einfarbig","{'Marke': 'OLYMP', 'Stoff': 'Uni-Popeline', 'Nachhaltigkeit': 'OLYMP GREENCHOICE', 'Schnitt': 'Taillierter Schnitt', 'Armlänge cm': '64cm', 'Armlänge': 'Langarm (Normallänge)', 'Kragenart': 'New York Kent', 'Material': '97% Baumwolle / 3% Elastolefin', 'Pflege': 'Pflegeleicht', 'Waschbar bis': '40 Grad', 'Farbe': 'schwarz', 'Muster': 'Einfarbig', 'Brusttasche': 'Ohne Brusttasche', 'Manschette': 'Sportmanschette', 'Besonderheiten': 'Teilungsnaht'}"
24,25,https://www.hemden.de/herrenhemd/olymp/slim-line/blau/new-kent/langarm-64cm/einfarbig/03046415,https://cdn.hemden.de/media/image/c0/c5/d0/0304-64-15_800sFsjrIAIFOCXc.jpg,59.95,"OLYMP Luxor Modern Fit Hemd blau, Einfarbig","{'Marke': 'OLYMP', 'Stoff': 'Chambray', 'Nachhaltigkeit': 'OLYMP GREENCHOICE', 'Schnitt': 'Leicht tailliert', 'Armlänge cm': '64cm', 'Armlänge': 'Langarm (Normallänge)', 'Kragenart': 'New Kent', 'Material': '100% Baumwolle', 'Pflege': 'Pflegeleicht', 'Waschbar bis': '40 Grad', 'Farbe': 'blau', 'Muster': 'Einfarbig', 'Brusttasche': 'Mit Brusttasche', 'Manschette': 'Kombimanschette'}"
25,26,https://www.hemden.de/marvelis-comfort-fit-hemd-schwarz-einfarbig-langarm-7973.64.68,https://cdn.hemden.de/media/image/e4/f9/df/7973-64-68_800pfiuyPev0aJT2.jpg,39.95,"Marvelis Comfort Fit Hemd schwarz, Einfarbig","{'Marke': 'Marvelis', 'Schnitt': 'Gerader Schnitt', 'Stoff': 'Uni-Popeline', 'Armlänge cm': '64cm', 'Armlänge': 'Langarm (Normallänge)', 'Material': '100% Baumwolle', 'Kragenart': 'New Kent', 'Pflege': 'Bügelfrei', 'Waschbar bis': '40 Grad', 'Farbe': 'schwarz', 'Muster': 'Einfarbig', 'Brusttasche': 'Mit Brusttasche', 'Manschette': 'Officemanschette'}"
26,27,https://www.hemden.de/olymp-luxor-modern-fit-hemd-weiss-einfarbig-langarm-0390.64.00,https://cdn.hemden.de/media/image/6a/a5/4d/0390-64-00_800nr2InRpJ4yXx6.jpg,69.95,"OLYMP Luxor Modern Fit Hemd weiss, Einfarbig","{'Marke': 'OLYMP', 'Stoff': 'Natté', 'Nachhaltigkeit': 'OLYMP GREENCHOICE', 'Schnitt': 'Leicht tailliert', 'Armlänge cm': '64cm', 'Armlänge': 'Langarm (Normallänge)', 'Kragenart': 'New Kent', 'Material': '100% Baumwolle', 'Pflege': 'Pflegeleicht', 'Waschbar bis': '60 Grad', 'Farbe': 'weiss', 'Muster': 'Einfarbig', 'Brusttasche': 'Mit Brusttasche', 'Manschette': 'Kombimanschette'}"
27,28,https://www.hemden.de/olymp-luxor-modern-fit-hemd-blau-einfarbig-langarm-0300.64.15,https://cdn.hemden.de/media/image/fa/2b/60/0300-64-15_800arAXetcR69RyU.jpg,59.95,"OLYMP Luxor Modern Fit Hemd blau, Einfarbig","{'Marke': 'OLYMP', 'Stoff': 'Uni-Popeline', 'Nachhaltigkeit': 'OLYMP GREENCHOICE', 'Schnitt': 'Leicht tailliert', 'Armlänge cm': '64cm', 'Armlänge': 'Langarm (Normallänge)', 'Kragenart': 'New Kent', 'Material': '100% Baumwolle', 'Pflege': 'Pflegeleicht', 'Waschbar bis': '40 Grad', 'Farbe': 'blau', 'Muster': 'Einfarbig', 'Brusttasche': 'Mit Brusttasche', 'Manschette': 'Kombimanschette'}"
28,29,https://www.hemden.de/herrenhemd/olymp/slim-line/weiss/haifisch/langarm-64cm/einfarbig/03086400,https://cdn.hemden.de/media/image/21/40/a8/0308-64-00_800pPppOXqNFXH7l.jpg,59.95,"OLYMP Luxor Modern Fit Hemd weiss, Einfarbig","{'Marke': 'OLYMP', 'Stoff': 'Uni-Popeline', 'Nachhaltigkeit': 'OLYMP GREENCHOICE', 'Schnitt': 'Leicht tailliert', 'Armlänge cm': '64cm', 'Armlänge': 'Langarm (Normallänge)', 'Kragenart': 'Haifisch', 'Material': '100% Baumwolle', 'Pflege': 'Pflegeleicht', 'Waschbar bis': '60 Grad', 'Farbe': 'weiss', 'Muster': 'Einfarbig', 'Brusttasche': 'Mit Brusttasche', 'Manschette': 'Kombimanschette'}"
29,30,https://www.hemden.de/herrenhemd/olymp/modern-fit/anthrazit/new-kent/langarm-64cm/einfarbig/03046467,https://cdn.hemden.de/media/image/4f/6d/ba/0304-64-67_800lbrNhCL34ZQ37.jpg,59.95,"OLYMP Luxor Modern Fit Hemd anthrazit, Einfarbig","{'Marke': 'OLYMP', 'Stoff': 'Chambray', 'Nachhaltigkeit': 'OLYMP GREENCHOICE', 'Schnitt': 'Leicht tailliert', 'Armlänge cm': '64cm', 'Armlänge': 'Langarm (Normallänge)', 'Kragenart': 'New Kent', 'Material': '100% Baumwolle', 'Pflege': 'Pflegeleicht', 'Waschbar bis': '40 Grad', 'Farbe': 'anthrazit', 'Muster': 'Einfarbig', 'Brusttasche': 'Mit Brusttasche', 'Manschette': 'Kombimanschette'}"
30,31,https://www.hemden.de/olymp-luxor-comfort-fit-hemd-blau-einfarbig-langarm-5131.64.15,https://cdn.hemden.de/media/image/5f/13/36/5131-64-15_800jJaNTbGEWU5vm.jpg,59.95,"Olymp Luxor Comfort Fit Hemd blau, Einfarbig","{'Marke': 'OLYMP', 'Schnitt': 'Gerader Schnitt', 'Stoff': 'Chambray', 'Armlänge cm': '64cm', 'Armlänge': 'Langarm (Normallänge)', 'Material': '100% Baumwolle', 'Kragenart': 'New Kent', 'Pflege': 'Bügelfrei und Knitterfrei', 'Waschbar bis': '40 Grad', 'Farbe': 'blau', 'Muster': 'Einfarbig', 'Brusttasche': 'Mit Brusttasche', 'Manschette': 'Kombimanschette'}"
31,32,https://www.hemden.de/olymp-level-five-body-fit-hemd-weiss-einfarbig-langarm-6091.64.00,https://cdn.hemden.de/media/image/f2/d0/5b/6091-64-00_800y1vQKJlCkyWyf.jpg,59.95,"OLYMP Level Five Body Fit Hemd weiss, Einfarbig","{'Marke': 'OLYMP', 'Stoff': 'Uni-Popeline', 'Nachhaltigkeit': 'OLYMP GREENCHOICE', 'Schnitt': 'Taillierter Schnitt', 'Armlänge cm': '64cm', 'Armlänge': 'Langarm (Normallänge)', 'Kragenart': 'Haifisch', 'Material': '97% Baumwolle / 3% Elastolefin', 'Pflege': 'Pflegeleicht', 'Waschbar bis': '40 Grad', 'Farbe': 'weiss', 'Muster': 'Einfarbig', 'Brusttasche': 'Ohne Brusttasche', 'Manschette': 'Officemanschette'}"
32,33,https://www.hemden.de/herrenhemd/marvelis/body-fit/schwarz/new-york-kent/langarm-64cm/einfarbig/67996468,https://cdn.hemden.de/media/image/2d/9a/77/6799-64-68_800PdQmZiTQ9LbAi.jpg,39.95,"Marvelis Body Fit Hemd schwarz, Einfarbig","{'Marke': 'Marvelis', 'Schnitt': 'Taillierter Schnitt', 'Stoff': 'Uni', 'Armlänge cm': '64cm', 'Armlänge': 'Langarm (Normallänge)', 'Material': '100% Baumwolle', 'Kragenart': 'New York Kent', 'Pflege': 'Bügelleicht', 'Waschbar bis': '40 Grad', 'Farbe': 'schwarz', 'Muster': 'Einfarbig', 'Brusttasche': 'Ohne Brusttasche', 'Manschette': 'Sportmanschette'}"
33,34,https://www.hemden.de/olymp-luxor-comfort-fit-hemd-anthrazit-einfarbig-langarm-5131.64.67,https://cdn.hemden.de/media/image/10/60/64/5131-64-67_800TqT81sp8r9fGm.jpg,59.95,"OLYMP Luxor Comfort Fit Hemd anthrazit, Einfarbig","{'Marke': 'OLYMP', 'Stoff': 'Chambray', 'Nachhaltigkeit': 'OLYMP GREENCHOICE', 'Schnitt': 'Gerader Schnitt', 'Armlänge cm': '64cm', 'Armlänge': 'Langarm (Normallänge)', 'Kragenart': 'New Kent', 'Material': '100% Baumwolle', 'Pflege': 'Pflegeleicht', 'Waschbar bis': '40 Grad', 'Farbe': 'anthrazit', 'Muster': 'Einfarbig', 'Brusttasche': 'Mit Brusttasche', 'Manschette': 'Kombimanschette'}"
34,35,https://www.hemden.de/olymp-level-five-body-fit-hemd-bleu-einfarbig-langarm-2007.64.11,https://cdn.hemden.de/media/image/7a/9d/d0/2007-64-11_800X8yxBQ1xh6jvw.jpg,59.95,"OLYMP Level Five Body Fit Hemd bleu, Einfarbig","{'Marke': 'OLYMP', 'Nachhaltigkeit': 'OLYMP GREENCHOICE', 'Schnitt': 'Taillierter Schnitt', 'Stoff': 'Twill', 'Armlänge cm': '64cm', 'Armlänge': 'Langarm (Normallänge)', 'Kragenart': 'Haifisch', 'Material': '97% Baumwolle / 3% Elastolefin', 'Pflege': 'Pflegeleicht', 'Waschbar bis': '40 Grad', 'Farbe': 'bleu', 'Muster': 'Einfarbig', 'Brusttasche': 'Ohne Brusttasche', 'Manschette': 'Kombimanschette'}"
35,36,https://www.hemden.de/olymp-level-five-body-fit-hemd-weiss-einfarbig-langarm-6095.65.00,https://cdn.hemden.de/media/image/21/29/54/6095-65-00_800jkVQz2E3jAEM6.jpg,69.95,"OLYMP Level Five Body Fit Hemd weiss, Einfarbig","{'Marke': 'OLYMP', 'Stoff': 'Uni', 'Nachhaltigkeit': 'OLYMP GREENCHOICE', 'Schnitt': 'Taillierter Schnitt', 'Armlänge cm': '65cm', 'Armlänge': 'Langarm (Normallänge)', 'Kragenart': 'Haifisch', 'Material': '97% Baumwolle / 3% Elastolefin', 'Pflege': 'Pflegeleicht', 'Waschbar bis': '40 Grad', 'Farbe': 'weiss', 'Muster': 'Einfarbig', 'Brusttasche': 'Ohne Brusttasche', 'Manschette': 'Umschlagmanschette'}"
36,37,https://www.hemden.de/herrenhemd/venti/slim-fit/creme/kent/langarm-65cm/einfarbig/001480002,https://cdn.hemden.de/media/image/2b/5a/b4/001480-002_8005TVsnVSeu1K0p.jpg,49.95,"Venti Modern Fit Hemd creme, Einfarbig","{'Marke': 'Venti', 'Stoff': 'Uni-Popeline', 'Schnitt': 'Leicht tailliert', 'Armlänge cm': '65cm', 'Armlänge': 'Langarm (Normallänge)', 'Material': '100% Baumwolle', 'Kragenart': 'Kent', 'Pflege': 'Bügelfrei', 'Waschbar bis': '40 Grad', 'Farbe': 'creme', 'Muster': 'Einfarbig', 'Brusttasche': 'Ohne Brusttasche', 'Manschette': 'Kombimanschette'}"
37,38,https://www.hemden.de/olymp-level-five-body-fit-hemd-anthrazit-einfarbig-langarm-2080.64.67,https://cdn.hemden.de/media/image/ae/c1/a2/2080-64-67_800D0nSHQEfQ7PBc.jpg,59.95,"OLYMP Level Five Body Fit Hemd anthrazit, Einfarbig","{'Marke': 'OLYMP', 'Stoff': 'Chambray', 'Nachhaltigkeit': 'OLYMP GREENCHOICE', 'Schnitt': 'Taillierter Schnitt', 'Armlänge cm': '64cm', 'Armlänge': 'Langarm (Normallänge)', 'Kragenart': 'New York Kent', 'Material': '97% Baumwolle / 3% Elastolefin', 'Pflege': 'Pflegeleicht', 'Waschbar bis': '40 Grad', 'Farbe': 'anthrazit', 'Muster': 'Einfarbig', 'Brusttasche': 'Ohne Brusttasche', 'Manschette': 'Kombimanschette'}"
38,39,https://www.hemden.de/marvelis-modern-fit-hemd-schwarz-einfarbig-langarm-4700.64.68,https://cdn.hemden.de/media/image/bd/63/91/4700-64-68_800BXTwUBX8V3k8e.jpg,39.95,"Marvelis Modern Fit Hemd schwarz, Einfarbig","{'Marke': 'Marvelis', 'Schnitt': 'Leicht tailliert', 'Stoff': 'Uni-Popeline', 'Armlänge cm': '64cm', 'Armlänge': 'Langarm (Normallänge)', 'Material': '100% Baumwolle', 'Kragenart': 'New Kent', 'Pflege': 'Bügelfrei', 'Waschbar bis': '40 Grad', 'Farbe': 'schwarz', 'Muster': 'Einfarbig', 'Brusttasche': 'Mit Brusttasche', 'Manschette': 'Officemanschette'}"
39,40,https://www.hemden.de/marvelis-body-fit-hemd-bleu-vichykaro-langarm-8726.64.11,https://cdn.hemden.de/media/image/01/fd/2d/8726-64-11_8009VJ88MosKMgto.jpg,49.95,"Marvelis Body Fit Hemd bleu, Vichykaro","{'Marke': 'Marvelis', 'Stoff': '100% Baumwolle', 'Schnitt': 'Taillierter Schnitt', 'Armlänge cm': '64cm', 'Armlänge': 'Langarm (Normallänge)', 'Material': '100% Baumwolle', 'Kragenart': 'New York Kent', 'Pflege': 'Besonders bügelleicht', 'Waschbar bis': '40 Grad', 'Farbe': 'bleu', 'Muster': 'Vichykaro', 'Brusttasche': 'Ohne Brusttasche', 'Manschette': 'Sportmanschette'}"
40,41,https://www.hemden.de/herrenhemd/olymp/super-slim-n6/weiss/kent/langarm-64cm/einfarbig/04676400,https://cdn.hemden.de/media/image/1f/4e/75/0467-64-00_800YPbFELfCmjGTB.jpg,59.95,"OLYMP No. Six Super Slim Hemd weiss, Einfarbig","{'Marke': 'OLYMP', 'Stoff': 'Stoffart: Popeline', 'Nachhaltigkeit': 'OLYMP GREENCHOICE', 'Schnitt': 'Stark tailliert', 'Armlänge cm': '64cm', 'Armlänge': 'Langarm (Normallänge)', 'Kragenart': 'Urban Kent', 'Material': '97% Baumwolle / 3% Elastolefin', 'Pflege': 'Pflegeleicht', 'Waschbar bis': '40 Grad', 'Farbe': 'weiss', 'Muster': 'Einfarbig', 'Brusttasche': 'Ohne Brusttasche', 'Manschette': 'Kombimanschette', 'Besonderheiten': 'Teilungsnaht'}"
41,42,https://www.hemden.de/olymp-luxor-comfort-fit-hemd-bleu-einfarbig-langarm-5131.64.11,https://cdn.hemden.de/media/image/04/g0/88/5131-64-11_800pZLZhJJY5XXcm.jpg,59.95,"OLYMP Luxor Comfort Fit Hemd bleu, Einfarbig","{'Marke': 'OLYMP', 'Stoff': 'Chambray', 'Nachhaltigkeit': 'OLYMP GREENCHOICE', 'Schnitt': 'Gerader Schnitt', 'Armlänge cm': '64cm', 'Armlänge': 'Langarm (Normallänge)', 'Kragenart': 'New Kent', 'Material': '100% Baumwolle', 'Pflege': 'Pflegeleicht', 'Waschbar bis': '40 Grad', 'Farbe': 'bleu', 'Muster': 'Einfarbig', 'Brusttasche': 'Mit Brusttasche', 'Manschette': 'Kombimanschette'}"
42,43,https://www.hemden.de/olymp-level-five-body-fit-hemd-weiss-einfarbig-langarm-2007.64.00,https://cdn.hemden.de/media/image/29/6b/79/2007-64-00_800TPKF6lxtGWcxT.jpg,59.95,"OLYMP Level Five Body Fit Hemd weiss, Einfarbig","{'Marke': 'OLYMP', 'Nachhaltigkeit': 'OLYMP GREENCHOICE', 'Schnitt': 'Taillierter Schnitt', 'Stoff': 'Twill', 'Armlänge cm': '64cm', 'Armlänge': 'Langarm (Normallänge)', 'Kragenart': 'Haifisch', 'Material': '97% Baumwolle / 3% Elastolefin', 'Pflege': 'Pflegeleicht', 'Waschbar bis': '40 Grad', 'Farbe': 'weiss', 'Muster': 'Einfarbig', 'Brusttasche': 'Ohne Brusttasche', 'Manschette': 'Kombimanschette'}"
43,44,https://www.hemden.de/marvelis-body-fit-hemd-weiss-einfarbig-langarm-6798.64.00,https://cdn.hemden.de/media/image/fc/78/1a/6798-64-00_800ImBTjplWSy2eC.jpg,39.95,"Marvelis Body Fit Hemd weiss, Einfarbig","{'Marke': 'Marvelis', 'Schnitt': 'Taillierter Schnitt', 'Stoff': 'Uni-Popeline', 'Armlänge': 'Langarm (Normallänge)', 'Armlänge cm': '64cm', 'Material': '100% Baumwolle', 'Kragenart': 'New York Kent', 'Pflege': 'Besonders bügelleicht', 'Waschbar bis': '40 Grad', 'Farbe': 'weiss', 'Muster': 'Einfarbig', 'Brusttasche': 'Ohne Brusttasche', 'Manschette': 'Sportmanschette', 'Besonderheiten': 'Teilungsnaht'}"
44,45,https://www.hemden.de/olymp-level-five-body-fit-hemd-hellblau-einfarbig-langarm-6090.64.10,https://cdn.hemden.de/media/image/38/53/0e/6090-64-10_800MklZk6Dsuxkcw.jpg,59.95,"OLYMP Level Five Body Fit Hemd hellblau, Einfarbig","{'Marke': 'OLYMP', 'Nachhaltigkeit': 'OLYMP GREENCHOICE', 'Schnitt': 'Taillierter Schnitt', 'Stoff': 'Uni-Popeline', 'Armlänge cm': '64cm', 'Armlänge': 'Langarm (Normallänge)', 'Kragenart': 'New York Kent', 'Material': '97% Baumwolle / 3% Elastolefin', 'Pflege': 'Pflegeleicht', 'Waschbar bis': '40 Grad', 'Farbe': 'hellblau', 'Muster': 'Einfarbig', 'Brusttasche': 'Ohne Brusttasche', 'Manschette': 'Officemanschette'}"
45,46,https://www.hemden.de/eterna-modern-fit-hemd-hellblau-einfarbig-langarm-1100.x177.10,https://cdn.hemden.de/media/image/d0/f8/6a/1100-X177-10_8006SSCHlswZ4GSX.jpg,59.95,"Eterna Modern Fit Hemd hellblau, Einfarbig","{'Marke': 'ETERNA', 'Stoff': 'Uni-Popeline', 'Schnitt': 'Leicht tailliert', 'Armlänge': 'Langarm (Normallänge)', 'Armlänge cm': '65cm', 'Kragenart': 'Kent', 'Material': '100% Baumwolle', 'Pflege': 'Bügelfrei und Knitterfrei', 'Farbe': 'hellblau', 'Muster': 'Einfarbig', 'Brusttasche': 'Ohne Brusttasche'}"
46,47,https://www.hemden.de/herrenhemd/olymp/super-slim-n6/hellbeige/kent/langarm-64cm/einfarbig/04666420,https://cdn.hemden.de/media/image/8c/af/79/0466-64-20_800e2NtSopgOulA4.jpg,59.95,"OLYMP No. Six Super Slim Hemd hellbeige, Einfarbig","{'Marke': 'OLYMP', 'Schnitt': 'Stark tailliert', 'Stoff': 'Office Stretch', 'Nachhaltigkeit': 'OLYMP GREENCHOICE', 'Armlänge': 'Langarm (Normallänge)', 'Armlänge cm': '64cm', 'Material': '97% Baumwolle / 3% Elastolefin', 'Kragenart': 'Urban Kent', 'Pflege': 'Pflegeleicht', 'Waschbar bis': '40 Grad', 'Farbe': 'hellbeige', 'Muster': 'Einfarbig', 'Brusttasche': 'Ohne Brusttasche', 'Manschette': 'Kombimanschette'}"
47,48,https://www.hemden.de/olymp-luxor-modern-fit-hemd-royal-karo-langarm-3390.64.19,https://cdn.hemden.de/media/image/e1/25/d0/3390-64-19_800HEWsqHavgBmSG.jpg,69.95,"OLYMP Luxor Modern Fit Hemd royal, Karo","{'Marke': 'OLYMP', 'Stoff': 'Check', 'Nachhaltigkeit': 'OLYMP GREENCHOICE', 'Schnitt': 'Leicht tailliert', 'Armlänge cm': '64cm', 'Armlänge': 'Langarm (Normallänge)', 'Kragenart': 'New Kent', 'Material': '100% Baumwolle', 'Pflege': 'Pflegeleicht', 'Waschbar bis': '40 Grad', 'Farbe': 'royal', 'Muster': 'Karo', 'Brusttasche': 'Mit Brusttasche', 'Manschette': 'Kombimanschette', 'Besonderheiten': 'Patch in Kragen / Manschette'}"
48,49,https://www.hemden.de/marvelis-modern-fit-hemd-weiss-strukturiert-langarm-4767.64.00,https://cdn.hemden.de/media/image/38/d4/7f/4767-64-00_800JfdTArAeavqv5.jpg,49.95,"Marvelis Modern Fit Hemd weiss, Strukturiert","{'Marke': 'Marvelis', 'Stoff': 'Struktur', 'Schnitt': 'Leicht tailliert', 'Armlänge cm': '64cm', 'Armlänge': 'Langarm (Normallänge)', 'Kragenart': 'New Kent', 'Material': '100% Baumwolle', 'Pflege': 'Bügelfrei', 'Waschbar bis': '40 Grad', 'Farbe': 'weiss', 'Muster': 'Strukturiert', 'Brusttasche': 'Mit Brusttasche', 'Manschette': 'Officemanschette', 'Besonderheiten': 'Patch in Kragen / Manschette'}"
49,50,https://www.hemden.de/herrenhemd/olymp/super-slim-n6/weiss/kent/langarm-64cm/einfarbig/25006400,https://cdn.hemden.de/media/image/d5/66/39/2500-64-00_8000drzJHXUhryPu.jpg,59.95,"OLYMP No. Six Super Slim Hemd weiss, Einfarbig","{'Marke': 'OLYMP', 'Schnitt': 'Stark tailliert', 'Stoff': 'Stoffart: Popeline', 'Nachhaltigkeit': 'OLYMP GREENCHOICE', 'Armlänge': 'Langarm (Normallänge)', 'Armlänge cm': '64cm', 'Material': '97% Baumwolle / 3% Elastolefin', 'Kragenart': 'Haifisch', 'Pflege': 'Pflegeleicht', 'Waschbar bis': '40 Grad', 'Farbe': 'weiss', 'Muster': 'Einfarbig', 'Brusttasche': 'Ohne Brusttasche', 'Manschette': 'Kombimanschette'}"
50,51,https://www.hemden.de/olymp-luxor-comfort-fit-hemd-bleu-karo-langarm-3190.64.11,https://cdn.hemden.de/media/image/67/26/a7/3190-64-11_800vymu815u7zUWr.jpg,69.95,"OLYMP Luxor Comfort Fit Hemd bleu, Karo","{'Marke': 'OLYMP', 'Stoff': 'Check', 'Nachhaltigkeit': 'OLYMP GREENCHOICE', 'Schnitt': 'Gerader Schnitt', 'Armlänge cm': '64cm', 'Armlänge': 'Langarm (Normallänge)', 'Kragenart': 'New Kent', 'Material': '100% Baumwolle', 'Pflege': 'Pflegeleicht', 'Waschbar bis': '40 Grad', 'Farbe': 'bleu', 'Muster': 'Karo', 'Brusttasche': 'Mit Brusttasche', 'Manschette': 'Kombimanschette', 'Besonderheiten': 'Patch in Kragen / Manschette'}"
51,52,https://www.hemden.de/seidensticker-hemd-x-slim-weiss-einfarbig-langarm-474980.01,https://cdn.hemden.de/media/image/90/c3/e3/474980-01_800fYq4Osop0CrdA.jpg,59.95,"Seidensticker Hemd - X-Slim - weiss, Einfarbig","{'Marke': 'Seidensticker', 'Schnitt': 'Stark tailliert', 'Stoff': 'Stoffart: Popeline', 'Armlänge cm': '67cm', 'Armlänge': 'Langarm (Normallänge)', 'Material': '100% Baumwolle', 'Kragenart': 'Modern Kent', 'Pflege': 'Bügelfrei', 'Waschbar bis': '40 Grad', 'Farbe': 'weiss', 'Muster': 'Einfarbig', 'Brusttasche': 'Ohne Brusttasche', 'Manschette': 'Kombimanschette', 'Besonderheiten': 'Stretch'}"
52,53,https://www.hemden.de/herrenhemd/olymp/body-fit/weiss/underbuttondown/langarm-64cm/strukturiert/04646400,https://cdn.hemden.de/media/image/56/97/ff/0464-64-00_80054ZFrePsYYKaW.jpg,69.95,"OLYMP Level Five Body Fit Hemd weiss, Einfarbig","{'Marke': 'OLYMP', 'Stoff': 'Twill', 'Schnitt': 'Taillierter Schnitt', 'Nachhaltigkeit': 'OLYMP GREENCHOICE', 'Armlänge': 'Langarm (Normallänge)', 'Armlänge cm': '64cm', 'Kragenart': 'Under-Button-Down', 'Material': '97% Baumwolle / 3% Elastolefin', 'Pflege': 'Pflegeleicht', 'Waschbar bis': '40 Grad', 'Farbe': 'weiss', 'Muster': 'Einfarbig', 'Brusttasche': 'Ohne Brusttasche', 'Manschette': 'Officemanschette', 'Besonderheiten': 'Italienische Knopfleiste'}"
53,54,https://www.hemden.de/herrenhemd/olymp/slim-line/mittelgrau/new-kent/langarm-64cm/einfarbig/03026460,https://cdn.hemden.de/media/image/87/a2/3b/0302-64-60_800MwNrg8peiTLBw.jpg,59.95,"OLYMP Luxor Modern Fit Hemd mittelgrau, Einfarbig","{'Marke': 'OLYMP', 'Stoff': 'Fil à fil', 'Nachhaltigkeit': 'OLYMP GREENCHOICE', 'Schnitt': 'Leicht tailliert', 'Armlänge cm': '64cm', 'Armlänge': 'Langarm (Normallänge)', 'Kragenart': 'New Kent', 'Material': '100% Baumwolle', 'Pflege': 'Pflegeleicht', 'Waschbar bis': '40 Grad', 'Farbe': 'mittelgrau', 'Muster': 'Einfarbig', 'Brusttasche': 'Mit Brusttasche', 'Manschette': 'Kombimanschette'}"
54,55,https://www.hemden.de/olymp-no.-six-super-slim-hemd-weiss-einfarbig-langarm-0491.65.00,https://cdn.hemden.de/media/image/f9/5e/80/0491-65-00_8006TkYYxMmVdR0b.jpg,69.95,"OLYMP No. Six Super Slim Hemd weiss, Einfarbig","{'Marke': 'OLYMP', 'Stoff': 'Chambray', 'Nachhaltigkeit': 'OLYMP GREENCHOICE', 'Schnitt': 'Stark tailliert', 'Armlänge cm': '64cm', 'Armlänge': 'Langarm (Normallänge)', 'Kragenart': 'Urban Kent', 'Material': '97% Baumwolle / 3% Elastolefin', 'Pflege': 'Pflegeleicht', 'Waschbar bis': '40 Grad', 'Farbe': 'weiss', 'Muster': 'Einfarbig', 'Brusttasche': 'Ohne Brusttasche', 'Manschette': 'Umschlagmanschette'}"
55,56,https://www.hemden.de/olymp-luxor-comfort-fit-hemd-silbergrau-einfarbig-langarm-5131.64.63,https://cdn.hemden.de/media/image/26/f6/48/5131-64-63_800IJSbzcuPJQjuN.jpg,59.95,"OLYMP Luxor Comfort Fit Hemd silbergrau, Einfarbig","{'Marke': 'OLYMP', 'Stoff': 'Chambray', 'Nachhaltigkeit': 'OLYMP GREENCHOICE', 'Schnitt': 'Gerader Schnitt', 'Armlänge cm': '64cm', 'Armlänge': 'Langarm (Normallänge)', 'Kragenart': 'New Kent', 'Material': '100% Baumwolle', 'Pflege': 'Pflegeleicht', 'Waschbar bis': '40 Grad', 'Farbe': 'silbergrau', 'Muster': 'Einfarbig', 'Brusttasche': 'Mit Brusttasche', 'Manschette': 'Kombimanschette'}"
56,57,https://www.hemden.de/eterna-modern-fit-hemd-mittelblau-einfarbig-langarm-8100.x13k.12,https://cdn.hemden.de/media/image/43/ee/72/8100-X13K-12_800BEWDUOTIM5zhm.jpg,69.95,"ETERNA Modern Fit Hemd mittelblau, Einfarbig","{'Marke': 'ETERNA', 'Stoff': 'Oxford Style', 'Nachhaltigkeit': 'Grüner Knopf', 'Schnitt': 'Leicht tailliert', 'Armlänge cm': '65cm', 'Armlänge': 'Langarm (Normallänge)', 'Kragenart': 'Kent', 'Material': '100% Baumwolle', 'Pflege': 'Bügelfrei', 'Waschbar bis': '40 Grad', 'Farbe': 'mittelblau', 'Muster': 'Einfarbig', 'Brusttasche': 'Ohne Brusttasche', 'Manschette': 'Kombimanschette', 'Besonderheiten': 'Patch in Kragen / Manschette'}"
57,58,https://www.hemden.de/olymp-no.-six-super-slim-hemd-rauchblau-einfarbig-langarm-0466.64.13,https://cdn.hemden.de/media/image/71/21/62/0466-64-13_800XFalEdNqa6sVP.jpg,59.95,"OLYMP No. Six Super Slim Hemd rauchblau, Einfarbig","{'Marke': 'OLYMP', 'Schnitt': 'Stark tailliert', 'Stoff': 'Office Stretch', 'Nachhaltigkeit': 'OLYMP GREENCHOICE', 'Armlänge': 'Langarm (Normallänge)', 'Armlänge cm': '64cm', 'Material': '97% Baumwolle / 3% Elastolefin', 'Kragenart': 'Urban Kent', 'Pflege': 'Pflegeleicht', 'Waschbar bis': '40 Grad', 'Farbe': 'rauchblau', 'Muster': 'Einfarbig', 'Brusttasche': 'Ohne Brusttasche', 'Manschette': 'Kombimanschette'}"
58,59,https://www.hemden.de/marvelis-comfort-fit-hemd-blau-gestreift-langarm-7954.64.15,https://cdn.hemden.de/media/image/3e/03/87/7954-64-15_800gz7j4inqP8PNi.jpg,39.95,"Marvelis Comfort Fit Hemd blau, Gestreift","{'Marke': 'Marvelis', 'Schnitt': 'Gerader Schnitt', 'Stoff': 'Uni-Popeline', 'Armlänge cm': '64cm', 'Armlänge': 'Langarm (Normallänge)', 'Material': '100% Baumwolle', 'Kragenart': 'New Kent', 'Pflege': 'Bügelfrei', 'Waschbar bis': '40 Grad', 'Farbe': 'blau', 'Muster': 'Gestreift', 'Brusttasche': 'Mit Brusttasche', 'Manschette': 'Officemanschette'}"
59,60,https://www.hemden.de/herrenhemd/seidensticker/comfort-fit/weiss/business-kent/langarm-65cm/einfarbig/31242001,https://cdn.hemden.de/media/image/97/a8/69/312420-01_800QwvlQluYAEN0v.jpg,59.95,"Seidensticker Hemd - Comfort Fit - weiss, Einfarbig","{'Marke': 'Seidensticker', 'Schnitt': 'Gerader Schnitt', 'Stoff': 'Stoffart: Popeline', 'Armlänge cm': '65cm', 'Armlänge': 'Langarm (Normallänge)', 'Material': '100% Baumwolle', 'Kragenart': 'Business Kent', 'Pflege': 'Bügelfrei', 'Waschbar bis': '40 Grad', 'Farbe': 'weiss', 'Muster': 'Einfarbig', 'Brusttasche': 'Mit Brusttasche', 'Manschette': 'Kombimanschette'}"
60,61,https://www.hemden.de/seidensticker-modern-fit-hemd-weiss-einfarbig-langarm-003002.01,https://cdn.hemden.de/media/image/a6/20/01/003002-01_800yChH8pkZadpUU.jpg,59.95,"Seidensticker Modern Fit Hemd weiss, Einfarbig","{'Marke': 'Seidensticker', 'Stoff': 'Stoffart: Popeline', 'Schnitt': 'Leicht tailliert', 'Armlänge cm': '66cm', 'Armlänge': 'Langarm (Normallänge)', 'Kragenart': 'Button-Down', 'Material': '100% Baumwolle', 'Pflege': 'Bügelfrei', 'Waschbar bis': '60 Grad', 'Farbe': 'weiss', 'Muster': 'Einfarbig', 'Brusttasche': 'Mit Brusttasche'}"
61,62,https://www.hemden.de/olymp-luxor-modern-fit-hemd-bleu-kariert-langarm-0316.64.11,https://cdn.hemden.de/media/image/51/8c/e7/0316-64-11_800O617xBVvJ9qsS.jpg,59.95,"Olymp Luxor Modern Fit Hemd bleu, Kariert","{'Marke': 'OLYMP', 'Schnitt': 'Leicht tailliert', 'Stoff': 'Uni-Popeline', 'Armlänge cm': '64cm', 'Armlänge': 'Langarm (Normallänge)', 'Material': '100% Baumwolle', 'Kragenart': 'New Kent', 'Pflege': 'Bügelfrei und Knitterfrei', 'Waschbar bis': '40 Grad', 'Farbe': 'bleu', 'Muster': 'Kariert', 'Brusttasche': 'Mit Brusttasche', 'Manschette': 'Officemanschette'}"
62,63,https://www.hemden.de/marvelis-comfort-fit-hemd-hellbeige-einfarbig-langarm-7973.64.20,https://cdn.hemden.de/media/image/03/54/b0/7973-64-20_800m6fShtLcJubae.jpg,39.95,"Marvelis Comfort Fit Hemd hellbeige, Einfarbig","{'Marke': 'Marvelis', 'Schnitt': 'Gerader Schnitt', 'Stoff': 'Uni-Popeline', 'Armlänge cm': '64cm', 'Armlänge': 'Langarm (Normallänge)', 'Material': '100% Baumwolle', 'Kragenart': 'New Kent', 'Pflege': 'Bügelfrei', 'Waschbar bis': '40 Grad', 'Farbe': 'hellbeige', 'Muster': 'Einfarbig', 'Brusttasche': 'Mit Brusttasche', 'Manschette': 'Officemanschette'}"
63,64,https://www.hemden.de/seidensticker-hemd-tailored-weiss-einfarbig-langarm-021000.01,https://cdn.hemden.de/media/image/74/8e/c5/021000-01_800gtY7dsatXcGRJ.jpg,59.95,"Seidensticker Hemd - Tailored - weiss, Einfarbig","{'Marke': 'Seidensticker', 'Stoff': 'Stoffart: Popeline', 'Schnitt': 'Leicht tailliert', 'Armlänge cm': '67cm', 'Armlänge': 'Langarm (Normallänge)', 'Material': '100% Baumwolle', 'Kragenart': 'Business Kent', 'Pflege': 'Bügelfrei', 'Waschbar bis': '40 Grad', 'Farbe': 'weiss', 'Muster': 'Einfarbig', 'Brusttasche': 'Ohne Brusttasche', 'Manschette': 'Kombimanschette'}"
64,65,https://www.hemden.de/marvelis-modern-fit-hemd-bleu-einfarbig-langarm-4704.64.11,https://cdn.hemden.de/media/image/55/42/97/4704-64-11_800URNTx9EtUAYVn.jpg,39.95,"Marvelis Modern Fit Hemd bleu, Einfarbig","{'Marke': 'Marvelis', 'Schnitt': 'Leicht tailliert', 'Stoff': 'Chambray', 'Armlänge cm': '64cm', 'Armlänge': 'Langarm (Normallänge)', 'Material': '100% Baumwolle', 'Kragenart': 'New Kent', 'Pflege': 'Bügelfrei', 'Waschbar bis': '40 Grad', 'Farbe': 'bleu', 'Muster': 'Einfarbig', 'Brusttasche': 'Mit Brusttasche', 'Manschette': 'Officemanschette'}"
65,66,https://www.hemden.de/olymp-level-five-body-fit-hemd-royal-einfarbig-langarm-2080.64.19,https://cdn.hemden.de/media/image/01/f8/42/2080-64-19_800KWYuC5uSv5iP1.jpg,59.95,"OLYMP Level Five Body Fit Hemd royal, Einfarbig","{'Marke': 'OLYMP', 'Stoff': 'Chambray', 'Nachhaltigkeit': 'OLYMP GREENCHOICE', 'Schnitt': 'Taillierter Schnitt', 'Armlänge cm': '64cm', 'Armlänge': 'Langarm (Normallänge)', 'Kragenart': 'New York Kent', 'Material': '97% Baumwolle / 3% Elastolefin', 'Pflege': 'Pflegeleicht', 'Waschbar bis': '40 Grad', 'Farbe': 'royal', 'Muster': 'Einfarbig', 'Brusttasche': 'Ohne Brusttasche', 'Manschette': 'Kombimanschette'}"
66,67,https://www.hemden.de/marvelis-modern-fit-hemd-blau-gestreift-langarm-7754.64.15,https://cdn.hemden.de/media/image/cf/18/ab/7754-64-15_800o4PmBiIc6yaBC.jpg,39.95,"Marvelis Modern Fit Hemd blau, Gestreift","{'Marke': 'Marvelis', 'Schnitt': 'Leicht tailliert', 'Stoff': 'Uni-Popeline', 'Armlänge cm': '64cm', 'Armlänge': 'Langarm (Normallänge)', 'Material': '100% Baumwolle', 'Kragenart': 'New Kent', 'Pflege': 'Bügelfrei', 'Waschbar bis': '40 Grad', 'Farbe': 'blau', 'Muster': 'Gestreift', 'Brusttasche': 'Mit Brusttasche', 'Manschette': 'Officemanschette'}"
67,68,https://www.hemden.de/marvelis-body-fit-hemd-weiss-einfarbig-langarm-6799.64.00,https://cdn.hemden.de/media/image/36/50/ea/6799-64-00_800crMQITBZsaDX4.jpg,39.95,"Marvelis Body Fit Hemd weiss, Einfarbig","{'Marke': 'Marvelis', 'Schnitt': 'Taillierter Schnitt', 'Stoff': 'Uni', 'Armlänge cm': '64cm', 'Armlänge': 'Langarm (Normallänge)', 'Material': '100% Baumwolle', 'Kragenart': 'New York Kent', 'Pflege': 'Bügelleicht', 'Waschbar bis': '40 Grad', 'Farbe': 'weiss', 'Muster': 'Einfarbig', 'Brusttasche': 'Ohne Brusttasche', 'Manschette': 'Sportmanschette'}"
68,69,https://www.hemden.de/olymp-level-five-body-fit-hemd-hellbeige-einfarbig-langarm-6090.64.20,https://cdn.hemden.de/media/image/60/15/37/6090-64-20_8004YXxVsYqASgso.jpg,59.95,"OLYMP Level Five Body Fit Hemd hellbeige, Einfarbig","{'Marke': 'OLYMP', 'Nachhaltigkeit': 'OLYMP GREENCHOICE', 'Schnitt': 'Taillierter Schnitt', 'Stoff': 'Uni-Popeline', 'Armlänge cm': '64cm', 'Armlänge': 'Langarm (Normallänge)', 'Kragenart': 'New York Kent', 'Material': '97% Baumwolle / 3% Elastolefin', 'Pflege': 'Pflegeleicht', 'Waschbar bis': '40 Grad', 'Farbe': 'hellbeige', 'Muster': 'Einfarbig', 'Brusttasche': 'Ohne Brusttasche', 'Manschette': 'Sportmanschette'}"
69,70,https://www.hemden.de/marvelis-modern-fit-hemd-schwarz-einfarbig-langarm-4704.64.68,https://cdn.hemden.de/media/image/d4/92/15/4704-64-68_800VmrlQrM5kxi35.jpg,39.95,"Marvelis Modern Fit Hemd schwarz, Einfarbig","{'Marke': 'Marvelis', 'Schnitt': 'Leicht tailliert', 'Stoff': 'Chambray', 'Armlänge cm': '64cm', 'Armlänge': 'Langarm (Normallänge)', 'Material': '100% Baumwolle', 'Kragenart': 'New Kent', 'Pflege': 'Bügelfrei', 'Waschbar bis': '40 Grad', 'Farbe': 'schwarz', 'Muster': 'Einfarbig', 'Brusttasche': 'Mit Brusttasche', 'Manschette': 'Officemanschette'}"
70,71,https://www.hemden.de/olymp-luxor-modern-fit-hemd-weiss-einfarbig-langarm-0303.64.00,https://cdn.hemden.de/media/image/85/02/2f/0303-64-00_800FkGpAiu77ohnv.jpg,59.95,"OLYMP Luxor Modern Fit Hemd weiss, Einfarbig","{'Marke': 'OLYMP', 'Stoff': 'Uni-Popeline', 'Schnitt': 'Leicht tailliert', 'Armlänge': 'Langarm (Normallänge)', 'Armlänge cm': '64cm', 'Kragenart': 'Button-Down', 'Material': '100% Baumwolle', 'Pflege': 'Pflegeleicht', 'Waschbar bis': '60 Grad', 'Farbe': 'weiss', 'Muster': 'Einfarbig', 'Brusttasche': 'Mit Brusttasche', 'Manschette': 'Kombimanschette', 'Besonderheiten': 'Italienische Knopfleiste'}"
71,72,https://www.hemden.de/olymp-no.-six-super-slim-hemd-hellbeige-einfarbig-langarm-0491.65.20,https://cdn.hemden.de/media/image/20/ca/bd/0491-65-20_800unCrWi3RuKGrz.jpg,69.95,"OLYMP No. Six Super Slim Hemd hellbeige, Einfarbig","{'Marke': 'OLYMP', 'Stoff': 'Chambray', 'Nachhaltigkeit': 'OLYMP GREENCHOICE', 'Schnitt': 'Stark tailliert', 'Armlänge cm': '64cm', 'Armlänge': 'Langarm (Normallänge)', 'Kragenart': 'Urban Kent', 'Material': '97% Baumwolle / 3% Elastolefin', 'Pflege': 'Pflegeleicht', 'Waschbar bis': '40 Grad', 'Farbe': 'hellbeige', 'Muster': 'Einfarbig', 'Brusttasche': 'Ohne Brusttasche', 'Manschette': 'Umschlagmanschette'}"
72,73,https://www.hemden.de/olymp-luxor-comfort-fit-hemd-schwarz-einfarbig-langarm-0255.64.68,https://cdn.hemden.de/media/image/56/19/f6/0255-64-68_800Yg1oYtMkeInbm.jpg,59.95,"OLYMP Luxor Comfort Fit Hemd schwarz, Einfarbig","{'Marke': 'OLYMP', 'Stoff': 'Fil à fil', 'Schnitt': 'Gerader Schnitt', 'Armlänge cm': '64cm', 'Armlänge': 'Langarm (Normallänge)', 'Material': '100% Baumwolle', 'Kragenart': 'New Kent', 'Pflege': 'Pflegeleicht', 'Waschbar bis': '40 Grad', 'Farbe': 'schwarz', 'Muster': 'Einfarbig', 'Brusttasche': 'Mit Brusttasche', 'Manschette': 'Kombimanschette'}"
73,74,https://www.hemden.de/herrenhemd/olymp/body-fit/hellbeige/new-york-kent/langarm-64cm/einfarbig/12766520,https://cdn.hemden.de/media/image/b0/e7/6e/1276-65-20_800tv8sdca6o5i0S.jpg,69.95,"OLYMP Level Five Body Fit Galahemd hellbeige, Einfarbig","{'Marke': 'OLYMP', 'Stoff': 'Uni', 'Nachhaltigkeit': 'OLYMP GREENCHOICE', 'Schnitt': 'Taillierter Schnitt', 'Armlänge cm': '64cm', 'Armlänge': 'Langarm (Normallänge)', 'Kragenart': 'New York Kent', 'Material': '97% Baumwolle / 3% Elastolefin', 'Pflege': 'Pflegeleicht', 'Waschbar bis': '40 Grad', 'Farbe': 'hellbeige', 'Muster': 'Einfarbig', 'Brusttasche': 'Ohne Brusttasche', 'Manschette': 'Umschlagmanschette', 'Besonderheiten': 'verdeckte Knopfleiste'}"
74,75,https://www.hemden.de/herrenhemd/olymp/slim-line/beige/new-kent/langarm-64cm/einfarbig/03006421,https://cdn.hemden.de/media/image/dc/cb/3b/0300-64-21_800n6pKm1vEEZsjj.jpg,59.95,"OLYMP Luxor Modern Fit Hemd beige, Einfarbig","{'Marke': 'OLYMP', 'Stoff': 'Uni-Popeline', 'Nachhaltigkeit': 'OLYMP GREENCHOICE', 'Schnitt': 'Leicht tailliert', 'Armlänge cm': '64cm', 'Armlänge': 'Langarm (Normallänge)', 'Kragenart': 'New Kent', 'Material': '100% Baumwolle', 'Pflege': 'Pflegeleicht', 'Waschbar bis': '40 Grad', 'Farbe': 'beige', 'Muster': 'Einfarbig', 'Brusttasche': 'Mit Brusttasche', 'Manschette': 'Kombimanschette'}"
75,76,https://www.hemden.de/casa-moda-comfort-fit-hemd-dunkelblau-einfarbig-langarm-006050.116,https://cdn.hemden.de/media/image/48/42/a3/006050-116_800q0Op0NtgylJXa.jpg,49.95,"Casa Moda Comfort Fit Hemd dunkelblau, Einfarbig","{'Marke': 'Casa Moda', 'Schnitt': 'Gerader Schnitt', 'Stoff': 'Stoffart: Popeline', 'Armlänge cm': '65cm', 'Armlänge': 'Langarm (Normallänge)', 'Kragenart': 'Kent', 'Material': '100% Baumwolle', 'Waschbar bis': '40 Grad', 'Farbe': 'dunkelblau', 'Muster': 'Einfarbig', 'Brusttasche': 'Mit Brusttasche', 'Manschette': 'Kombimanschette'}"
76,77,https://www.hemden.de/olymp-luxor-modern-fit-hemd-bleu-karo-langarm-3390.64.11,https://cdn.hemden.de/media/image/e3/36/2e/3390-64-11_800ThZDr0BEr9nkh.jpg,69.95,"OLYMP Luxor Modern Fit Hemd bleu, Karo","{'Marke': 'OLYMP', 'Stoff': 'Check', 'Nachhaltigkeit': 'OLYMP GREENCHOICE', 'Schnitt': 'Leicht tailliert', 'Armlänge cm': '64cm', 'Armlänge': 'Langarm (Normallänge)', 'Kragenart': 'New Kent', 'Material': '100% Baumwolle', 'Pflege': 'Pflegeleicht', 'Waschbar bis': '40 Grad', 'Farbe': 'bleu', 'Muster': 'Karo', 'Brusttasche': 'Mit Brusttasche', 'Manschette': 'Kombimanschette', 'Besonderheiten': 'Patch in Kragen / Manschette'}"
77,78,https://www.hemden.de/olymp-level-five-body-fit-hemd-mittelgrau-einfarbig-langarm-2080.64.60,https://cdn.hemden.de/media/image/5f/a4/94/2080-64-60_800rV8Tya8Vurln9.jpg,59.95,"OLYMP Level Five Body Fit Hemd mittelgrau, Einfarbig","{'Marke': 'OLYMP', 'Stoff': 'Chambray', 'Nachhaltigkeit': 'OLYMP GREENCHOICE', 'Schnitt': 'Taillierter Schnitt', 'Armlänge cm': '64cm', 'Armlänge': 'Langarm (Normallänge)', 'Kragenart': 'New York Kent', 'Material': '97% Baumwolle / 3% Elastolefin', 'Pflege': 'Pflegeleicht', 'Waschbar bis': '40 Grad', 'Farbe': 'mittelgrau', 'Muster': 'Einfarbig', 'Brusttasche': 'Ohne Brusttasche', 'Manschette': 'Kombimanschette'}"
78,79,https://www.hemden.de/casa-moda-comfort-fit-hemd-grau-einfarbig-langarm-006050.705,https://cdn.hemden.de/media/image/79/41/be/006050-705_800njEYugPGM5R06.jpg,49.95,"Casa Moda Comfort Fit Hemd grau, Einfarbig","{'Marke': 'Casa Moda', 'Schnitt': 'Gerader Schnitt', 'Stoff': 'Stoffart: Popeline', 'Armlänge cm': '65cm', 'Armlänge': 'Langarm (Normallänge)', 'Kragenart': 'Kent', 'Material': '100% Baumwolle', 'Waschbar bis': '40 Grad', 'Farbe': 'grau', 'Muster': 'Einfarbig', 'Brusttasche': 'Mit Brusttasche', 'Manschette': 'Kombimanschette'}"
79,80,https://www.hemden.de/marvelis-comfort-fit-hemd-mittelgrau-einfarbig-langarm-7959.64.60,https://cdn.hemden.de/media/image/fe/bf/89/7959-64-60_8007yKuZiS02ICaY.jpg,39.95,"Marvelis Comfort Fit Hemd mittelgrau, Einfarbig","{'Marke': 'Marvelis', 'Schnitt': 'Gerader Schnitt', 'Stoff': 'Chambray', 'Armlänge cm': '64cm', 'Armlänge': 'Langarm (Normallänge)', 'Material': '100% Baumwolle', 'Kragenart': 'New Kent', 'Pflege': 'Bügelfrei', 'Waschbar bis': '40 Grad', 'Farbe': 'mittelgrau', 'Muster': 'Einfarbig', 'Brusttasche': 'Mit Brusttasche', 'Manschette': 'Officemanschette'}"
80,81,https://www.hemden.de/marvelis-body-fit-hemd-hellbeige-einfarbig-langarm-6799.64.20,https://cdn.hemden.de/media/image/90/de/20/6799-64-20_800u5Q2T6zH69AFf.jpg,39.95,"Marvelis Body Fit Hemd hellbeige, Einfarbig","{'Marke': 'Marvelis', 'Schnitt': 'Taillierter Schnitt', 'Stoff': 'Uni-Popeline', 'Armlänge cm': '64cm', 'Armlänge': 'Langarm (Normallänge)', 'Material': '100% Baumwolle', 'Kragenart': 'New York Kent', 'Pflege': 'Besonders bügelleicht', 'Waschbar bis': '40 Grad', 'Farbe': 'hellbeige', 'Muster': 'Einfarbig', 'Brusttasche': 'Ohne Brusttasche', 'Manschette': 'Sportmanschette'}"
81,82,https://www.hemden.de/olymp-level-five-body-fit-hemd-rot-einfarbig-langarm-6090.64.35,https://cdn.hemden.de/media/image/8d/62/d7/6090-64-35_800BXqBYQGwjCCIU.jpg,59.95,"OLYMP Level Five Body Fit Hemd rot, Einfarbig","{'Marke': 'OLYMP', 'Stoff': 'Uni-Popeline', 'Nachhaltigkeit': 'OLYMP GREENCHOICE', 'Schnitt': 'Taillierter Schnitt', 'Armlänge': 'Langarm (Normallänge)', 'Armlänge cm': '64cm', 'Kragenart': 'New York Kent', 'Material': '97% Baumwolle / 3% Elastolefin', 'Pflege': 'Pflegeleicht', 'Waschbar bis': '40 Grad', 'Farbe': 'rot', 'Muster': 'Einfarbig', 'Brusttasche': 'Ohne Brusttasche', 'Manschette': 'Sportmanschette', 'Besonderheiten': 'Italienische Knopfleiste'}"
82,83,https://www.hemden.de/olymp-level-five-body-fit-hemd-blau-einfarbig-langarm-0464.64.15,https://cdn.hemden.de/media/image/86/20/76/0464-64-15_800gZQJYzMkDi2YF.jpg,69.95,"OLYMP Level Five Body Fit Hemd blau, Einfarbig","{'Marke': 'OLYMP', 'Stoff': 'Twill', 'Schnitt': 'Taillierter Schnitt', 'Nachhaltigkeit': 'OLYMP GREENCHOICE', 'Armlänge': 'Langarm (Normallänge)', 'Armlänge cm': '64cm', 'Kragenart': 'Under-Button-Down', 'Material': '97% Baumwolle / 3% Elastolefin', 'Pflege': 'Pflegeleicht', 'Waschbar bis': '40 Grad', 'Farbe': 'blau', 'Muster': 'Einfarbig', 'Brusttasche': 'Ohne Brusttasche', 'Manschette': 'Officemanschette', 'Besonderheiten': 'Italienische Knopfleiste'}"
83,84,https://www.hemden.de/herrenhemd/olymp/slim-line/grau/new-kent/langarm-64cm/einfarbig/03046463,https://cdn.hemden.de/media/image/ee/cd/fc/0304-64-63_800FNDLbSt99QBk3.jpg,59.95,"OLYMP Luxor Modern Fit Hemd silbergrau, Einfarbig","{'Marke': 'OLYMP', 'Stoff': 'Chambray', 'Nachhaltigkeit': 'OLYMP GREENCHOICE', 'Schnitt': 'Leicht tailliert', 'Armlänge cm': '64cm', 'Armlänge': 'Langarm (Normallänge)', 'Kragenart': 'New Kent', 'Material': '100% Baumwolle', 'Pflege': 'Pflegeleicht', 'Waschbar bis': '40 Grad', 'Farbe': 'silbergrau', 'Muster': 'Einfarbig', 'Brusttasche': 'Mit Brusttasche', 'Manschette': 'Kombimanschette'}"
84,85,https://www.hemden.de/herrenhemd/olymp/modern-fit/marine/global-kent/langarm-64cm/strukturiert/04006418,https://cdn.hemden.de/media/image/34/78/15/0400-64-18_800b7TeCHlRCcNso.jpg,69.95,"OLYMP Luxor Modern Fit Hemd marine, Strukturiert","{'Marke': 'OLYMP', 'Stoff': 'Natté', 'Schnitt': 'Leicht tailliert', 'Armlänge': 'Langarm (Normallänge)', 'Armlänge cm': '64cm', 'Kragenart': 'Global Kent', 'Material': '100% Baumwolle', 'Pflege': 'Pflegeleicht', 'Waschbar bis': '40 Grad', 'Farbe': 'marine', 'Muster': 'Strukturiert', 'Brusttasche': 'Mit Brusttasche', 'Manschette': 'Kombimanschette', 'Besonderheiten': 'Patch in Kragen / Manschette'}"
85,86,https://www.hemden.de/marvelis-modern-fit-hemd-mittelgrau-einfarbig-langarm-4704.64.60,https://cdn.hemden.de/media/image/89/8d/6a/4704-64-60_800uBNDynkQKp3a5.jpg,39.95,"Marvelis Modern Fit Hemd mittelgrau, Einfarbig","{'Marke': 'Marvelis', 'Schnitt': 'Leicht tailliert', 'Stoff': 'Chambray', 'Armlänge cm': '64cm', 'Armlänge': 'Langarm (Normallänge)', 'Material': '100% Baumwolle', 'Kragenart': 'New Kent', 'Pflege': 'Bügelfrei', 'Waschbar bis': '40 Grad', 'Farbe': 'mittelgrau', 'Muster': 'Einfarbig', 'Brusttasche': 'Mit Brusttasche', 'Manschette': 'Officemanschette'}"
86,87,https://www.hemden.de/herrenhemd/olymp/super-slim-no.-six/hellblau/underbuttondown/langarm-64cm/einfarbig/04366410,https://cdn.hemden.de/media/image/fa/b6/f0/0436-64-10_8009MH8lQljuZ09N.jpg,59.95,"OLYMP No. Six Super Slim Hemd hellblau, Einfarbig","{'Marke': 'OLYMP', 'Stoff': 'Stoffart: Popeline', 'Nachhaltigkeit': 'OLYMP GREENCHOICE', 'Schnitt': 'Stark tailliert', 'Armlänge cm': '64cm', 'Armlänge': 'Langarm (Normallänge)', 'Kragenart': 'Under-Button-Down', 'Material': '97% Baumwolle / 3% Elastolefin', 'Pflege': 'Pflegeleicht', 'Waschbar bis': '40 Grad', 'Farbe': 'hellblau', 'Muster': 'Einfarbig', 'Brusttasche': 'Ohne Brusttasche', 'Manschette': 'Kombimanschette'}"
87,88,https://www.hemden.de/olymp-luxor-comfort-fit-hemd-bleu-gestreift-langarm-0280.64.11,https://cdn.hemden.de/media/image/89/91/f6/0280-64-11_800iqKiTTWBy4hPx.jpg,59.95,"OLYMP Luxor Comfort Fit Hemd bleu, Gestreift","{'Marke': 'OLYMP', 'Schnitt': 'Gerader Schnitt', 'Stoff': 'Uni-Popeline', 'Armlänge cm': '64cm', 'Armlänge': 'Langarm (Normallänge)', 'Material': '100% Baumwolle', 'Kragenart': 'New Kent', 'Pflege': 'Bügelfrei und Knitterfrei', 'Waschbar bis': '40 Grad', 'Farbe': 'bleu', 'Muster': 'Gestreift', 'Brusttasche': 'Mit Brusttasche', 'Manschette': 'Kombimanschette'}"
88,89,https://www.hemden.de/eterna-slim-fit-hemd-hellblau-strukturiert-langarm-4671.f142.11,https://cdn.hemden.de/media/image/21/22/93/4671-F142-11_800.jpg,59.95,"ETERNA Slim Fit Hemd hellblau, Strukturiert","{'Marke': 'ETERNA', 'Stoff': 'Struktur', 'Nachhaltigkeit': 'Grüner Knopf', 'Schnitt': 'Taillierter Schnitt', 'Armlänge cm': '67cm', 'Armlänge': 'Langarm (Normallänge)', 'Kragenart': 'Haifisch', 'Material': '100% Baumwolle', 'Pflege': 'Bügelfrei', 'Waschbar bis': '40 Grad', 'Farbe': 'hellblau', 'Muster': 'Strukturiert', 'Brusttasche': 'Ohne Brusttasche', 'Manschette': 'Kombimanschette', 'Besonderheiten': 'Patch in Kragen / Manschette'}"
89,90,https://www.hemden.de/olymp-no.-six-super-slim-hemd-bleu-karo-langarm-0465.64.11,https://cdn.hemden.de/media/image/fa/07/d1/0465-64-11_800TdA2xkvWZd2JA.jpg,69.95,"OLYMP No. Six Super Slim Hemd bleu, Karo","{'Marke': 'OLYMP', 'Stoff': 'Office Stretch', 'Schnitt': 'Stark tailliert', 'Armlänge': 'Langarm (Normallänge)', 'Armlänge cm': '64cm', 'Material': '97% Baumwolle / 3% Elastolefin', 'Kragenart': 'Urban Kent', 'Pflege': 'Pflegeleicht', 'Waschbar bis': '40 Grad', 'Farbe': 'bleu', 'Muster': 'Karo', 'Brusttasche': 'Ohne Brusttasche', 'Manschette': 'Kombimanschette'}"
90,91,https://www.hemden.de/olymp-luxor-comfort-fit-galahemd-weiss-einfarbig-langarm-0294.65.00,https://cdn.hemden.de/media/image/27/d0/8a/0294-65-00_800CUmM020XJhbD2.jpg,69.95,"OLYMP Luxor Comfort Fit Galahemd weiss, Einfarbig","{'Marke': 'OLYMP', 'Stoff': 'Uni-Popeline', 'Nachhaltigkeit': 'OLYMP GREENCHOICE', 'Schnitt': 'Gerader Schnitt', 'Armlänge cm': '65cm', 'Armlänge': 'Langarm (Normallänge)', 'Kragenart': 'New Kent', 'Material': '100% Baumwolle', 'Pflege': 'Pflegeleicht', 'Waschbar bis': '60 Grad', 'Farbe': 'weiss', 'Muster': 'Einfarbig', 'Brusttasche': 'Mit Brusttasche', 'Manschette': 'Umschlagmanschette', 'Besonderheiten': 'verdeckte Knopfleiste'}"
91,92,https://www.hemden.de/olymp-level-five-body-fit-galahemd-weiss-einfarbig-langarm-3077.65.00,https://cdn.hemden.de/media/image/9a/d7/9a/3077-65-00_800n0oEKdlXR3Eb9.jpg,69.95,"OLYMP Level Five Body Fit Galahemd weiss, Einfarbig","{'Marke': 'OLYMP', 'Stoff': 'Uni', 'Nachhaltigkeit': 'OLYMP GREENCHOICE', 'Schnitt': 'Taillierter Schnitt', 'Armlänge cm': '65cm', 'Armlänge': 'Langarm (Normallänge)', 'Kragenart': 'Kläppchen', 'Material': '97% Baumwolle / 3% Elastolefin', 'Pflege': 'Pflegeleicht', 'Waschbar bis': '40 Grad', 'Farbe': 'weiss', 'Muster': 'Einfarbig', 'Brusttasche': 'Ohne Brusttasche', 'Manschette': 'Umschlagmanschette', 'Besonderheiten': 'Italienische Knopfleiste'}"
92,93,https://www.hemden.de/olymp-luxor-modern-fit-hemd-bleu-gestreift-langarm-0314.64.11,https://cdn.hemden.de/media/image/ea/e9/78/0314-64-11_800gzaRjTl7YW8CN.jpg,59.95,"OLYMP Luxor Modern Fit Hemd bleu, Gestreift","{'Marke': 'OLYMP', 'Schnitt': 'Leicht tailliert', 'Stoff': 'Uni-Popeline', 'Armlänge cm': '64cm', 'Armlänge': 'Langarm (Normallänge)', 'Material': '100% Baumwolle', 'Kragenart': 'New Kent', 'Pflege': 'Bügelfrei und Knitterfrei', 'Waschbar bis': '40 Grad', 'Farbe': 'bleu', 'Muster': 'Gestreift', 'Brusttasche': 'Mit Brusttasche', 'Manschette': 'Kombimanschette'}"
93,94,https://www.hemden.de/herrenhemd/olymp/super-slim-no.-six/rauchblau/underbuttondown/langarm-64cm/einfarbig/04366413,https://cdn.hemden.de/media/image/0a/23/9b/0436-64-13_8004di2hbjxZcSpn.jpg,44.95,"Olymp Hemd - Super Slim No. Six - rauchblau, Einfarbig","{'Marke': 'OLYMP', 'Schnitt': 'Stark tailliert', 'Stoff': 'Stoffart: Popeline', 'Armlänge cm': '64cm', 'Armlänge': 'Langarm (Normallänge)', 'Material': '97% Baumwolle / 3% Elastolefin (XLA)', 'Kragenart': 'Under-Button-Down', 'Pflege': 'Bügelleicht', 'Waschbar bis': '40 Grad', 'Farbe': 'rauchblau', 'Muster': 'Einfarbig', 'Brusttasche': 'Ohne Brusttasche', 'Manschette': 'Kombimanschette'}"
94,95,https://www.hemden.de/herrenhemd/olymp/super-slim-no.-six/weiss/urban-kent/langarm-64cm/einfarbig/04386500,https://cdn.hemden.de/media/image/c1/e8/a2/0438-65-00_8002nm2HVOyYsIZS.jpg,69.95,"Olymp Hemd - Super Slim No. Six - weiss, Einfarbig","{'Marke': 'OLYMP', 'Schnitt': 'Stark tailliert', 'Stoff': 'Chambray', 'Armlänge cm': '64cm', 'Armlänge': 'Langarm (Normallänge)', 'Material': '97% Baumwolle / 3% Elastolefin (XLA)', 'Kragenart': 'Urban Kent', 'Pflege': 'Bügelleicht', 'Waschbar bis': '40 Grad', 'Farbe': 'weiss', 'Muster': 'Einfarbig', 'Brusttasche': 'Ohne Brusttasche', 'Manschette': 'Umschlagmanschette'}"
95,96,https://www.hemden.de/herrenhemd/olymp/level-5-five/weiss/buttondown/langarm-64cm/einfarbig/60936400,https://cdn.hemden.de/media/image/e5/31/e5/6093-64-00_800xmfaAD3qAZm6P.jpg,59.95,"OLYMP Level Five Body Fit Hemd weiss, Einfarbig","{'Marke': 'OLYMP', 'Stoff': 'Uni-Popeline', 'Nachhaltigkeit': 'OLYMP GREENCHOICE', 'Schnitt': 'Taillierter Schnitt', 'Armlänge cm': '64cm', 'Armlänge': 'Langarm (Normallänge)', 'Kragenart': 'Button-Down', 'Material': '97% Baumwolle / 3% Elastolefin', 'Pflege': 'Pflegeleicht', 'Waschbar bis': '40 Grad', 'Farbe': 'weiss', 'Muster': 'Einfarbig', 'Brusttasche': 'Ohne Brusttasche', 'Manschette': 'Kombimanschette'}"
96,97,https://www.hemden.de/olymp-no.-six-super-slim-hemd-schwarz-einfarbig-langarm-0466.64.68,https://cdn.hemden.de/media/image/9e/47/ec/0466-64-68_800N7qotB5zcYrPS.jpg,59.95,"OLYMP No. Six Super Slim Hemd schwarz, Einfarbig","{'Marke': 'OLYMP', 'Stoff': 'Stretch', 'Schnitt': 'Stark tailliert', 'Nachhaltigkeit': 'OLYMP GREENCHOICE', 'Armlänge': 'Langarm (Normallänge)', 'Armlänge cm': '64cm', 'Material': '97% Baumwolle / 3% Elastolefin', 'Kragenart': 'Urban Kent', 'Pflege': 'Pflegeleicht', 'Waschbar bis': '40 Grad', 'Farbe': 'schwarz', 'Muster': 'Einfarbig', 'Brusttasche': 'Ohne Brusttasche', 'Manschette': 'Kombimanschette'}"
97,98,https://www.hemden.de/marvelis-modern-fit-hemd-hellbeige-einfarbig-langarm-4700.64.20,https://cdn.hemden.de/media/image/68/d4/8e/4700-64-20_800m9FMgvDKOQ4iL.jpg,39.95,"Marvelis Modern Fit Hemd hellbeige, Einfarbig","{'Marke': 'Marvelis', 'Schnitt': 'Leicht tailliert', 'Stoff': 'Uni-Popeline', 'Armlänge cm': '64cm', 'Armlänge': 'Langarm (Normallänge)', 'Material': '100% Baumwolle', 'Kragenart': 'New Kent', 'Pflege': 'Bügelfrei', 'Waschbar bis': '40 Grad', 'Farbe': 'hellbeige', 'Muster': 'Einfarbig', 'Brusttasche': 'Mit Brusttasche', 'Manschette': 'Officemanschette'}"
98,99,https://www.hemden.de/herrenhemd/olymp/super-slim-no.-six/schwarz/underbuttondown/langarm-64cm/einfarbig/04366468,https://cdn.hemden.de/media/image/69/64/3a/0436-64-68_8007tLUF87BRDSX1.jpg,59.95,"Olymp Hemd - Super Slim No. Six - schwarz, Einfarbig","{'Marke': 'OLYMP', 'Schnitt': 'Stark tailliert', 'Stoff': 'Stoffart: Popeline', 'Armlänge cm': '64cm', 'Armlänge': 'Langarm (Normallänge)', 'Material': '97% Baumwolle / 3% Elastolefin (XLA)', 'Kragenart': 'Under-Button-Down', 'Pflege': 'Bügelleicht', 'Waschbar bis': '40 Grad', 'Farbe': 'schwarz', 'Muster': 'Einfarbig', 'Brusttasche': 'Ohne Brusttasche', 'Manschette': 'Kombimanschette'}"
99,100,https://www.hemden.de/marvelis-modern-fit-hemd-schwarz-einfarbig-langarm-4767.64.68,https://cdn.hemden.de/media/image/58/51/2d/4767-64-68_800sFjH2qZJGxgYq.jpg,49.95,"Marvelis Modern Fit Hemd schwarz, Einfarbig","{'Marke': 'Marvelis', 'Schnitt': 'Leicht tailliert', 'Stoff': 'Struktur', 'Armlänge': 'Langarm (Normallänge)', 'Armlänge cm': '64cm', 'Material': '100% Baumwolle', 'Kragenart': 'New Kent', 'Pflege': 'Bügelfrei', 'Waschbar bis': '40 Grad', 'Farbe': 'schwarz', 'Muster': 'Einfarbig', 'Brusttasche': 'Mit Brusttasche', 'Manschette': 'Officemanschette', 'Besonderheiten': 'Patch in Kragen / Manschette'}"
100,101,https://www.hemden.de/olymp-no.-six-super-slim-hemd-hellblau-einfarbig-langarm-2500.64.10,https://cdn.hemden.de/media/image/62/eb/a8/2500-64-10_800fDjcxNKH45RwQ.jpg,59.95,"OLYMP No. Six Super Slim Hemd hellblau, Einfarbig","{'Marke': 'OLYMP', 'Schnitt': 'Stark tailliert', 'Stoff': 'Office Stretch', 'Nachhaltigkeit': 'OLYMP GREENCHOICE', 'Armlänge': 'Langarm (Normallänge)', 'Armlänge cm': '64cm', 'Material': '97% Baumwolle / 3% Elastolefin', 'Kragenart': 'Haifisch', 'Pflege': 'Pflegeleicht', 'Waschbar bis': '40 Grad', 'Farbe': 'hellblau', 'Muster': 'Einfarbig', 'Brusttasche': 'Ohne Brusttasche', 'Manschette': 'Kombimanschette'}"
101,102,https://www.hemden.de/herrenhemd/olymp/super-slim-n6/royal/weiss/kent/langarm-64cm/gemustert/04656419,https://cdn.hemden.de/media/image/87/1d/d4/0465-64-19_800V2gGfBBNycur6.jpg,69.95,"OLYMP No. Six Super Slim Hemd royal, Karo","{'Marke': 'OLYMP', 'Stoff': 'Office Stretch', 'Schnitt': 'Stark tailliert', 'Armlänge': 'Langarm (Normallänge)', 'Armlänge cm': '64cm', 'Material': '97% Baumwolle / 3% Elastolefin', 'Kragenart': 'Urban Kent', 'Pflege': 'Pflegeleicht', 'Waschbar bis': '40 Grad', 'Farbe': 'royal', 'Muster': 'Karo', 'Brusttasche': 'Ohne Brusttasche', 'Manschette': 'Kombimanschette'}"
102,103,https://www.hemden.de/olymp-hemd-super-slim-no.-six-schwarz-einfarbig-langarm-0467.64.68,https://cdn.hemden.de/media/image/8a/cf/b8/0467-64-68_800Kfq7L5i0RTC3w.jpg,59.95,"Olymp Hemd - Super Slim No. Six - schwarz, Einfarbig","{'Marke': 'OLYMP', 'Schnitt': 'Stark tailliert', 'Stoff': 'Stoffart: Popeline', 'Armlänge': 'Langarm (Normallänge)', 'Armlänge cm': '64cm', 'Material': '97% Baumwolle / 3% Elastolefin (XLA)', 'Kragenart': 'Kent', 'Pflege': 'Bügelleicht', 'Waschbar bis': '40 Grad', 'Farbe': 'schwarz', 'Muster': 'Einfarbig', 'Brusttasche': 'Ohne Brusttasche', 'Manschette': 'Sportmanschette', 'Besonderheiten': 'Teilungsnaht'}"
103,104,https://www.hemden.de/herrenhemd/olymp/modern-fit/schwarz/global-kent/langarm-64cm/strukturiert/04006468,https://cdn.hemden.de/media/image/16/a6/6c/0400-64-68_800gVsZBo6s5jvkF.jpg,69.95,"OLYMP Luxor Modern Fit Hemd schwarz, Strukturiert","{'Marke': 'OLYMP', 'Stoff': 'Natté', 'Schnitt': 'Leicht tailliert', 'Armlänge': 'Langarm (Normallänge)', 'Armlänge cm': '64cm', 'Kragenart': 'Global Kent', 'Material': '100% Baumwolle', 'Pflege': 'Pflegeleicht', 'Waschbar bis': '40 Grad', 'Farbe': 'schwarz', 'Muster': 'Strukturiert', 'Brusttasche': 'Mit Brusttasche', 'Manschette': 'Kombimanschette', 'Besonderheiten': 'Patch in Kragen / Manschette'}"
104,105,https://www.hemden.de/casa-moda-comfort-fit-hemd-hellblau-einfarbig-langarm-006050.115,https://cdn.hemden.de/media/image/31/ba/75/006050-115_800PtFVL9SFvAbLJ.jpg,49.95,"Casa Moda Comfort Fit Hemd hellblau, Einfarbig","{'Marke': 'Casa Moda', 'Schnitt': 'Gerader Schnitt', 'Stoff': 'Stoffart: Popeline', 'Armlänge cm': '65cm', 'Armlänge': 'Langarm (Normallänge)', 'Kragenart': 'Kent', 'Material': '100% Baumwolle', 'Waschbar bis': '40 Grad', 'Farbe': 'hellblau', 'Muster': 'Einfarbig', 'Brusttasche': 'Mit Brusttasche', 'Manschette': 'Kombimanschette'}"
105,106,https://www.hemden.de/seidensticker-modern-fit-hemd-schwarz-einfarbig-langarm-001000.84,https://cdn.hemden.de/media/image/c1/55/22/001000-84_800Mhi15ddZCQo9t.jpg,59.95,"Seidensticker Modern Fit Hemd schwarz, Einfarbig","{'Marke': 'Seidensticker', 'Stoff': 'Chambray', 'Schnitt': 'Leicht tailliert', 'Armlänge cm': '66cm', 'Armlänge': 'Langarm (Normallänge)', 'Kragenart': 'Kent', 'Material': '100% Baumwolle', 'Pflege': 'Bügelfrei', 'Waschbar bis': '40 Grad', 'Farbe': 'schwarz', 'Muster': 'Einfarbig', 'Brusttasche': 'Mit Brusttasche'}"
106,107,https://www.hemden.de/herrenhemd/olymp/modern-fit/bleu/new-kent/langarm-64cm/einfarbig/03906411,https://cdn.hemden.de/media/image/9b/a4/e4/0390-64-11_800oBFBUFq2aWrgd.jpg,69.95,"OLYMP Luxor Modern Fit Hemd bleu, Einfarbig","{'Marke': 'OLYMP', 'Stoff': 'Natté', 'Nachhaltigkeit': 'OLYMP GREENCHOICE', 'Schnitt': 'Leicht tailliert', 'Armlänge cm': '64cm', 'Armlänge': 'Langarm (Normallänge)', 'Kragenart': 'New Kent', 'Material': '100% Baumwolle', 'Pflege': 'Pflegeleicht', 'Waschbar bis': '40 Grad', 'Farbe': 'bleu', 'Muster': 'Einfarbig', 'Brusttasche': 'Mit Brusttasche', 'Manschette': 'Kombimanschette'}"
107,108,https://www.hemden.de/eterna-1863-modern-fit-hemd-hellblau-einfarbig-langarm-8005.x687.10,https://cdn.hemden.de/media/image/cb/f5/e5/8005-X687-10_800UwGdg7ZI2loMu.jpg,79.95,"ETERNA 1863 Modern Fit Hemd hellblau, Einfarbig","{'Marke': 'ETERNA', 'Stoff': 'Feintwill SLC (Super Light Cotton)', 'Schnitt': 'Leicht tailliert', 'Nachhaltigkeit': 'Grüner Knopf', 'Armlänge cm': '65cm', 'Armlänge': 'Langarm (Normallänge)', 'Material': '100% Baumwolle', 'Kragenart': 'Kent', 'Pflege': 'Bügelfrei', 'Waschbar bis': '40 Grad', 'Farbe': 'hellblau', 'Muster': 'Einfarbig', 'Brusttasche': 'Ohne Brusttasche', 'Manschette': 'Kombimanschette'}"
108,109,https://www.hemden.de/seidensticker-modern-fit-hemd-grau-einfarbig-langarm-003000.67,https://cdn.hemden.de/media/image/57/77/ec/003000-67_800j9XY85X2Pzn5Z.jpg,59.95,"Seidensticker Modern Fit Hemd grau, Einfarbig","{'Marke': 'Seidensticker', 'Stoff': 'Fil à fil', 'Schnitt': 'Leicht tailliert', 'Armlänge cm': '66cm', 'Armlänge': 'Langarm (Normallänge)', 'Kragenart': 'Kent', 'Material': '100% Baumwolle', 'Pflege': 'Bügelfrei', 'Waschbar bis': '40 Grad', 'Farbe': 'grau', 'Muster': 'Einfarbig', 'Brusttasche': 'Mit Brusttasche'}"
109,110,https://www.hemden.de/olymp-no.-six-super-slim-hemd-marine-einfarbig-langarm-0466.64.18,https://cdn.hemden.de/media/image/61/a9/0d/0466-64-18_800QGrxmGZXRVftg.jpg,59.95,"OLYMP No. Six Super Slim Hemd marine, Einfarbig","{'Marke': 'OLYMP', 'Stoff': 'Stoffart: Popeline', 'Nachhaltigkeit': 'OLYMP GREENCHOICE', 'Schnitt': 'Stark tailliert', 'Armlänge cm': '64cm', 'Armlänge': 'Langarm (Normallänge)', 'Kragenart': 'Urban Kent', 'Material': '97% Baumwolle / 3% Elastolefin', 'Pflege': 'Pflegeleicht', 'Waschbar bis': '40 Grad', 'Farbe': 'marine', 'Muster': 'Einfarbig', 'Brusttasche': 'Ohne Brusttasche', 'Manschette': 'Kombimanschette'}"
110,111,https://www.hemden.de/marvelis-body-fit-hemd-bleu-einfarbig-langarm-7506.34.11,https://cdn.hemden.de/media/image/b1/44/25/7506-34-11_800.jpg,39.95,"Marvelis Body Fit Hemd bleu, Einfarbig","{'Marke': 'Marvelis', 'Schnitt': 'Taillierter Schnitt', 'Stoff': 'Stoffart: Popeline', 'Armlänge': 'Langarm (Normallänge)', 'Armlänge cm': '64cm', 'Material': '100% Baumwolle', 'Kragenart': 'New York Kent', 'Pflege': 'Bügelleicht', 'Waschbar bis': '40 Grad', 'Farbe': 'bleu', 'Muster': 'Einfarbig', 'Brusttasche': 'Ohne Brusttasche', 'Manschette': 'Sportmanschette', 'Besonderheiten': 'Patch in Kragen / Manschette'}"
111,112,https://www.hemden.de/venti-galahemd-modern-fit-champagner-einfarbig-langarm-001840.002,https://cdn.hemden.de/media/image/81/23/12/001840-002_800YftLNu3JUGQgR.jpg,49.95,"Venti Galahemd Modern Fit - champagner, Einfarbig","{'Marke': 'Venti', 'Schnitt': 'Leicht tailliert', 'Stoff': 'Stoffart: Popeline', 'Armlänge cm': '65cm', 'Armlänge': 'Langarm (Normallänge)', 'Material': '100% Baumwolle', 'Kragenart': 'Kent', 'Pflege': 'Bügelfrei', 'Waschbar bis': '40 Grad', 'Farbe': 'champagner', 'Muster': 'Einfarbig', 'Brusttasche': 'Ohne Brusttasche', 'Manschette': 'Umschlagmanschette', 'Besonderheiten': 'verdeckte Knopfleiste'}"
112,113,https://www.hemden.de/seidensticker-modern-fit-hemd-hellblau-einfarbig-langarm-003000.48,https://cdn.hemden.de/media/image/d4/1e/59/003000-48_8005b31169c16746.jpg,59.95,"Seidensticker Modern Fit Hemd hellblau, Einfarbig","{'Marke': 'Seidensticker', 'Stoff': 'Fil à fil', 'Schnitt': 'Leicht tailliert', 'Armlänge cm': '66cm', 'Armlänge': 'Langarm (Normallänge)', 'Kragenart': 'Kent', 'Material': '100% Baumwolle', 'Pflege': 'Bügelfrei', 'Waschbar bis': '60 Grad', 'Farbe': 'hellblau', 'Muster': 'Einfarbig', 'Brusttasche': 'Mit Brusttasche'}"
113,114,https://www.hemden.de/olymp-luxor-comfort-fit-hemd-bleu-kariert-langarm-0282.64.11,https://cdn.hemden.de/media/image/25/18/8f/0282-64-11_800sSqNkiCtbm8Ri.jpg,59.95,"Olymp Luxor Comfort Fit Hemd bleu, Kariert","{'Marke': 'OLYMP', 'Schnitt': 'Gerader Schnitt', 'Stoff': 'Uni-Popeline', 'Armlänge cm': '64cm', 'Armlänge': 'Langarm (Normallänge)', 'Material': '100% Baumwolle', 'Kragenart': 'New Kent', 'Pflege': 'Bügelfrei und Knitterfrei', 'Waschbar bis': '30 Grad', 'Farbe': 'bleu', 'Muster': 'Kariert', 'Brusttasche': 'Mit Brusttasche', 'Manschette': 'Officemanschette'}"
114,115,https://www.hemden.de/seidensticker-slim-fit-hemd-beige-einfarbig-langarm-675198.21,https://cdn.hemden.de/media/image/0f/bc/34/675198-21_800V9JlBxHUKH0f2.jpg,59.95,"Seidensticker Slim Fit Hemd beige, Einfarbig","{'Marke': 'Seidensticker', 'Schnitt': 'Taillierter Schnitt', 'Stoff': 'Stoffart: Popeline', 'Armlänge': 'Langarm (Normallänge)', 'Armlänge cm': '67,5cm', 'Material': '100% Baumwolle', 'Kragenart': 'Business Kent', 'Pflege': 'Bügelfrei', 'Waschbar bis': '40 Grad', 'Farbe': 'beige', 'Muster': 'Einfarbig', 'Brusttasche': 'Ohne Brusttasche', 'Manschette': 'Kombimanschette', 'Besonderheiten': 'Stretch'}"
115,116,https://www.hemden.de/eterna-comfort-fit-hemd-blau/weiss-gestreift-langarm-8992.e15p.16,https://cdn.hemden.de/media/image/e1/48/2f/8992-E15P-16_800HAmc76uO9sRKC.jpg,59.95,"ETERNA Comfort Fit Hemd blau/weiss, Gestreift","{'Marke': 'ETERNA', 'Stoff': 'Stoffart: Popeline', 'Nachhaltigkeit': 'Grüner Knopf', 'Schnitt': 'Gerader Schnitt', 'Armlänge cm': '65cm', 'Armlänge': 'Langarm (Normallänge)', 'Kragenart': 'Modern Kent', 'Material': '100% Baumwolle', 'Pflege': 'Bügelfrei', 'Waschbar bis': '40 Grad', 'Farbe': 'blau/weiss', 'Muster': 'Gestreift', 'Brusttasche': 'Mit Brusttasche', 'Manschette': 'Kombimanschette', 'Besonderheiten': 'Patch in Kragen / Manschette'}"
116,117,https://www.hemden.de/herrenhemd/seidensticker/modern-fit/blau/kent/langarm-66cm/einfarbig/00300014,https://cdn.hemden.de/media/image/03/1c/f5/003000-14_800rDuXRrRxnizJb.jpg,59.95,"Seidensticker Modern Fit Hemd blau, Einfarbig","{'Marke': 'Seidensticker', 'Stoff': 'Fil à fil', 'Schnitt': 'Leicht tailliert', 'Armlänge cm': '66cm', 'Armlänge': 'Langarm (Normallänge)', 'Kragenart': 'Kent', 'Material': '100% Baumwolle', 'Pflege': 'Bügelfrei', 'Waschbar bis': '40 Grad', 'Farbe': 'blau', 'Muster': 'Einfarbig', 'Brusttasche': 'Mit Brusttasche'}"
117,118,https://www.hemden.de/eterna-slim-fit-hemd-weiss-einfarbig-langarm-8817.f182.00,https://cdn.hemden.de/media/image/e7/2e/64/8817-F182-00_800Uj4KsSEK1RIxi.jpg,69.95,"Eterna Slim Fit Hemd weiß, Einfarbig","{'Marke': 'ETERNA', 'Schnitt': 'Taillierter Schnitt', 'Stoff': 'Twill', 'Armlänge cm': '67cm', 'Armlänge': 'Langarm (Normallänge)', 'Material': '100% Baumwolle', 'Kragenart': 'Haifisch', 'Waschbar bis': '40 Grad', 'Farbe': 'weiss', 'Muster': 'Einfarbig', 'Brusttasche': 'Ohne Brusttasche', 'Manschette': 'Kombimanschette', 'Besonderheiten': 'Blickdicht'}"
118,119,https://www.hemden.de/herrenhemd/olymp/gala/weiss/new-kent/langarm-65cm/einfarbig/03946500,https://cdn.hemden.de/media/image/03/e4/e6/0394-65-00_800KNkOsjis5fps6.jpg,69.95,"OLYMP Luxor Modern Fit Galahemd weiss, Einfarbig","{'Marke': 'OLYMP', 'Stoff': 'Uni-Popeline', 'Nachhaltigkeit': 'OLYMP GREENCHOICE', 'Schnitt': 'Leicht tailliert', 'Armlänge cm': '65cm', 'Armlänge': 'Langarm (Normallänge)', 'Kragenart': 'New Kent', 'Material': '100% Baumwolle', 'Pflege': 'Pflegeleicht', 'Waschbar bis': '60 Grad', 'Farbe': 'weiss', 'Muster': 'Einfarbig', 'Brusttasche': 'Mit Brusttasche', 'Manschette': 'Umschlagmanschette', 'Besonderheiten': 'verdeckte Knopfleiste'}"
119,120,https://www.hemden.de/marvelis-modern-fit-hemd-bleu-strukturiert-langarm-4767.64.11,https://cdn.hemden.de/media/image/7a/38/9c/4767-64-11_800Hf9FiVdYwSQd2.jpg,49.95,"Marvelis Modern Fit Hemd bleu, Strukturiert","{'Marke': 'Marvelis', 'Schnitt': 'Leicht tailliert', 'Stoff': 'Stoffart: Popeline', 'Armlänge': 'Langarm (Normallänge)', 'Armlänge cm': '64cm', 'Material': '100% Baumwolle', 'Kragenart': 'New Kent', 'Pflege': 'Bügelfrei', 'Waschbar bis': '40 Grad', 'Farbe': 'bleu', 'Muster': 'Strukturiert', 'Brusttasche': 'Mit Brusttasche', 'Manschette': 'Officemanschette', 'Besonderheiten': 'Patch in Kragen / Manschette - blau kariert'}"
120,121,https://www.hemden.de/olymp-luxor-comfort-fit-galahemd-weiss-einfarbig-langarm-0295.65.00,https://cdn.hemden.de/media/image/77/9c/2e/0295-65-00_8004tfPwkLQMR3xE.jpg,69.95,"OLYMP Luxor Comfort Fit Galahemd weiss, Einfarbig","{'Marke': 'OLYMP', 'Stoff': 'Uni-Popeline', 'Nachhaltigkeit': 'OLYMP GREENCHOICE', 'Schnitt': 'Gerader Schnitt', 'Armlänge cm': '65cm', 'Armlänge': 'Langarm (Normallänge)', 'Kragenart': 'Kläppchen', 'Material': '100% Baumwolle', 'Pflege': 'Pflegeleicht', 'Waschbar bis': '60 Grad', 'Farbe': 'weiss', 'Muster': 'Einfarbig', 'Brusttasche': 'Mit Brusttasche', 'Manschette': 'Umschlagmanschette', 'Besonderheiten': 'verdeckte Knopfleiste'}"
121,122,https://www.hemden.de/venti-modern-fit-hemd-hellblau-einfarbig-langarm-001480.115,https://cdn.hemden.de/media/image/a5/95/22/001480-115_800MicNQ3fBYs1tD.jpg,49.95,"Venti Modern Fit Hemd hellblau, Einfarbig","{'Marke': 'Venti', 'Schnitt': 'Leicht tailliert', 'Stoff': 'Stoffart: Popeline', 'Armlänge cm': '65cm', 'Armlänge': 'Langarm (Normallänge)', 'Kragenart': 'Kent', 'Material': '100% Baumwolle', 'Waschbar bis': '40 Grad', 'Farbe': 'hellblau', 'Muster': 'Einfarbig', 'Brusttasche': 'Ohne Brusttasche', 'Manschette': 'Kombimanschette'}"
122,123,https://www.hemden.de/herrenhemd/eton/contemporary-fit/weiss/modern-business-kent/langarm-67cm/einfarbig/25677931100,https://cdn.hemden.de/media/image/55/a2/4a/2567-79311-00_8005a17699d02e01.jpg,159,"Eton Hemd - Contemporary Fit - weiss, Einfarbig","{'Marke': 'ETON', 'Stoff': 'Stoffart: Popeline', 'Schnitt': 'Leicht tailliert', 'Armlänge cm': '67cm', 'Armlänge': 'Langarm (Normallänge)', 'Kragenart': 'Modern Business Kent', 'Material': '100% Baumwolle', 'Farbe': 'weiss', 'Muster': 'Einfarbig', 'Brusttasche': 'Ohne Brusttasche', 'Manschette': 'Kombimanschette'}"
123,124,https://www.hemden.de/seidensticker-slim-fit-hemd-schwarz-einfarbig-langarm-675198.39,https://cdn.hemden.de/media/image/9b/a3/8a/675198-39_800UjRT2heTWuV3V.jpg,59.95,"Seidensticker Slim Fit Hemd schwarz, Einfarbig","{'Marke': 'Seidensticker', 'Schnitt': 'Taillierter Schnitt', 'Stoff': 'Stoffart: Popeline', 'Armlänge cm': '67,5cm', 'Armlänge': 'Langarm (Normallänge)', 'Material': '100% Baumwolle', 'Kragenart': 'Business Kent', 'Pflege': 'Bügelfrei', 'Waschbar bis': '40 Grad', 'Farbe': 'schwarz', 'Muster': 'Einfarbig', 'Brusttasche': 'Ohne Brusttasche', 'Manschette': 'Kombimanschette', 'Besonderheiten': 'Stretch'}"
124,125,https://www.hemden.de/olymp-luxor-modern-fit-hemd-weiss-einfarbig-langarm-0300.64.00,https://cdn.hemden.de/media/image/45/0e/b1/0300-64-00_800RzczlhNIBbspO.jpg,59.95,"OLYMP Luxor Modern Fit Hemd weiss, Einfarbig","{'Marke': 'OLYMP', 'Stoff': 'Uni-Popeline', 'Nachhaltigkeit': 'OLYMP GREENCHOICE', 'Schnitt': 'Leicht tailliert', 'Armlänge cm': '64cm', 'Armlänge': 'Langarm (Normallänge)', 'Kragenart': 'New Kent', 'Material': '100% Baumwolle', 'Pflege': 'Pflegeleicht', 'Waschbar bis': '60 Grad', 'Farbe': 'weiss', 'Muster': 'Einfarbig', 'Brusttasche': 'Mit Brusttasche', 'Manschette': 'Kombimanschette', 'Besonderheiten': 'Italienische Knopfleiste'}"
125,126,https://www.hemden.de/seidensticker-hemd-gala-weiss-einfarbig-langarm-001007.01,https://cdn.hemden.de/media/image/bd/88/35/001007-01_800S6KEMrpdjXCJZ.jpg,69.95,"Seidensticker Hemd - Gala - weiss, Einfarbig","{'Marke': 'Seidensticker', 'Schnitt': 'Leicht tailliert', 'Stoff': 'Stoffart: Popeline', 'Armlänge cm': '66cm', 'Armlänge': 'Langarm (Normallänge)', 'Material': '100% Baumwolle', 'Kragenart': 'Kent', 'Pflege': 'Bügelfrei', 'Waschbar bis': '40 Grad', 'Farbe': 'weiss', 'Muster': 'Einfarbig', 'Brusttasche': 'Mit Brusttasche', 'Manschette': 'Umschlagmanschette'}"
126,127,https://www.hemden.de/herrenhemd/seidensticker/tailored/schwarz/business-kent/langarm-67cm/einfarbig/02100084,https://cdn.hemden.de/media/image/95/ee/8a/021000-84_800738Ka77z6AXsW.jpg,59.95,"Seidensticker Hemd - Tailored - schwarz, Einfarbig","{'Marke': 'Seidensticker', 'Stoff': 'Stoffart: Popeline', 'Schnitt': 'Leicht tailliert', 'Armlänge cm': '67cm', 'Armlänge': 'Langarm (Normallänge)', 'Material': '100% Baumwolle', 'Kragenart': 'Business Kent', 'Pflege': 'Bügelfrei', 'Waschbar bis': '40 Grad', 'Farbe': 'schwarz', 'Muster': 'Einfarbig', 'Brusttasche': 'Ohne Brusttasche', 'Manschette': 'Kombimanschette'}"
127,128,https://www.hemden.de/marvelis-modern-fit-hemd-rauchblau-einfarbig-langarm-7216.34.13,https://cdn.hemden.de/media/image/93/9e/0c/7216-34-13_800.jpg,32.95,"Marvelis Modern Fit Hemd rauchblau, Einfarbig","{'Marke': 'Marvelis', 'Schnitt': 'Leicht tailliert', 'Stoff': 'Chambray', 'Armlänge': 'Langarm (Normallänge)', 'Armlänge cm': '64cm', 'Material': '100% Baumwolle', 'Kragenart': 'New Kent', 'Pflege': 'Bügelfrei', 'Waschbar bis': '40 Grad', 'Farbe': 'rauchblau', 'Muster': 'Einfarbig', 'Brusttasche': 'Mit Brusttasche', 'Manschette': 'Officemanschette', 'Besonderheiten': 'Patch im Kragen'}"
128,129,https://www.hemden.de/casa-moda-comfort-fit-hemd-anthrazit-einfarbig-langarm-006050.706,https://cdn.hemden.de/media/image/32/38/5a/006050-706_800NtiMA3oSU0TpY.jpg,49.95,"Casa Moda Comfort Fit Hemd anthrazit, Einfarbig","{'Marke': 'Casa Moda', 'Schnitt': 'Gerader Schnitt', 'Stoff': 'Stoffart: Popeline', 'Armlänge cm': '65cm', 'Armlänge': 'Langarm (Normallänge)', 'Kragenart': 'Kent', 'Material': '100% Baumwolle', 'Waschbar bis': '40 Grad', 'Farbe': 'anthrazit', 'Muster': 'Einfarbig', 'Brusttasche': 'Mit Brusttasche', 'Manschette': 'Kombimanschette'}"
129,130,https://www.hemden.de/venti-body-fit-galahemd-beige-einfarbig-langarm-001950.002,https://cdn.hemden.de/media/image/c8/a1/a5/001950-002_800l9A3Akkd8c89J.jpg,49.95,"Venti Body Fit Galahemd beige, Einfarbig","{'Marke': 'Venti', 'Schnitt': 'Taillierter Schnitt', 'Stoff': 'Stoffart: Popeline', 'Armlänge cm': '65cm', 'Armlänge': 'Langarm (Normallänge)', 'Material': '100% Baumwolle', 'Kragenart': 'Kent', 'Waschbar bis': '40 Grad', 'Farbe': 'beige', 'Muster': 'Einfarbig', 'Brusttasche': 'Ohne Brusttasche', 'Manschette': 'Umschlagmanschette', 'Besonderheiten': 'verdeckte Knopfleiste'}"
130,131,https://www.hemden.de/eterna-modern-fit-hemd-hellblau-strukturiert-langarm-4671.x14p.11,https://cdn.hemden.de/media/image/68/5f/6a/4671-X14P-11_800s4Acc6KIufY6l.jpg,59.95,"ETERNA Modern Fit Hemd hellblau, Strukturiert","{'Marke': 'ETERNA', 'Stoff': 'Struktur', 'Schnitt': 'Leicht tailliert', 'Nachhaltigkeit': 'Grüner Knopf', 'Armlänge': 'Langarm (Normallänge)', 'Armlänge cm': '65cm', 'Material': '100% Baumwolle', 'Kragenart': 'Modern Kent', 'Pflege': 'Bügelfrei', 'Waschbar bis': '40 Grad', 'Farbe': 'hellblau', 'Muster': 'Strukturiert', 'Brusttasche': 'Ohne Brusttasche', 'Manschette': 'Kombimanschette', 'Besonderheiten': 'Patch in Kragen / Manschette'}"
131,132,https://www.hemden.de/olymp-luxor-24/seven-modern-fit-jerseyhemd-marine/weiss-hahnentritt-langarm-1214.24.18,https://cdn.hemden.de/media/image/78/4d/98/1214-24-18_800Vk3eKC1sQoMkQ.jpg,44.95,"OLYMP Luxor 24/Seven Modern Fit Jerseyhemd marine/weiss, Hahnentritt","{'Marke': 'OLYMP', 'Schnitt': 'Leicht tailliert', 'Stoff': 'Jersey', 'Nachhaltigkeit': 'OLYMP GREENCHOICE', 'Armlänge': 'Langarm (Normallänge)', 'Armlänge cm': '64cm', 'Material': '92% Baumwolle / 8% Elasthan', 'Kragenart': 'New Kent', 'Waschbar bis': '40 Grad', 'Farbe': 'marine/weiss', 'Muster': 'Hahnentritt', 'Brusttasche': 'Ohne Brusttasche', 'Manschette': 'Officemanschette'}"
132,133,https://www.hemden.de/marvelis-body-fit-hemd-weiss-einfarbig-langarm-7506.34.00,https://cdn.hemden.de/media/image/56/f8/70/7506-34-00_800.jpg,39.95,"Marvelis Body Fit Hemd weiss, Einfarbig","{'Marke': 'Marvelis', 'Schnitt': 'Taillierter Schnitt', 'Stoff': 'Stoffart: Popeline', 'Armlänge': 'Langarm (Normallänge)', 'Armlänge cm': '64cm', 'Material': '100% Baumwolle', 'Kragenart': 'New York Kent', 'Pflege': 'Bügelleicht', 'Waschbar bis': '40 Grad', 'Farbe': 'weiss', 'Muster': 'Einfarbig', 'Brusttasche': 'Ohne Brusttasche', 'Manschette': 'Sportmanschette', 'Besonderheiten': 'Patch in Kragen / Manschette'}"
133,134,https://www.hemden.de/olymp-hemd-super-slim-no.-six-rot-einfarbig-langarm-0466.64.35,https://cdn.hemden.de/media/image/08/b8/2b/0466-64-35_800p2J6EAORD4pk5.jpg,59.95,"Olymp Hemd - Super Slim No. Six - rot, Einfarbig","{'Marke': 'OLYMP', 'Stoff': 'Office Stretch', 'Schnitt': 'Stark tailliert', 'Armlänge': 'Langarm (Normallänge)', 'Armlänge cm': '64cm', 'Material': '97% Baumwolle / 3% Elastolefin (XLA)', 'Kragenart': 'Kent', 'Pflege': 'Bügelleicht', 'Waschbar bis': '40 Grad', 'Farbe': 'rot', 'Muster': 'Einfarbig', 'Brusttasche': 'Ohne Brusttasche', 'Manschette': 'Sportmanschette'}"
134,135,https://www.hemden.de/olymp-luxor-comfort-fit-hemd-beige-einfarbig-langarm-0254.64.21,https://cdn.hemden.de/media/image/a7/ce/a6/0254-64-21_8000ORv6dcEAcS1J.jpg,59.95,"OLYMP Luxor Comfort Fit Hemd beige, Einfarbig","{'Marke': 'OLYMP', 'Stoff': 'Uni-Popeline', 'Schnitt': 'Gerader Schnitt', 'Armlänge cm': '64cm', 'Armlänge': 'Langarm (Normallänge)', 'Material': '100% Baumwolle', 'Kragenart': 'New Kent', 'Pflege': 'Pflegeleicht', 'Waschbar bis': '40 Grad', 'Farbe': 'beige', 'Muster': 'Einfarbig', 'Brusttasche': 'Mit Brusttasche', 'Manschette': 'Kombimanschette'}"
135,136,https://www.hemden.de/marvelis-body-fit-hemd-marine/weiss-gestreift-langarm-7510.24.18,https://cdn.hemden.de/media/image/ba/d9/d0/7510-24-18_800wA3zvvKaSh3Bk.jpg,39.95,"Marvelis Body Fit Hemd marine/weiss, Gestreift","{'Marke': 'Marvelis', 'Schnitt': 'Taillierter Schnitt', 'Stoff': 'Oxford', 'Armlänge cm': '64cm', 'Armlänge': 'Langarm (Normallänge)', 'Kragenart': 'New York Kent', 'Material': '100% Baumwolle', 'Waschbar bis': '40 Grad', 'Farbe': 'marine/weiss', 'Muster': 'Gestreift', 'Brusttasche': 'Ohne Brusttasche', 'Manschette': 'Sportmanschette'}"
136,137,https://www.hemden.de/olymp-luxor-modern-fit-galahemd-beige-einfarbig-langarm-0394.65.21,https://cdn.hemden.de/media/image/23/e0/85/0394-65-21_800lpPvoKmzrSUA1.jpg,69.95,"OLYMP Luxor Modern Fit Galahemd beige, Einfarbig","{'Marke': 'OLYMP', 'Stoff': 'Uni-Popeline', 'Nachhaltigkeit': 'OLYMP GREENCHOICE', 'Schnitt': 'Leicht tailliert', 'Armlänge cm': '65cm', 'Armlänge': 'Langarm (Normallänge)', 'Kragenart': 'New Kent', 'Material': '100% Baumwolle', 'Pflege': 'Pflegeleicht', 'Waschbar bis': '40 Grad', 'Farbe': 'beige', 'Muster': 'Einfarbig', 'Brusttasche': 'Mit Brusttasche', 'Manschette': 'Umschlagmanschette', 'Besonderheiten': 'verdeckte Knopfleiste'}"
137,138,https://www.hemden.de/marvelis-body-fit-hemd-blau-gepunktet-langarm-7508.24.18,https://cdn.hemden.de/media/image/9b/59/be/7508-24-18_800Ywzbkpt7ljKqy.jpg,47.96,"Marvelis Body Fit Hemd blau, Gepunktet","{'Marke': 'Marvelis', 'Schnitt': 'Taillierter Schnitt', 'Stoff': 'Fischgrat', 'Armlänge': 'Langarm (Normallänge)', 'Armlänge cm': '64cm', 'Material': '100% Baumwolle', 'Kragenart': 'New York Kent', 'Waschbar bis': '40 Grad', 'Farbe': 'blau', 'Muster': 'Gepunktet', 'Brusttasche': 'Ohne Brusttasche', 'Manschette': 'Sportmanschette', 'Besonderheiten': 'Patch im Kragen'}"
138,139,https://www.hemden.de/olymp-level-five-24/seven-body-fit-jerseyhemd-schwarz-kariert-langarm-2030.24.68,https://cdn.hemden.de/media/image/3e/e9/16/2030-24-68_800dNYXZWzNkHW7S.jpg,59.95,"OLYMP Level Five 24/Seven Body Fit Jerseyhemd schwarz, Kariert","{'Marke': 'OLYMP', 'Schnitt': 'Taillierter Schnitt', 'Stoff': 'Jersey', 'Nachhaltigkeit': 'OLYMP GREENCHOICE', 'Armlänge': 'Langarm (Normallänge)', 'Armlänge cm': '64cm', 'Material': '92% Baumwolle / 8% Elasthan', 'Kragenart': 'Kent', 'Waschbar bis': '30 Grad', 'Farbe': 'schwarz', 'Muster': 'Kariert', 'Brusttasche': 'Ohne Brusttasche', 'Manschette': 'Sportmanschette'}"
139,140,https://www.hemden.de/marvelis-body-fit-hemd-bleu-faux-uni-langarm-7508.34.11,https://cdn.hemden.de/media/image/de/b9/74/7508-34-11_800.jpg,45.95,"Marvelis Body Fit Hemd bleu, Faux-uni","{'Marke': 'Marvelis', 'Schnitt': 'Taillierter Schnitt', 'Stoff': 'Stoffart: Popeline', 'Armlänge cm': '64cm', 'Armlänge': 'Langarm (Normallänge)', 'Material': '100% Baumwolle', 'Kragenart': 'New York Kent', 'Pflege': 'Bügelleicht', 'Waschbar bis': '40 Grad', 'Farbe': 'bleu', 'Muster': 'Faux-uni', 'Brusttasche': 'Ohne Brusttasche', 'Manschette': 'Sportmanschette'}"
140,141,https://www.hemden.de/herrenhemd/olymp/gala/weiss/klaeppchen/langarm-65cm/einfarbig/03956500,https://cdn.hemden.de/media/image/c0/eb/df/0395-65-00_8007R3a2Lu1JqBZ3.jpg,69.95,"OLYMP Luxor Modern Fit Galahemd weiss, Einfarbig","{'Marke': 'OLYMP', 'Stoff': 'Uni-Popeline', 'Nachhaltigkeit': 'OLYMP GREENCHOICE', 'Schnitt': 'Leicht tailliert', 'Armlänge cm': '65cm', 'Armlänge': 'Langarm (Normallänge)', 'Kragenart': 'Kläppchen', 'Material': '100% Baumwolle', 'Pflege': 'Pflegeleicht', 'Waschbar bis': '60 Grad', 'Farbe': 'weiss', 'Muster': 'Einfarbig', 'Brusttasche': 'Mit Brusttasche', 'Manschette': 'Umschlagmanschette', 'Besonderheiten': 'verdeckte Knopfleiste'}"
141,142,https://www.hemden.de/casa-moda-hemd-comfort-fit-beige-einfarbig-langarm-006050.62,https://cdn.hemden.de/media/image/a4/89/0e/006050-62_800iVMkKfMT7g7uM.jpg,49.95,"Casa Moda Hemd - Comfort Fit - beige, Einfarbig","{'Marke': 'Casa Moda', 'Stoff': 'Uni-Popeline', 'Schnitt': 'Gerader Schnitt', 'Armlänge cm': '65cm', 'Armlänge': 'Langarm (Normallänge)', 'Material': '100% Baumwolle', 'Kragenart': 'Kent', 'Pflege': 'Bügelfrei', 'Waschbar bis': '60 Grad', 'Farbe': 'beige', 'Muster': 'Einfarbig', 'Brusttasche': 'Mit Brusttasche', 'Manschette': 'Kombimanschette'}"
142,143,https://www.hemden.de/herrenhemd/olymp/super-slim-no.-six/weiss/royal-kent/langarm-64cm/einfarbig/04356400,https://cdn.hemden.de/media/image/5b/ea/76/0435-64-00_800GTImm7UdBW2V4.jpg,69.95,"OLYMP No. Six Super Slim Hemd weiss, Einfarbig","{'Marke': 'OLYMP', 'Stoff': 'Twill', 'Nachhaltigkeit': 'OLYMP GREENCHOICE', 'Schnitt': 'Stark tailliert', 'Armlänge cm': '64cm', 'Armlänge': 'Langarm (Normallänge)', 'Kragenart': 'Royal Kent', 'Material': '97% Baumwolle / 3% Elastolefin', 'Pflege': 'Pflegeleicht', 'Waschbar bis': '40 Grad', 'Farbe': 'weiss', 'Muster': 'Einfarbig', 'Brusttasche': 'Ohne Brusttasche', 'Manschette': 'Kombimanschette'}"
143,144,https://www.hemden.de/seidensticker-hemd-x-slim-schwarz-einfarbig-langarm-477870.39,https://cdn.hemden.de/media/image/3a/e4/d5/477870-39_800TpXDBJMNhKkx5.jpg,59.95,"Seidensticker Hemd - X-Slim - schwarz, Einfarbig","{'Marke': 'Seidensticker', 'Schnitt': 'Stark tailliert', 'Stoff': 'Popeline Stretch', 'Armlänge cm': '67cm', 'Armlänge': 'Langarm (Normallänge)', 'Material': '100% Baumwolle', 'Kragenart': 'Modern Kent', 'Pflege': 'Bügelfrei', 'Waschbar bis': '40 Grad', 'Farbe': 'schwarz', 'Muster': 'Einfarbig', 'Brusttasche': 'Ohne Brusttasche', 'Manschette': 'Kombimanschette', 'Besonderheiten': 'Stretch'}"
144,145,https://www.hemden.de/seidensticker-slim-fit-hemd-weiss-einfarbig-langarm-675670.01,https://cdn.hemden.de/media/image/b2/d3/1f/675670-01_800nAOiGb6ReC37C.jpg,69.95,"Seidensticker Slim Fit Hemd weiss, Einfarbig","{'Marke': 'Seidensticker', 'Schnitt': 'Taillierter Schnitt', 'Stoff': 'Stoffart: Popeline', 'Armlänge': 'Langarm (Normallänge)', 'Armlänge cm': '67,5cm', 'Material': '100% Baumwolle', 'Kragenart': 'George-Party', 'Pflege': 'Bügelfrei', 'Waschbar bis': '40 Grad', 'Farbe': 'weiss', 'Muster': 'Einfarbig', 'Brusttasche': 'Ohne Brusttasche', 'Manschette': 'Umschlagmanschette', 'Besonderheiten': 'verdeckte Knopfleiste'}"
145,146,https://www.hemden.de/venti-modern-fit-hemd-grau-einfarbig-langarm-001480.705,https://cdn.hemden.de/media/image/68/95/7b/001480-705_800.jpg,49.95,"Venti Modern Fit Hemd grau, Einfarbig","{'Marke': 'Venti', 'Schnitt': 'Leicht tailliert', 'Stoff': 'Stoffart: Popeline', 'Armlänge cm': '65cm', 'Armlänge': 'Langarm (Normallänge)', 'Kragenart': 'Kent', 'Material': '100% Baumwolle', 'Waschbar bis': '40 Grad', 'Farbe': 'grau', 'Muster': 'Einfarbig', 'Brusttasche': 'Ohne Brusttasche', 'Manschette': 'Kombimanschette'}"
146,147,https://www.hemden.de/marvelis-body-fit-hemd-schwarz/weiss-faux-uni-langarm-7503.24.68,https://cdn.hemden.de/media/image/1b/be/7b/7503-24-68_800HTk3HoR8qyX4p.jpg,39.95,"Marvelis Body Fit Hemd schwarz/weiss, Faux-Uni","{'Marke': 'Marvelis', 'Schnitt': 'Taillierter Schnitt', 'Stoff': 'Stoffart: Popeline', 'Armlänge': 'Langarm (Normallänge)', 'Armlänge cm': '64cm', 'Material': '100% Baumwolle', 'Kragenart': 'New York Kent', 'Pflege': 'Bügelleicht', 'Waschbar bis': '40 Grad', 'Farbe': 'schwarz/weiss', 'Muster': 'Faux-uni', 'Brusttasche': 'Ohne Brusttasche', 'Manschette': 'Sportmanschette', 'Besonderheiten': 'Patch im Kragen'}"
147,148,https://www.hemden.de/seidensticker-hemd-tailored-weiss-einfarbig-langarm-245270.01,https://cdn.hemden.de/media/image/91/12/ee/245270-01_800N9fOMSXqrHwlq.jpg,69.95,"Seidensticker Hemd - Tailored - weiss, Einfarbig","{'Marke': 'Seidensticker', 'Schnitt': 'Leicht tailliert', 'Stoff': 'Stoffart: Popeline', 'Armlänge': 'Langarm (Normallänge)', 'Armlänge cm': '67cm', 'Material': '100% Baumwolle', 'Kragenart': 'Modern Kent', 'Pflege': 'Bügelfrei', 'Waschbar bis': '40 Grad', 'Farbe': 'weiss', 'Muster': 'Einfarbig', 'Brusttasche': 'Ohne Brusttasche', 'Manschette': 'Umschlagmanschette', 'Besonderheiten': 'verdeckte Knopfleiste'}"
148,149,https://www.hemden.de/casa-moda-comfort-fit-galahemd-weiss-einfarbig-langarm-005350.0,https://cdn.hemden.de/media/image/e7/2e/17/005350-0_8005a8f62cc2936b.jpg,49.95,"Casa Moda Comfort Fit Galahemd weiss, Einfarbig","{'Marke': 'Casa Moda', 'Schnitt': 'Gerader Schnitt', 'Stoff': 'Stoffart: Popeline', 'Armlänge': 'Langarm (Normallänge)', 'Armlänge cm': '65cm', 'Material': '100% Baumwolle', 'Kragenart': 'Kläppchen', 'Waschbar bis': '40 Grad', 'Farbe': 'weiss', 'Muster': 'Einfarbig', 'Brusttasche': 'Ohne Brusttasche', 'Manschette': 'Umschlagmanschette', 'Besonderheiten': 'verdeckte Knopfleiste'}"
149,150,https://www.hemden.de/marvelis-body-fit-hemd-weiss-einfarbig-langarm-7530.24.68,https://cdn.hemden.de/media/image/cc/04/02/7530-24-68_800Sk4tZrUoecr53.jpg,43.95,"Marvelis Body Fit Hemd weiß, Einfarbig","{'Marke': 'Marvelis', 'Schnitt': 'Taillierter Schnitt', 'Stoff': 'Stoffart: Popeline', 'Armlänge': 'Langarm (Normallänge)', 'Armlänge cm': '64cm', 'Material': '100% Baumwolle', 'Kragenart': 'Doppel-Button-Down', 'Waschbar bis': '40 Grad', 'Farbe': 'weiss', 'Muster': 'Einfarbig', 'Brusttasche': 'Ohne Brusttasche', 'Manschette': 'Sportmanschette', 'Besonderheiten': 'Patch im Kragen'}"
150,151,https://www.hemden.de/casa-moda-galahemd-evening-weiss-einfarbig-langarm-005335.0,https://cdn.hemden.de/media/image/84/a2/6a/005335-0_80059161ada45a7a.jpg,49.95,"Casa Moda Galahemd Evening - weiss, Einfarbig","{'Marke': 'Casa Moda', 'Schnitt': 'Gerader Schnitt', 'Stoff': 'Uni-Popeline', 'Armlänge cm': '65cm', 'Armlänge': 'Langarm (Normallänge)', 'Material': '100% Baumwolle', 'Kragenart': 'Kent', 'Pflege': 'Bügelfrei', 'Waschbar bis': '30 Grad', 'Farbe': 'weiss', 'Muster': 'Einfarbig', 'Brusttasche': 'Ohne Brusttasche', 'Manschette': 'Umschlagmanschette'}"
151,152,https://www.hemden.de/marvelis-body-fit-hemd-schwarz-einfarbig-langarm-6798.64.68,https://cdn.hemden.de/media/image/9f/a3/cf/6798-64-68_800laJsjv492cwij.jpg,39.95,"Marvelis Body Fit Hemd schwarz, Einfarbig","{'Marke': 'Marvelis', 'Schnitt': 'Taillierter Schnitt', 'Stoff': 'Uni', 'Armlänge cm': '64cm', 'Armlänge': 'Langarm (Normallänge)', 'Material': '100% Baumwolle', 'Kragenart': 'New York Kent', 'Pflege': 'Bügelleicht', 'Waschbar bis': '40 Grad', 'Farbe': 'schwarz', 'Muster': 'Einfarbig', 'Brusttasche': 'Ohne Brusttasche', 'Manschette': 'Sportmanschette'}"
152,153,https://www.hemden.de/venti-modern-fit-hemd-anthrazit-einfarbig-langarm-001480.706,https://cdn.hemden.de/media/image/d1/ae/75/001480-706_800YRAEYW4Emp4fK.jpg,49.95,"Venti Modern Fit Hemd anthrazit, Einfarbig","{'Marke': 'Venti', 'Schnitt': 'Leicht tailliert', 'Stoff': 'Stoffart: Popeline', 'Armlänge cm': '65cm', 'Armlänge': 'Langarm (Normallänge)', 'Kragenart': 'Kent', 'Material': '100% Baumwolle', 'Waschbar bis': '40 Grad', 'Farbe': 'anthrazit', 'Muster': 'Einfarbig', 'Brusttasche': 'Ohne Brusttasche', 'Manschette': 'Kombimanschette'}"
153,154,https://www.hemden.de/casa-moda-modern-fit-hemd-weiss-einfarbig-langarm-006550.0,https://cdn.hemden.de/media/image/0f/45/c4/006550-0_8001RLzKmQNwrCoV.jpg,49.95,"Casa Moda Modern Fit Hemd weiss, Einfarbig","{'Marke': 'Casa Moda', 'Stoff': 'Uni-Popeline', 'Schnitt': 'Leicht tailliert', 'Armlänge': 'Langarm (Normallänge)', 'Armlänge cm': '65cm', 'Material': '100% Baumwolle', 'Kragenart': 'Kent', 'Pflege': 'Bügelfrei', 'Waschbar bis': '40 Grad', 'Farbe': 'weiss', 'Muster': 'Einfarbig', 'Brusttasche': 'Mit Brusttasche', 'Manschette': 'Kombimanschette'}"
154,155,https://www.hemden.de/casa-moda-modern-fit-galahemd-beige-einfarbig-langarm-005550.62,https://cdn.hemden.de/media/image/e8/08/e3/005550-62_800.jpg,49.95,"Casa Moda Modern Fit Galahemd beige, Einfarbig","{'Marke': 'Casa Moda', 'Schnitt': 'Leicht tailliert', 'Stoff': 'Stoffart: Popeline', 'Armlänge': 'Langarm (Normallänge)', 'Armlänge cm': '65cm', 'Material': '100% Baumwolle', 'Kragenart': 'Kläppchen', 'Waschbar bis': '40 Grad', 'Farbe': 'beige', 'Muster': 'Einfarbig', 'Brusttasche': 'Ohne Brusttasche', 'Manschette': 'Umschlagmanschette', 'Besonderheiten': 'verdeckte Knopfleiste'}"
155,156,https://www.hemden.de/olymp-level-five-body-fit-hemd-hellbeige-einfarbig-langarm-6095.65.20,https://cdn.hemden.de/media/image/de/9b/7d/6095-65-20_800SK3GBxwYlZDOt.jpg,69.95,"OLYMP Level Five Body Fit Hemd hellbeige, Einfarbig","{'Marke': 'OLYMP', 'Stoff': 'Uni-Popeline', 'Nachhaltigkeit': 'OLYMP GREENCHOICE', 'Schnitt': 'Taillierter Schnitt', 'Armlänge cm': '65cm', 'Armlänge': 'Langarm (Normallänge)', 'Kragenart': 'Haifisch', 'Material': '97% Baumwolle / 3% Elastolefin', 'Pflege': 'Pflegeleicht', 'Waschbar bis': '40 Grad', 'Farbe': 'hellbeige', 'Muster': 'Einfarbig', 'Brusttasche': 'Ohne Brusttasche', 'Manschette': 'Umschlagmanschette'}"
156,157,https://www.hemden.de/herrenhemd/seidensticker/tailored/weiss/business-kent/langarm-67cm/einfarbig/24647001,https://cdn.hemden.de/media/image/5f/ed/fb/246470-01_8005bb7551a9c868.jpg,69.95,"Seidensticker Original Hemd - Tailored - weiss, Einfarbig","{'Marke': 'Seidensticker', 'Schnitt': 'Leicht tailliert', 'Stoff': 'Twill', 'Armlänge cm': '67cm', 'Armlänge': 'Langarm (Normallänge)', 'Material': '100% Baumwolle', 'Kragenart': 'Business Kent', 'Pflege': 'Bügelfrei', 'Waschbar bis': '40 Grad', 'Farbe': 'weiss', 'Muster': 'Einfarbig', 'Brusttasche': 'Ohne Brusttasche', 'Manschette': 'Kombimanschette'}"
157,158,https://www.hemden.de/hatico-regular-fit-hemd-schwarz-einfarbig-langarm-3209.250.07,https://cdn.hemden.de/media/image/f1/d7/67/3209-250-07_800HSQbH7UVXR9WF.jpg,59.95,"Hatico Regular Fit Hemd schwarz, Einfarbig","{'Marke': 'Hatico', 'Stoff': 'Stoffart: Popeline', 'Schnitt': 'Gerader Schnitt', 'Armlänge cm': '65cm', 'Armlänge': 'Langarm (Normallänge)', 'Kragenart': 'Kent', 'Material': '100% Baumwolle', 'Pflege': 'Bügelfrei', 'Farbe': 'schwarz', 'Muster': 'Einfarbig', 'Brusttasche': 'Mit Brusttasche', 'Manschette': 'Kombimanschette'}"
158,159,https://www.hemden.de/eterna-comfort-fit-hemd-hellblau-strukturiert-langarm-4671.e147.11,https://cdn.hemden.de/media/image/ce/0f/f9/4671-E147-11_800.jpg,59.95,"ETERNA Comfort Fit Hemd hellblau, Strukturiert","{'Marke': 'ETERNA', 'Stoff': 'Struktur', 'Nachhaltigkeit': 'Grüner Knopf', 'Schnitt': 'Gerader Schnitt', 'Armlänge cm': '65cm', 'Armlänge': 'Langarm (Normallänge)', 'Kragenart': 'Kent', 'Material': '100% Baumwolle', 'Pflege': 'Bügelfrei', 'Waschbar bis': '40 Grad', 'Farbe': 'hellblau', 'Muster': 'Strukturiert', 'Brusttasche': 'Mit Brusttasche', 'Manschette': 'Kombimanschette', 'Besonderheiten': 'Patch in Kragen / Manschette'}"
159,160,https://www.hemden.de/casa-moda-modern-fit-galahemd-weiss-einfarbig-langarm-005535.0,https://cdn.hemden.de/media/image/8d/3a/87/005535-0_800.jpg,49.95,"Casa Moda Modern Fit Galahemd weiss, Einfarbig","{'Marke': 'Casa Moda', 'Schnitt': 'Leicht tailliert', 'Stoff': 'Stoffart: Popeline', 'Armlänge': 'Langarm (Normallänge)', 'Armlänge cm': '65cm', 'Material': '100% Baumwolle', 'Kragenart': 'Kent', 'Waschbar bis': '40 Grad', 'Farbe': 'weiss', 'Muster': 'Einfarbig', 'Brusttasche': 'Ohne Brusttasche', 'Manschette': 'Umschlagmanschette', 'Besonderheiten': 'verdeckte Knopfleiste'}"
160,161,https://www.hemden.de/venti-modern-fit-hemd-dunkelblau-einfarbig-langarm-001480.116,https://cdn.hemden.de/media/image/5a/1e/0b/001480-116_800SrcsX9kFhRax4.jpg,49.95,"Venti Modern Fit Hemd dunkelblau, Einfarbig","{'Marke': 'Venti', 'Schnitt': 'Leicht tailliert', 'Stoff': 'Stoffart: Popeline', 'Armlänge cm': '65cm', 'Armlänge': 'Langarm (Normallänge)', 'Kragenart': 'Kent', 'Material': '100% Baumwolle', 'Waschbar bis': '40 Grad', 'Farbe': 'dunkelblau', 'Muster': 'Einfarbig', 'Brusttasche': 'Ohne Brusttasche', 'Manschette': 'Kombimanschette'}"
161,162,https://www.hemden.de/olymp-tendenz-modern-fit-hemd-bleu-einfarbig-langarm-0740.64.11,https://cdn.hemden.de/media/image/37/41/f8/0740-64-11_800FPJuZw982DkSI.jpg,43.95,"OLYMP Tendenz Modern Fit Hemd bleu, Einfarbig","{'Marke': 'OLYMP', 'Stoff': 'Stoffart: Popeline', 'Schnitt': 'Leicht tailliert', 'Armlänge cm': '64cm', 'Armlänge': 'Langarm (Normallänge)', 'Material': '100% Baumwolle', 'Kragenart': 'New Kent', 'Pflege': 'Bügelleicht', 'Waschbar bis': '40 Grad', 'Farbe': 'bleu', 'Muster': 'Einfarbig', 'Brusttasche': 'Mit Brusttasche', 'Manschette': 'Officemanschette'}"
162,163,https://www.hemden.de/marvelis-body-fit-hemd-bleu-hahnentritt-langarm-7504.34.11,https://cdn.hemden.de/media/image/c3/6c/10/7504-34-11_800.jpg,39.95,"Marvelis Body Fit Hemd bleu, Hahnentritt","{'Marke': 'Marvelis', 'Schnitt': 'Taillierter Schnitt', 'Stoff': 'Stoffart: Popeline', 'Armlänge cm': '64cm', 'Armlänge': 'Langarm (Normallänge)', 'Material': '100% Baumwolle', 'Kragenart': 'Haifisch', 'Pflege': 'Bügelleicht', 'Waschbar bis': '40 Grad', 'Farbe': 'bleu', 'Muster': 'Hahnentritt', 'Brusttasche': 'Ohne Brusttasche', 'Manschette': 'Sportmanschette'}"
163,164,https://www.hemden.de/marvelis-casual-regular-fit-hemd-marine-faux-uni-langarm-6082.34.18,https://cdn.hemden.de/media/image/59/2e/a2/6082-34-18_800.jpg,45.95,"Marvelis Casual Regular Fit Hemd marine, Faux-uni","{'Marke': 'Marvelis', 'Stoff': 'Leinen', 'Schnitt': 'Leicht tailliert', 'Armlänge cm': '64cm', 'Armlänge': 'Langarm (Normallänge)', 'Kragenart': 'Steh', 'Material': '100% Baumwolle', 'Pflege': 'Bügelleicht', 'Waschbar bis': '40 Grad', 'Farbe': 'marine', 'Muster': 'Faux-uni', 'Brusttasche': 'Ohne Brusttasche', 'Manschette': 'Officemanschette', 'Besonderheiten': 'Patch im Kragen'}"
164,165,https://www.hemden.de/marvelis-body-fit-hemd-marine-faux-uni-langarm-7508.34.18,https://cdn.hemden.de/media/image/e3/eb/06/7508-34-18_800.jpg,45.95,"Marvelis Body Fit Hemd marine, Faux-uni","{'Marke': 'Marvelis', 'Schnitt': 'Taillierter Schnitt', 'Stoff': 'Stoffart: Popeline', 'Armlänge cm': '64cm', 'Armlänge': 'Langarm (Normallänge)', 'Material': '100% Baumwolle', 'Kragenart': 'New York Kent', 'Pflege': 'Bügelleicht', 'Waschbar bis': '40 Grad', 'Farbe': 'marine', 'Muster': 'Faux-uni', 'Brusttasche': 'Ohne Brusttasche', 'Manschette': 'Sportmanschette'}"
165,166,https://www.hemden.de/eterna-modern-fit-hemd-weiss-einfarbig-langarm-1100.x177.00,https://cdn.hemden.de/media/image/c7/a8/31/1100-X177-00_800wEcKo6zB1E5HZ.jpg,59.95,"Eterna Modern Fit Hemd weiss, Einfarbig","{'Marke': 'ETERNA', 'Stoff': 'Stoffart: Popeline', 'Schnitt': 'Leicht tailliert', 'Armlänge cm': '65cm', 'Armlänge': 'Langarm (Normallänge)', 'Kragenart': 'Kent', 'Material': '100% Baumwolle', 'Pflege': 'Bügelfrei und Knitterfrei', 'Waschbar bis': '40 Grad', 'Farbe': 'weiss', 'Muster': 'Einfarbig', 'Brusttasche': 'Ohne Brusttasche'}"
166,167,https://www.hemden.de/olymp-luxor-comfort-fit-galahemd-beige-einfarbig-langarm-0294.65.21,https://cdn.hemden.de/media/image/c7/4b/c8/0294-65-21_800wlIYXdNsbDv9P.jpg,69.95,"OLYMP Luxor Comfort Fit Galahemd beige, Einfarbig","{'Marke': 'OLYMP', 'Stoff': 'Uni-Popeline', 'Nachhaltigkeit': 'OLYMP GREENCHOICE', 'Schnitt': 'Gerader Schnitt', 'Armlänge': 'Langarm (Normallänge)', 'Armlänge cm': '65cm', 'Material': '100% Baumwolle', 'Kragenart': 'New Kent', 'Pflege': 'Pflegeleicht', 'Waschbar bis': '40 Grad', 'Farbe': 'beige', 'Muster': 'Einfarbig', 'Brusttasche': 'Mit Brusttasche', 'Manschette': 'Umschlagmanschette', 'Besonderheiten': 'verdeckte Knopfleiste'}"
167,168,https://www.hemden.de/hatico-regular-fit-hemd-weiss-langarm-3209.250.90,https://cdn.hemden.de/media/image/6b/06/3c/3209-250-90_800aX2fidgUlUiaK.jpg,59.95,"Hatico Regular Fit Hemd weiss,","{'Marke': 'Hatico', 'Stoff': 'Stoffart: Popeline', 'Schnitt': 'Gerader Schnitt', 'Armlänge cm': '65cm', 'Armlänge': 'Langarm (Normallänge)', 'Kragenart': 'Kent', 'Material': '100% Baumwolle', 'Pflege': 'Bügelfrei', 'Farbe': 'weiss', 'Muster': 'Einfarbig', 'Brusttasche': 'Mit Brusttasche', 'Manschette': 'Kombimanschette'}"
168,169,https://www.hemden.de/marvelis-body-fit-hemd-ziegelrot-einfarbig-langarm-6799.64.33,https://cdn.hemden.de/media/image/bd/15/d1/6799-64-33_800.jpg,43.95,"Marvelis Body Fit Hemd ziegelrot, Einfarbig","{'Marke': 'Marvelis', 'Stoff': 'Uni-Popeline', 'Schnitt': 'Taillierter Schnitt', 'Armlänge cm': '64cm', 'Armlänge': 'Langarm (Normallänge)', 'Material': '100% Baumwolle', 'Kragenart': 'Italian Kent', 'Pflege': 'Besonders bügelleicht', 'Waschbar bis': '30 Grad', 'Farbe': 'ziegelrot', 'Muster': 'Einfarbig', 'Brusttasche': 'Ohne Brusttasche', 'Manschette': 'Sportmanschette'}"
169,170,https://www.hemden.de/eton-hemd-super-slim-weiss-einfarbig-langarm-3000.73811.00,https://cdn.hemden.de/media/image/47/a8/20/3000-73811-00_8005a1769a6b6905.jpg,169,"Eton Hemd - Super Slim - weiss, Einfarbig","{'Marke': 'ETON', 'Stoff': 'Twill', 'Schnitt': 'Stark tailliert', 'Armlänge cm': '66cm', 'Armlänge': 'Langarm (Normallänge)', 'Material': '100% Baumwolle', 'Kragenart': 'Haifisch', 'Pflege': 'Bügelleicht', 'Waschbar bis': '40 Grad', 'Farbe': 'weiss', 'Muster': 'Einfarbig', 'Brusttasche': 'Ohne Brusttasche', 'Manschette': 'Kombimanschette'}"
170,171,https://www.hemden.de/eton-slim-fit-hemd-marine-einfarbig-langarm-3000.79511.29,https://cdn.hemden.de/media/image/fc/89/83/3000-79511-29_800.jpg,169,"Eton Slim Fit Hemd marine, Einfarbig","{'Marke': 'ETON', 'Stoff': 'Twill', 'Schnitt': 'Taillierter Schnitt', 'Armlänge': 'Langarm (Normallänge)', 'Armlänge cm': '66cm', 'Material': '100% Baumwolle', 'Kragenart': 'Kent', 'Pflege': 'Bügelleicht', 'Waschbar bis': '40 Grad', 'Farbe': 'marine', 'Muster': 'Einfarbig', 'Brusttasche': 'Ohne Brusttasche', 'Manschette': 'Kombimanschette'}"
171,172,https://www.hemden.de/seidensticker-original-slim-fit-hemd-weiss-einfarbig-langarm-676550.01,https://cdn.hemden.de/media/image/0b/70/01/676550-01_800VlUflqQGkD9ow.jpg,69.95,"Seidensticker Original Slim Fit Hemd weiss, Einfarbig","{'Marke': 'Seidensticker', 'Schnitt': 'Taillierter Schnitt', 'Stoff': 'Twill', 'Armlänge cm': '67,5cm', 'Armlänge': 'Langarm (Normallänge)', 'Material': '100% Baumwolle', 'Kragenart': 'Business Kent', 'Pflege': 'Bügelfrei', 'Waschbar bis': '40 Grad', 'Farbe': 'weiss', 'Muster': 'Einfarbig', 'Brusttasche': 'Ohne Brusttasche', 'Manschette': 'Kombimanschette'}"
172,173,https://www.hemden.de/olymp-dynamic-flex-luxor-24/seven-modern-fit-jerseyhemd-hellblau-strukturiert-langarm-1223.24.11,https://cdn.hemden.de/media/image/3c/de/30/1223-24-11_800KGPIlfRgfUTww.jpg,79.95,"OLYMP Dynamic Flex Luxor 24/Seven Modern Fit Jerseyhemd hellblau, Strukturiert","{'Marke': 'OLYMP', 'Stoff': 'Jersey', 'Nachhaltigkeit': 'OLYMP GREENCHOICE', 'Schnitt': 'Leicht tailliert', 'Armlänge': 'Langarm (Normallänge)', 'Armlänge cm': '64cm', 'Material': '92% Baumwolle / 8% Elasthan', 'Kragenart': 'Button-Down', 'Waschbar bis': '40 Grad', 'Farbe': 'hellblau', 'Muster': 'Strukturiert', 'Brusttasche': 'Ohne Brusttasche', 'Besonderheiten': 'Patch in Kragen / Manschette'}"
173,174,https://www.hemden.de/seidensticker-modern-fit-hemd-hellblau-einfarbig-langarm-001000.12,https://cdn.hemden.de/media/image/77/d8/72/001000-12_800sSG4RaYNFl0F8.jpg,59.95,"Seidensticker Modern Fit Hemd hellblau, Einfarbig","{'Marke': 'Seidensticker', 'Stoff': 'Uni-Popeline', 'Schnitt': 'Leicht tailliert', 'Armlänge': 'Langarm (Normallänge)', 'Armlänge cm': '66cm', 'Material': '100% Baumwolle', 'Kragenart': 'Kent', 'Pflege': 'Bügelfrei', 'Waschbar bis': '60 Grad', 'Farbe': 'hellblau', 'Muster': 'Einfarbig', 'Brusttasche': 'Mit Brusttasche', 'Manschette': 'Officemanschette'}"
174,175,https://www.hemden.de/marvelis-body-fit-hemd-weiss-einfarbig-langarm-7524.34.00,https://cdn.hemden.de/media/image/74/0b/f6/7524-34-00_800.jpg,49.95,"Marvelis Body Fit Hemd weiss, Einfarbig","{'Marke': 'Marvelis', 'Schnitt': 'Taillierter Schnitt', 'Stoff': 'Stoffart: Popeline', 'Armlänge': 'Langarm (Normallänge)', 'Armlänge cm': '64cm', 'Material': '100% Baumwolle', 'Kragenart': 'Button-Down', 'Pflege': 'Bügelleicht', 'Waschbar bis': '40 Grad', 'Farbe': 'weiss', 'Muster': 'Einfarbig', 'Brusttasche': 'Ohne Brusttasche', 'Manschette': 'Sportmanschette', 'Besonderheiten': 'Patch im Kragen'}"
175,176,https://www.hemden.de/venti-galahemd-modern-fit-weiss-einfarbig-langarm-001840.000,https://cdn.hemden.de/media/image/c1/a0/3b/001840-000_800KnQbthXWHDs9G.jpg,49.95,"Venti Galahemd Modern Fit - weiss, Einfarbig","{'Marke': 'Venti', 'Schnitt': 'Leicht tailliert', 'Stoff': 'Stoffart: Popeline', 'Armlänge cm': '65cm', 'Armlänge': 'Langarm (Normallänge)', 'Material': '100% Baumwolle', 'Kragenart': 'Kent', 'Pflege': 'Bügelfrei', 'Waschbar bis': '40 Grad', 'Farbe': 'weiss', 'Muster': 'Einfarbig', 'Brusttasche': 'Ohne Brusttasche', 'Manschette': 'Umschlagmanschette', 'Besonderheiten': 'Patch im Kragen'}"
176,177,https://www.hemden.de/herrenhemd/seidensticker/gala/weiss/carmen/langarm-66cm/einfarbig/00103501,https://cdn.hemden.de/media/image/42/ea/c2/001035-01_800KUjkiLsKbmCM5.jpg,69.95,"Seidensticker Hemd - Gala - weiss, Einfarbig","{'Marke': 'Seidensticker', 'Schnitt': 'Leicht tailliert', 'Stoff': 'Stoffart: Popeline', 'Armlänge cm': '66cm', 'Armlänge': 'Langarm (Normallänge)', 'Material': '100% Baumwolle', 'Kragenart': 'Carmen', 'Pflege': 'Bügelfrei', 'Waschbar bis': '60 Grad', 'Farbe': 'weiss', 'Muster': 'Einfarbig', 'Brusttasche': 'Ohne Brusttasche', 'Manschette': 'Umschlagmanschette'}"
177,178,https://www.hemden.de/herrenhemd/eterna/modern-fit/blau/weiss/new-kent/langarm-65cm/zuendholzstreifen/8992x14p16,https://cdn.hemden.de/media/image/03/28/d1/8992-X14P-16_800Kb8hYaPg81LdT.jpg,59.95,"ETERNA Modern Fit Hemd blau/weiss, Gestreift","{'Marke': 'ETERNA', 'Stoff': 'Twill', 'Nachhaltigkeit': 'Grüner Knopf', 'Schnitt': 'Leicht tailliert', 'Armlänge cm': '65cm', 'Armlänge': 'Langarm (Normallänge)', 'Kragenart': 'Modern Kent', 'Material': '100% Baumwolle', 'Pflege': 'Bügelfrei', 'Waschbar bis': '40 Grad', 'Farbe': 'blau/weiss', 'Muster': 'Gestreift', 'Brusttasche': 'Ohne Brusttasche', 'Manschette': 'Kombimanschette', 'Besonderheiten': 'Patch in Kragen / Manschette'}"
178,179,https://www.hemden.de/seidensticker-slim-fit-hemd-weiss-einfarbig-langarm-675674.01,https://cdn.hemden.de/media/image/46/4c/aa/675674-01_800VrR9gfdAxmbii.jpg,69.95,"Seidensticker Slim Fit Hemd weiss, Einfarbig","{'Marke': 'Seidensticker', 'Stoff': 'Stoffart: Popeline', 'Schnitt': 'Taillierter Schnitt', 'Armlänge cm': '67,5cm', 'Armlänge': 'Langarm (Normallänge)', 'Kragenart': 'Modern Kent', 'Material': '100% Baumwolle', 'Waschbar bis': '40 Grad', 'Farbe': 'weiss', 'Muster': 'Einfarbig', 'Brusttasche': 'Ohne Brusttasche', 'Manschette': 'Kombimanschette'}"
179,180,https://www.hemden.de/venti-galahemd-modern-fit-champagner-einfarbig-langarm-001940.002,https://cdn.hemden.de/media/image/c6/e2/f4/001940-002_800m4NRg4aa3yBX8.jpg,49.95,"Venti Galahemd Modern Fit - champagner, Einfarbig","{'Marke': 'Venti', 'Schnitt': 'Leicht tailliert', 'Stoff': 'Stoffart: Popeline', 'Armlänge cm': '65cm', 'Armlänge': 'Langarm (Normallänge)', 'Material': '100% Baumwolle', 'Kragenart': 'Kläppchen', 'Pflege': 'Bügelfrei', 'Waschbar bis': '40 Grad', 'Farbe': 'champagner', 'Muster': 'Einfarbig', 'Brusttasche': 'Ohne Brusttasche', 'Manschette': 'Umschlagmanschette', 'Besonderheiten': 'verdeckte Knopfleiste'}"
180,181,https://www.hemden.de/seidensticker-hemd-tailored-hellblau-einfarbig-langarm-022000.15,https://cdn.hemden.de/media/image/64/f1/b9/022000-15_8005yi608624dIjP.jpg,59.95,"Seidensticker Hemd - Tailored - hellblau, Einfarbig","{'Marke': 'Seidensticker', 'Stoff': 'Chambray', 'Schnitt': 'Leicht tailliert', 'Armlänge cm': '67cm', 'Armlänge': 'Langarm (Normallänge)', 'Material': '100% Baumwolle', 'Kragenart': 'Business Kent', 'Pflege': 'Bügelfrei', 'Waschbar bis': '40 Grad', 'Farbe': 'hellblau', 'Muster': 'Einfarbig', 'Brusttasche': 'Ohne Brusttasche', 'Manschette': 'Kombimanschette'}"
181,182,https://www.hemden.de/eton-slim-fit-hemd-weiss-einfarbig-langarm-3000.79512.00,https://cdn.hemden.de/media/image/0c/6c/2c/3000-79512-00_800.jpg,159,"Eton Slim Fit Hemd weiss, Einfarbig","{'Marke': 'ETON', 'Stoff': 'Twill', 'Schnitt': 'Taillierter Schnitt', 'Armlänge': 'Langarm (Normallänge)', 'Armlänge cm': '66cm', 'Material': '100% Baumwolle', 'Kragenart': 'Haifisch', 'Pflege': 'Bügelleicht', 'Waschbar bis': '40 Grad', 'Farbe': 'weiss', 'Muster': 'Einfarbig', 'Brusttasche': 'Ohne Brusttasche', 'Manschette': 'Umschlagmanschette'}"
182,183,https://www.hemden.de/seidensticker-original-modern-fit-hemd-weiss-einfarbig-langarm-112560.01,https://cdn.hemden.de/media/image/8d/f4/63/112560-01_800zpaUDzjVSahgt.jpg,69.95,"Seidensticker Original Modern Fit Hemd weiss, Einfarbig","{'Marke': 'Seidensticker', 'Schnitt': 'Leicht tailliert', 'Stoff': 'Twill', 'Armlänge cm': '66cm', 'Armlänge': 'Langarm (Normallänge)', 'Material': '100% Baumwolle', 'Kragenart': 'Business Kent', 'Pflege': 'Bügelfrei', 'Waschbar bis': '40 Grad', 'Farbe': 'weiss', 'Muster': 'Einfarbig', 'Brusttasche': 'Ohne Brusttasche', 'Manschette': 'Kombimanschette'}"
183,184,https://www.hemden.de/hatico-regular-fit-hemd-hellblau-einfarbig-langarm-3209.250.101,https://cdn.hemden.de/media/image/2a/14/21/3209-250-101_8005x2miWzdVubxr.jpg,59.95,"Hatico Regular Fit Hemd hellblau, Einfarbig","{'Marke': 'Hatico', 'Stoff': 'Stoffart: Popeline', 'Schnitt': 'Gerader Schnitt', 'Armlänge cm': '65cm', 'Armlänge': 'Langarm (Normallänge)', 'Kragenart': 'Kent', 'Material': '100% Baumwolle', 'Pflege': 'Bügelfrei', 'Farbe': 'hellblau', 'Muster': 'Einfarbig', 'Brusttasche': 'Mit Brusttasche', 'Manschette': 'Kombimanschette'}"
184,185,https://www.hemden.de/olymp-no.-six-24/seven-dynamic-flex-super-slim-hemd-bleu/marine-gemustert-langarm-2550.34.11,https://cdn.hemden.de/media/image/47/e8/2f/2550-34-11_800E3ZB3Mha3ilC2.jpg,49.95,"OLYMP No. Six 24/Seven Dynamic Flex Super Slim Hemd bleu/marine, Gemustert","{'Marke': 'OLYMP', 'Stoff': 'Twill', 'Schnitt': 'Stark tailliert', 'Armlänge cm': '64cm', 'Armlänge': 'Langarm (Normallänge)', 'Kragenart': 'Modern Kent', 'Material': '97% Baumwolle / 3% Elastolefin', 'Pflege': 'Bügelleicht', 'Waschbar bis': '40 Grad', 'Farbe': 'bleu', 'Muster': 'Gemustert', 'Brusttasche': 'Ohne Brusttasche', 'Manschette': 'Kombimanschette', 'Besonderheiten': 'Patch in Kragen / Manschette'}"
185,186,https://www.hemden.de/hatico-modern-fit-hemd-weiss-einfarbig-langarm-3209.278.90,https://cdn.hemden.de/media/image/13/d8/12/3209-278-90_800.jpg,59.95,"Hatico Modern Fit Hemd weiss, Einfarbig","{'Marke': 'Hatico', 'Stoff': 'Chambray', 'Schnitt': 'Leicht tailliert', 'Armlänge cm': '65cm', 'Armlänge': 'Langarm (Normallänge)', 'Kragenart': 'Kent', 'Material': '100% Baumwolle', 'Waschbar bis': '40 Grad', 'Farbe': 'weiss', 'Muster': 'Einfarbig', 'Brusttasche': 'Mit Brusttasche', 'Manschette': 'Officemanschette'}"
186,187,https://www.hemden.de/eterna-slim-fit-hemd-hellblau-einfarbig-langarm-1100.f182.10,https://cdn.hemden.de/media/image/70/42/13/1100-F182-10_800PngoYlnYSIYZV.jpg,59.95,"ETERNA Slim Fit Hemd hellblau, Einfarbig","{'Marke': 'ETERNA', 'Stoff': 'Stoffart: Popeline', 'Schnitt': 'Taillierter Schnitt', 'Nachhaltigkeit': 'Grüner Knopf', 'Armlänge cm': '67cm', 'Armlänge': 'Langarm (Normallänge)', 'Material': '100% Baumwolle', 'Kragenart': 'Haifisch', 'Pflege': 'Bügelfrei', 'Waschbar bis': '40 Grad', 'Farbe': 'hellblau', 'Muster': 'Einfarbig', 'Brusttasche': 'Ohne Brusttasche', 'Manschette': 'Kombimanschette'}"
187,188,https://www.hemden.de/herrenhemd/eton/super-slim/weiss/kent/langarm-66cm/einfarbig/30008881100,https://cdn.hemden.de/media/image/7f/b5/da/3000-88811-00_8005915891c2cb50.jpg,169,"Eton Hemd - Super Slim - weiss, Einfarbig","{'Marke': 'ETON', 'Stoff': 'Feintwill SLC (Super Light Cotton)', 'Schnitt': 'Stark tailliert', 'Armlänge cm': '66cm', 'Armlänge': 'Langarm (Normallänge)', 'Kragenart': 'Kent', 'Material': '100% Baumwolle', 'Farbe': 'weiss', 'Muster': 'Einfarbig', 'Brusttasche': 'Ohne Brusttasche', 'Manschette': 'Kombimanschette'}"
188,189,https://www.hemden.de/seidensticker-modern-fit-hemd-ecru-einfarbig-langarm-001000.21,https://cdn.hemden.de/media/image/e7/1b/10/001000-21_800QZAoNBWO3lUpx.jpg,59.95,"Seidensticker Modern Fit Hemd ecru, Einfarbig","{'Marke': 'Seidensticker', 'Stoff': 'Stoffart: Popeline', 'Schnitt': 'Leicht tailliert', 'Armlänge': 'Langarm (Normallänge)', 'Armlänge cm': '66cm', 'Kragenart': 'Kent', 'Material': '100% Baumwolle', 'Pflege': 'Bügelfrei', 'Farbe': 'ecru', 'Muster': 'Einfarbig', 'Brusttasche': 'Mit Brusttasche'}"
189,190,https://www.hemden.de/seidensticker-hemd-x-slim-grau-einfarbig-langarm-477870.32,https://cdn.hemden.de/media/image/a0/96/62/477870-32_800YfY7GPdeDdlmz.jpg,59.95,"Seidensticker Hemd - X-Slim - grau, Einfarbig","{'Marke': 'Seidensticker', 'Schnitt': 'Stark tailliert', 'Stoff': 'Popeline Stretch', 'Armlänge cm': '67cm', 'Armlänge': 'Langarm (Normallänge)', 'Material': '100% Baumwolle', 'Kragenart': 'Modern Kent', 'Pflege': 'Bügelfrei', 'Waschbar bis': '40 Grad', 'Farbe': 'grau', 'Muster': 'Einfarbig', 'Brusttasche': 'Ohne Brusttasche', 'Manschette': 'Kombimanschette', 'Besonderheiten': 'Stretch'}"
190,191,https://www.hemden.de/seidensticker-regular-fit-hemd-weiss-einfarbig-langarm-117632.01,https://cdn.hemden.de/media/image/1e/2b/ba/117632-01_80022JjAbIwsNxRE.jpg,59.95,"Seidensticker Regular Fit Hemd weiss, Einfarbig","{'Marke': 'Seidensticker', 'Stoff': 'Oxford', 'Schnitt': 'Leicht tailliert', 'Armlänge': 'Langarm (Normallänge)', 'Armlänge cm': '66cm', 'Material': '100% Baumwolle', 'Kragenart': 'Button-Down', 'Pflege': 'Bügelleicht', 'Waschbar bis': '40 Grad', 'Farbe': 'weiss', 'Muster': 'Einfarbig', 'Brusttasche': 'Ohne Brusttasche', 'Manschette': 'Officemanschette'}"
191,192,https://www.hemden.de/seidensticker-shaped-hemd-weiss-einfarbig-langarm-233032.01,https://cdn.hemden.de/media/image/dc/0a/d5/233032-01_8005OCWf1hbmmE37.jpg,59.95,"Seidensticker Shaped Hemd weiss, Einfarbig","{'Marke': 'Seidensticker', 'Stoff': 'Oxford', 'Schnitt': 'Leicht tailliert', 'Armlänge cm': '67cm', 'Armlänge': 'Langarm (Normallänge)', 'Material': '100% Baumwolle', 'Kragenart': 'Button-Down', 'Pflege': 'Bügelleicht', 'Waschbar bis': '40 Grad', 'Farbe': 'weiss', 'Muster': 'Einfarbig', 'Brusttasche': 'Ohne Brusttasche', 'Manschette': 'Officemanschette'}"
192,193,https://www.hemden.de/venti-body-fit-hemd-weiss-einfarbig-langarm-001410.000,https://cdn.hemden.de/media/image/58/52/76/001410-000_800.jpg,49.95,"Venti Body Fit Hemd weiss, Einfarbig","{'Marke': 'Venti', 'Stoff': 'Popeline Stretch', 'Schnitt': 'Taillierter Schnitt', 'Armlänge': 'Langarm (Normallänge)', 'Armlänge cm': '65cm', 'Kragenart': 'Kent', 'Material': '100% Baumwolle', 'Pflege': 'Bügelleicht', 'Waschbar bis': '40 Grad', 'Farbe': 'weiss', 'Muster': 'Einfarbig', 'Brusttasche': 'Ohne Brusttasche', 'Manschette': 'Kombimanschette'}"
193,194,https://www.hemden.de/olymp-level-five-body-fit-hemd-anthrazit-einfarbig-langarm-0531.64.67,https://cdn.hemden.de/media/image/53/f3/4b/0531-64-67_800Duy6EXvMtVQL9.jpg,69.95,"OLYMP Level Five Body Fit Hemd anthrazit, Einfarbig","{'Marke': 'OLYMP', 'Nachhaltigkeit': 'OLYMP GREENCHOICE', 'Schnitt': 'Taillierter Schnitt', 'Stoff': 'Popeline Stretch', 'Armlänge cm': '64cm', 'Armlänge': 'Langarm (Normallänge)', 'Kragenart': 'Royal Kent', 'Material': '97% Baumwolle / 3% Elastolefin', 'Pflege': 'Pflegeleicht', 'Waschbar bis': '40 Grad', 'Farbe': 'anthrazit', 'Muster': 'Einfarbig', 'Brusttasche': 'Ohne Brusttasche', 'Manschette': 'Sportmanschette', 'Besonderheiten': 'Patch in Kragen / Manschette'}"
194,195,https://www.hemden.de/eterna-comfort-fit-hemd-hellblau-einfarbig-langarm-1100.e187.10,https://cdn.hemden.de/media/image/22/33/fc/1100-E187-10_800Bwj41ptv6Hnld.jpg,59.95,"ETERNA Comfort Fit Hemd hellblau, Einfarbig","{'Marke': 'ETERNA', 'Stoff': 'Stoffart: Popeline', 'Schnitt': 'Gerader Schnitt', 'Nachhaltigkeit': 'Grüner Knopf', 'Armlänge cm': '65cm', 'Armlänge': 'Langarm (Normallänge)', 'Material': '100% Baumwolle', 'Kragenart': 'Kent', 'Pflege': 'Bügelfrei', 'Waschbar bis': '40 Grad', 'Farbe': 'hellblau', 'Muster': 'Einfarbig', 'Brusttasche': 'Mit Brusttasche', 'Manschette': 'Kombimanschette'}"
195,196,https://www.hemden.de/casa-moda-galahemd-evening-beige-einfarbig-langarm-005335.62,https://cdn.hemden.de/media/image/c6/a1/5e/005335-62_8005915881d752d8.jpg,49.95,"Casa Moda Galahemd Evening - beige, Einfarbig","{'Marke': 'Casa Moda', 'Stoff': 'Uni-Popeline', 'Schnitt': 'Gerader Schnitt', 'Armlänge cm': '65cm', 'Armlänge': 'Langarm (Normallänge)', 'Material': '100% Baumwolle', 'Kragenart': 'Kent', 'Pflege': 'Bügelfrei', 'Waschbar bis': '30 Grad', 'Farbe': 'beige', 'Muster': 'Einfarbig', 'Brusttasche': 'Ohne Brusttasche', 'Manschette': 'Umschlagmanschette'}"
196,197,https://www.hemden.de/seidensticker-modern-fit-hemd-graphit-einfarbig-langarm-002000.32,https://cdn.hemden.de/media/image/c8/97/b8/002000-32_8005b31168e86e6d.jpg,59.95,"Seidensticker Modern Fit Hemd graphit, Einfarbig","{'Marke': 'Seidensticker', 'Stoff': 'Chambray', 'Schnitt': 'Leicht tailliert', 'Armlänge cm': '66cm', 'Armlänge': 'Langarm (Normallänge)', 'Material': '100% Baumwolle', 'Kragenart': 'Kent', 'Pflege': 'Bügelfrei', 'Waschbar bis': '40 Grad', 'Farbe': 'graphit', 'Muster': 'Einfarbig', 'Brusttasche': 'Mit Brusttasche', 'Manschette': 'Officemanschette'}"
197,198,https://www.hemden.de/eton-slim-fit-hemd-hellblau-einfarbig-langarm-3000.79512.21,https://cdn.hemden.de/media/image/e1/ed/ab/3000-79512-21_800.jpg,169,"Eton Slim Fit Hemd hellblau, Einfarbig","{'Marke': 'ETON', 'Stoff': 'Twill', 'Schnitt': 'Taillierter Schnitt', 'Armlänge cm': '66cm', 'Armlänge': 'Langarm (Normallänge)', 'Material': '100% Baumwolle', 'Kragenart': 'Haifisch', 'Pflege': 'Bügelleicht', 'Waschbar bis': '40 Grad', 'Farbe': 'hellblau', 'Muster': 'Einfarbig', 'Brusttasche': 'Ohne Brusttasche', 'Manschette': 'Umschlagmanschette'}"
198,199,https://www.hemden.de/eton-hemd-super-slim-hellblau-einfarbig-langarm-3000.88811.21,https://cdn.hemden.de/media/image/33/b9/12/3000-88811-21_800.jpg,169,"Eton Hemd - Super Slim - hellblau, Einfarbig","{'Marke': 'ETON', 'Stoff': 'Twill', 'Schnitt': 'Stark tailliert', 'Armlänge cm': '64cm', 'Armlänge': 'Langarm (Normallänge)', 'Material': '100% Baumwolle', 'Kragenart': 'Kent', 'Pflege': 'Bügelleicht', 'Waschbar bis': '40 Grad', 'Farbe': 'hellblau', 'Muster': 'Einfarbig', 'Brusttasche': 'Ohne Brusttasche', 'Manschette': 'Sportmanschette'}"
199,200,https://www.hemden.de/casa-moda-modern-fit-galahemd-weiss-einfarbig-langarm-005550.0,https://cdn.hemden.de/media/image/8e/1c/f4/005550-0_800j5dX5g7YiYHmB.jpg,49.95,"Casa Moda Modern Fit Galahemd weiss, Einfarbig","{'Marke': 'Casa Moda', 'Schnitt': 'Leicht tailliert', 'Stoff': 'Stoffart: Popeline', 'Armlänge': 'Langarm (Normallänge)', 'Armlänge cm': '65cm', 'Material': '100% Baumwolle', 'Kragenart': 'Kläppchen', 'Waschbar bis': '40 Grad', 'Farbe': 'weiss', 'Muster': 'Einfarbig', 'Brusttasche': 'Ohne Brusttasche', 'Manschette': 'Umschlagmanschette', 'Besonderheiten': 'verdeckte Knopfleiste'}"
200,201,https://www.hemden.de/eterna-slim-fit-hemd-weiss-einfarbig-langarm-8100.f132.00,https://cdn.hemden.de/media/image/0f/5b/bd/8100-F132-00_800Kg7z1HzyDB3iZ.jpg,69.95,"ETERNA Slim Fit Hemd weiss, Einfarbig","{'Marke': 'ETERNA', 'Stoff': 'Fein Oxford', 'Nachhaltigkeit': 'Grüner Knopf', 'Schnitt': 'Taillierter Schnitt', 'Armlänge cm': '67cm', 'Armlänge': 'Langarm (Normallänge)', 'Kragenart': 'Haifisch', 'Material': '100% Baumwolle', 'Pflege': 'Bügelfrei', 'Waschbar bis': '40 Grad', 'Farbe': 'weiss', 'Muster': 'Einfarbig', 'Brusttasche': 'Ohne Brusttasche', 'Manschette': 'Kombimanschette', 'Besonderheiten': 'Patch in Kragen / Manschette'}"
201,202,https://www.hemden.de/eton-contemporary-fit-hemd-schwarz-einfarbig-langarm-3548.79311.18,https://cdn.hemden.de/media/image/ac/57/ec/3548-79311-18_800.jpg,169,"Eton Contemporary Fit Hemd schwarz, Einfarbig","{'Marke': 'ETON', 'Stoff': 'Feintwill Stretch', 'Schnitt': 'Leicht tailliert', 'Armlänge cm': '66cm', 'Armlänge': 'Langarm (Normallänge)', 'Kragenart': 'Cut Away', 'Material': '100% Baumwolle', 'Waschbar bis': '40 Grad', 'Farbe': 'schwarz', 'Muster': 'Einfarbig', 'Brusttasche': 'Ohne Brusttasche', 'Manschette': 'Kombimanschette'}"
202,203,https://www.hemden.de/marvelis-casual-regular-fit-hemd-weiss-faux-uni-langarm-6082.34.00,https://cdn.hemden.de/media/image/d1/f6/1f/6082-34-00_800.jpg,45.95,"Marvelis Casual Regular Fit Hemd weiss, Faux-uni","{'Marke': 'Marvelis', 'Schnitt': 'Leicht tailliert', 'Stoff': 'Leinen', 'Armlänge': 'Langarm (Normallänge)', 'Armlänge cm': '64cm', 'Material': '100% Baumwolle', 'Kragenart': 'Steh', 'Pflege': 'Bügelleicht', 'Waschbar bis': '40 Grad', 'Farbe': 'weiss', 'Muster': 'Faux-uni', 'Brusttasche': 'Ohne Brusttasche', 'Manschette': 'Officemanschette', 'Besonderheiten': 'Patch im Kragen'}"
203,204,https://www.hemden.de/marvelis-casual-regular-fit-hemd-hellblau-einfarbig-langarm-6080.34.10,https://cdn.hemden.de/media/image/fd/9b/fe/6080-34-10_800.jpg,45.95,"Marvelis Casual Regular Fit Hemd hellblau, Einfarbig","{'Marke': 'Marvelis', 'Schnitt': 'Leicht tailliert', 'Stoff': 'Fein Oxford', 'Armlänge': 'Langarm (Normallänge)', 'Armlänge cm': '64cm', 'Material': '100% Baumwolle', 'Kragenart': 'Steh', 'Pflege': 'Bügelleicht', 'Waschbar bis': '40 Grad', 'Farbe': 'hellblau', 'Muster': 'Einfarbig', 'Brusttasche': 'Ohne Brusttasche', 'Manschette': 'Officemanschette', 'Besonderheiten': 'Patch im Kragen'}"
204,205,https://www.hemden.de/olymp-level-five-body-fit-hemd-weiss-einfarbig-langarm-0531.64.00,https://cdn.hemden.de/media/image/26/38/4e/0531-64-00_800LxTbosHT8XrdD.jpg,69.95,"OLYMP Level Five Body Fit Hemd weiss, Einfarbig","{'Marke': 'OLYMP', 'Nachhaltigkeit': 'OLYMP GREENCHOICE', 'Schnitt': 'Taillierter Schnitt', 'Stoff': 'Popeline Stretch', 'Armlänge cm': '64cm', 'Armlänge': 'Langarm (Normallänge)', 'Kragenart': 'Royal Kent', 'Material': '97% Baumwolle / 3% Elastolefin', 'Pflege': 'Pflegeleicht', 'Waschbar bis': '40 Grad', 'Farbe': 'weiss', 'Muster': 'Einfarbig', 'Brusttasche': 'Ohne Brusttasche', 'Manschette': 'Sportmanschette', 'Besonderheiten': 'Patch in Kragen / Manschette'}"
205,206,https://www.hemden.de/olymp-level-five-body-fit-hemd-bleu-einfarbig-langarm-0531.64.11,https://cdn.hemden.de/media/image/2f/ff/1a/0531-64-11_8002IzoUlR2eTacs.jpg,69.95,"OLYMP Level Five Body Fit Hemd bleu, Einfarbig","{'Marke': 'OLYMP', 'Nachhaltigkeit': 'OLYMP GREENCHOICE', 'Schnitt': 'Taillierter Schnitt', 'Stoff': 'Popeline Stretch', 'Armlänge cm': '64cm', 'Armlänge': 'Langarm (Normallänge)', 'Kragenart': 'Royal Kent', 'Material': '97% Baumwolle / 3% Elastolefin', 'Pflege': 'Pflegeleicht', 'Waschbar bis': '40 Grad', 'Farbe': 'bleu', 'Muster': 'Einfarbig', 'Brusttasche': 'Ohne Brusttasche', 'Manschette': 'Sportmanschette', 'Besonderheiten': 'Patch in Kragen / Manschette'}"
206,207,https://www.hemden.de/eterna-slim-fit-hemd-mittelblau-einfarbig-langarm-8100.f132.12,https://cdn.hemden.de/media/image/7c/49/16/8100-F132-12_800lf8qDYDYA1DaV.jpg,69.95,"ETERNA Slim Fit Hemd mittelblau, Einfarbig","{'Marke': 'ETERNA', 'Nachhaltigkeit': 'Grüner Knopf', 'Schnitt': 'Taillierter Schnitt', 'Stoff': 'Fein Oxford', 'Armlänge cm': '67cm', 'Armlänge': 'Langarm (Normallänge)', 'Material': '100% Baumwolle', 'Kragenart': 'Haifisch', 'Pflege': 'Bügelfrei', 'Waschbar bis': '40 Grad', 'Farbe': 'mittelblau', 'Muster': 'Einfarbig', 'Brusttasche': 'Ohne Brusttasche', 'Manschette': 'Kombimanschette'}"
207,208,https://www.hemden.de/eterna-hemd-comfort-fit-blau-einfarbig-langarm-8100.e137.12,https://cdn.hemden.de/media/image/b5/93/b4/8100-E137-12_800cTw8YCAdwzFtP.jpg,69.95,"Eterna Hemd - Comfort Fit - blau, Einfarbig","{'Marke': 'ETERNA', 'Stoff': 'Fein Oxford', 'Schnitt': 'Gerader Schnitt', 'Armlänge': 'Langarm (Normallänge)', 'Armlänge cm': '65cm', 'Kragenart': 'New Kent', 'Material': '100% Baumwolle', 'Pflege': 'Bügelfrei und Knitterfrei', 'Farbe': 'blau', 'Muster': 'Einfarbig', 'Brusttasche': 'Mit Brusttasche'}"
208,209,https://www.hemden.de/seidensticker-hemd-tailored-weiss-einfarbig-langarm-021006.01,https://cdn.hemden.de/media/image/30/82/65/021006-01_800fk0K547qDaVNH.jpg,69.95,"Seidensticker Hemd - Tailored - weiss, Einfarbig","{'Marke': 'Seidensticker', 'Stoff': 'Stoffart: Popeline', 'Schnitt': 'Leicht tailliert', 'Armlänge cm': '67cm', 'Armlänge': 'Langarm (Normallänge)', 'Material': '100% Baumwolle', 'Kragenart': 'Business Kent', 'Pflege': 'Bügelfrei', 'Waschbar bis': '40 Grad', 'Farbe': 'weiss', 'Muster': 'Einfarbig', 'Brusttasche': 'Ohne Brusttasche', 'Manschette': 'Umschlagmanschette'}"
209,210,https://www.hemden.de/seidensticker-hemd-gala-weiss-einfarbig-langarm-001034.01,https://cdn.hemden.de/media/image/1b/10/51/001034-01_800kyQAdsYLN99Ty.jpg,69.95,"Seidensticker Hemd - Gala - weiss, Einfarbig","{'Marke': 'Seidensticker', 'Schnitt': 'Leicht tailliert', 'Stoff': 'Stoffart: Popeline', 'Armlänge cm': '66cm', 'Armlänge': 'Langarm (Normallänge)', 'Material': '100% Baumwolle', 'Kragenart': 'Aida', 'Pflege': 'Bügelfrei', 'Waschbar bis': '60 Grad', 'Farbe': 'weiss', 'Muster': 'Einfarbig', 'Brusttasche': 'Ohne Brusttasche', 'Manschette': 'Umschlagmanschette'}"
210,211,https://www.hemden.de/eton-slim-fit-hemd-weiss-einfarbig-langarm-3000.00518.00,https://cdn.hemden.de/media/image/81/12/7b/3000-00518-00_800.jpg,159,"Eton Slim Fit Hemd weiss, Einfarbig","{'Marke': 'ETON', 'Schnitt': 'Taillierter Schnitt', 'Stoff': 'Twill', 'Armlänge cm': '64cm', 'Armlänge': 'Langarm (Normallänge)', 'Material': '100% Baumwolle', 'Kragenart': 'Haifisch', 'Pflege': 'Bügelleicht', 'Waschbar bis': '40 Grad', 'Farbe': 'weiss', 'Muster': 'Einfarbig', 'Brusttasche': 'Mit Brusttasche', 'Manschette': 'Sportmanschette'}"
211,212,https://www.hemden.de/venti-body-fit-hemd-schwarz-einfarbig-langarm-001410.800,https://cdn.hemden.de/media/image/b2/69/ef/001410-800_800.jpg,49.95,"Venti Body Fit Hemd schwarz, Einfarbig","{'Marke': 'Venti', 'Stoff': 'Popeline Stretch', 'Schnitt': 'Taillierter Schnitt', 'Armlänge': 'Langarm (Normallänge)', 'Armlänge cm': '65cm', 'Kragenart': 'Kent', 'Material': '100% Baumwolle', 'Pflege': 'Bügelleicht', 'Waschbar bis': '40 Grad', 'Farbe': 'schwarz', 'Muster': 'Einfarbig', 'Brusttasche': 'Ohne Brusttasche', 'Manschette': 'Kombimanschette'}"
212,213,https://www.hemden.de/venti-body-fit-hemd-weiss-einfarbig-langarm-001420.000,https://cdn.hemden.de/media/image/72/15/a9/001420-000_8008648kvKT75QA1.jpg,49.95,"Venti Body Fit Hemd weiss, Einfarbig","{'Marke': 'Venti', 'Stoff': 'Popeline Stretch', 'Schnitt': 'Taillierter Schnitt', 'Armlänge': 'Langarm (Normallänge)', 'Armlänge cm': '65cm', 'Kragenart': 'Kent', 'Material': '100% Baumwolle', 'Pflege': 'Bügelleicht', 'Waschbar bis': '40 Grad', 'Farbe': 'weiss', 'Muster': 'Einfarbig', 'Brusttasche': 'Ohne Brusttasche', 'Manschette': 'Kombimanschette'}"
213,214,https://www.hemden.de/venti-body-fit-hemd-anthrazit-einfarbig-langarm-001420.706,https://cdn.hemden.de/media/image/8e/37/f5/001420-706_800.jpg,49.95,"Venti Body Fit Hemd anthrazit, Einfarbig","{'Marke': 'Venti', 'Stoff': 'Popeline Stretch', 'Schnitt': 'Taillierter Schnitt', 'Armlänge': 'Langarm (Normallänge)', 'Armlänge cm': '65cm', 'Kragenart': 'Kent', 'Material': '100% Baumwolle', 'Pflege': 'Bügelleicht', 'Waschbar bis': '40 Grad', 'Farbe': 'anthrazit', 'Muster': 'Einfarbig', 'Brusttasche': 'Ohne Brusttasche', 'Manschette': 'Kombimanschette'}"
214,215,https://www.hemden.de/olymp-level-five-body-fit-hemd-blau-einfarbig-langarm-0531.64.15,https://cdn.hemden.de/media/image/18/63/db/0531-64-15_800AvshRTiwcngIs.jpg,69.95,"OLYMP Level Five Body Fit Hemd blau, Einfarbig","{'Marke': 'OLYMP', 'Nachhaltigkeit': 'OLYMP GREENCHOICE', 'Schnitt': 'Taillierter Schnitt', 'Stoff': 'Popeline Stretch', 'Armlänge cm': '64cm', 'Armlänge': 'Langarm (Normallänge)', 'Kragenart': 'Royal Kent', 'Material': '97% Baumwolle / 3% Elastolefin', 'Pflege': 'Pflegeleicht', 'Waschbar bis': '40 Grad', 'Farbe': 'blau', 'Muster': 'Einfarbig', 'Brusttasche': 'Ohne Brusttasche', 'Manschette': 'Sportmanschette', 'Besonderheiten': 'Patch in Kragen / Manschette'}"
215,216,https://www.hemden.de/eton-hemd-contemporary-fit-weiss-einfarbig-langarm-3000.79311.00,https://cdn.hemden.de/media/image/03/5b/5e/3000-79311-00_8005a17671be9295.jpg,159,"Eton Hemd - Contemporary Fit - weiss, Einfarbig","{'Marke': 'ETON', 'Stoff': 'Twill', 'Schnitt': 'Leicht tailliert', 'Armlänge cm': '66cm', 'Armlänge': 'Langarm (Normallänge)', 'Material': '100% Baumwolle', 'Kragenart': 'New Kent', 'Pflege': 'Bügelleicht', 'Waschbar bis': '40 Grad', 'Farbe': 'weiss', 'Muster': 'Einfarbig', 'Brusttasche': 'Ohne Brusttasche', 'Manschette': 'Kombimanschette'}"
216,217,https://www.hemden.de/seidensticker-hemd-tailored-weiss-einfarbig-langarm-021008.01,https://cdn.hemden.de/media/image/b9/b8/2b/021008-01_800X5DSrNznbY1KQ.jpg,69.95,"Seidensticker Hemd - Tailored - weiss, Einfarbig","{'Marke': 'Seidensticker', 'Schnitt': 'Leicht tailliert', 'Stoff': 'Stoffart: Popeline', 'Armlänge': 'Langarm (Normallänge)', 'Armlänge cm': '66cm', 'Material': '100% Baumwolle', 'Kragenart': 'George-Party', 'Pflege': 'Bügelfrei', 'Waschbar bis': '40 Grad', 'Farbe': 'weiss', 'Muster': 'Einfarbig', 'Brusttasche': 'Ohne Brusttasche', 'Manschette': 'Kombimanschette', 'Besonderheiten': 'verdeckte Knopfleiste'}"
217,218,https://www.hemden.de/seidensticker-modern-fit-hemd-ecru-einfarbig-langarm-001007.21,https://cdn.hemden.de/media/image/e9/94/0b/001007-21_800591588f24847e.jpg,69.95,"Seidensticker Modern Fit Hemd ecru, Einfarbig","{'Marke': 'Seidensticker', 'Stoff': 'Stoffart: Popeline', 'Schnitt': 'Leicht tailliert', 'Armlänge': 'Langarm (Normallänge)', 'Armlänge cm': '66cm', 'Material': '100% Baumwolle', 'Kragenart': 'Kent', 'Pflege': 'Bügelfrei', 'Waschbar bis': '40 Grad', 'Farbe': 'ecru', 'Muster': 'Einfarbig', 'Brusttasche': 'Mit Brusttasche', 'Manschette': 'Umschlagmanschette'}"
218,219,https://www.hemden.de/eton-hemd-contemporary-fit-schwarz-einfarbig-langarm-3000.79311.18,https://cdn.hemden.de/media/image/18/20/66/3000-79311-18_800uVll8Vzt8Elnw.jpg,149,"Eton Hemd - Contemporary Fit - schwarz, Einfarbig","{'Marke': 'ETON', 'Stoff': 'Twill', 'Schnitt': 'Leicht tailliert', 'Armlänge cm': '66cm', 'Armlänge': 'Langarm (Normallänge)', 'Material': '100% Baumwolle', 'Kragenart': 'Haifisch', 'Pflege': 'Bügelleicht', 'Waschbar bis': '40 Grad', 'Farbe': 'schwarz', 'Muster': 'Einfarbig', 'Brusttasche': 'Ohne Brusttasche', 'Manschette': 'Kombimanschette'}"
219,220,https://www.hemden.de/eton-hemd-contemporary-fit-marine-einfarbig-langarm-3000.79311.29,https://cdn.hemden.de/media/image/77/3f/47/3000-79311-29_800.jpg,149,"Eton Hemd - Contemporary Fit - marine, Einfarbig","{'Marke': 'ETON', 'Stoff': 'Twill', 'Schnitt': 'Leicht tailliert', 'Armlänge cm': '66cm', 'Armlänge': 'Langarm (Normallänge)', 'Material': '100% Baumwolle', 'Kragenart': 'Haifisch', 'Pflege': 'Bügelleicht', 'Waschbar bis': '40 Grad', 'Farbe': 'marine', 'Muster': 'Einfarbig', 'Brusttasche': 'Ohne Brusttasche', 'Manschette': 'Kombimanschette'}"
220,221,https://www.hemden.de/eton-slim-fit-hemd-hellblau-einfarbig-langarm-3100.79511.22,https://cdn.hemden.de/media/image/4b/03/11/3100-79511-22_800.jpg,199,"Eton Slim Fit Hemd hellblau, Einfarbig","{'Marke': 'ETON', 'Schnitt': 'Taillierter Schnitt', 'Stoff': 'Twill', 'Armlänge cm': '66cm', 'Armlänge': 'Langarm (Normallänge)', 'Material': '100% Baumwolle', 'Kragenart': 'Haifisch', 'Pflege': 'Bügelleicht', 'Waschbar bis': '40 Grad', 'Farbe': 'hellblau', 'Muster': 'Einfarbig', 'Brusttasche': 'Ohne Brusttasche', 'Manschette': 'Kombimanschette', 'Besonderheiten': 'Diagonalstreifen'}"
221,222,https://www.hemden.de/eton-slim-fit-hemd-weiss-einfarbig-langarm-3000.00519.00,https://cdn.hemden.de/media/image/ce/a0/e2/3000-00519-00_800.jpg,169,"Eton Slim Fit Hemd weiss, Einfarbig","{'Marke': 'ETON', 'Schnitt': 'Taillierter Schnitt', 'Stoff': 'Twill', 'Armlänge cm': '64cm', 'Armlänge': 'Langarm (Normallänge)', 'Material': '100% Baumwolle', 'Kragenart': 'Haifisch', 'Pflege': 'Bügelleicht', 'Waschbar bis': '40 Grad', 'Farbe': 'weiss', 'Muster': 'Einfarbig', 'Brusttasche': 'Mit Brusttasche', 'Manschette': 'Sportmanschette'}"
222,223,https://www.hemden.de/herrenhemd/eterna/slim-fit/blau/weiss/classic-kent/langarm-67cm/gestreift/8992f14016,https://cdn.hemden.de/media/image/5b/5f/1b/8992-F140-16_800fPeMD8TK9R8YO.jpg,59.95,"ETERNA Slim Fit Hemd blau/weiss, Gestreift","{'Marke': 'ETERNA', 'Stoff': 'Twill', 'Nachhaltigkeit': 'Grüner Knopf', 'Schnitt': 'Taillierter Schnitt', 'Armlänge cm': '67cm', 'Armlänge': 'Langarm (Normallänge)', 'Kragenart': 'Kent', 'Material': '100% Baumwolle', 'Pflege': 'Bügelfrei', 'Waschbar bis': '40 Grad', 'Farbe': 'blau/weiss', 'Muster': 'Gestreift', 'Brusttasche': 'Ohne Brusttasche', 'Manschette': 'Kombimanschette', 'Besonderheiten': 'Patch in Kragen / Manschette'}"
223,224,https://www.hemden.de/casa-moda-comfort-fit-galahemd-beige-einfarbig-langarm-005350.62,https://cdn.hemden.de/media/image/db/a8/79/005350-62_800CFWFT5e2rZAJK.jpg,49.95,"Casa Moda Comfort Fit Galahemd beige, Einfarbig","{'Marke': 'Casa Moda', 'Schnitt': 'Gerader Schnitt', 'Stoff': 'Stoffart: Popeline', 'Armlänge cm': '65cm', 'Armlänge': 'Langarm (Normallänge)', 'Material': '100% Baumwolle', 'Kragenart': 'Kläppchen', 'Waschbar bis': '40 Grad', 'Farbe': 'beige', 'Muster': 'Einfarbig', 'Brusttasche': 'Ohne Brusttasche', 'Manschette': 'Umschlagmanschette', 'Besonderheiten': 'verdeckte Knopfleiste'}"
224,225,https://www.hemden.de/pure-modern-fit-hemd-weiss-einfarbig-langarm-3379.420.900,https://cdn.hemden.de/media/image/6d/78/b6/3379-420-900_800mbqiQnhddT9yk.jpg,59.95,"Pure Modern Fit Hemd weiss, Einfarbig","{'Marke': 'Pure', 'Schnitt': 'Leicht tailliert', 'Stoff': 'Stoffart: Popeline', 'Armlänge cm': '67,5cm', 'Armlänge': 'Langarm (Normallänge)', 'Material': '100% Baumwolle', 'Kragenart': 'Kent', 'Pflege': 'Bügelfrei', 'Waschbar bis': '40 Grad', 'Farbe': 'weiss', 'Muster': 'Einfarbig', 'Brusttasche': 'Mit Brusttasche', 'Manschette': 'Officemanschette'}"
225,226,https://www.hemden.de/van-laack-slim-fit-hemd-weiss-einfarbig-langarm-35.3401.op.132241.000,https://cdn.hemden.de/media/image/07/ef/b4/35-3401-OP-132241-000_800LUiYgPR2j2QZj.jpg,149.95,"van Laack Slim Fit Hemd weiss, Einfarbig","{'Marke': 'van Laack', 'Stoff': 'Twill', 'Schnitt': 'Taillierter Schnitt', 'Armlänge cm': '65cm', 'Armlänge': 'Langarm (Normallänge)', 'Kragenart': 'Kent', 'Material': '100% Baumwolle', 'Pflege': 'Pflegeleicht', 'Waschbar bis': '40 Grad', 'Farbe': 'weiss', 'Muster': 'Einfarbig', 'Brusttasche': 'Ohne Brusttasche', 'Manschette': 'Sportmanschette'}"
226,227,https://www.hemden.de/eton-classic-fit-hemd-weiss-einfarbig-langarm-3000.79012.00,https://cdn.hemden.de/media/image/7f/f5/42/3000-79012-00_800.jpg,159,"Eton Classic Fit Hemd weiss, Einfarbig","{'Marke': 'ETON', 'Stoff': 'Signature Twill', 'Schnitt': 'Gerader Schnitt', 'Armlänge cm': '66cm', 'Armlänge': 'Langarm (Normallänge)', 'Kragenart': 'Cut Away', 'Material': '100% Baumwolle', 'Waschbar bis': '40 Grad', 'Farbe': 'weiss', 'Muster': 'Einfarbig', 'Brusttasche': 'Ohne Brusttasche', 'Manschette': 'Umschlagmanschette'}"
227,228,https://www.hemden.de/venti-body-fit-hemd-blau-einfarbig-langarm-001420.115,https://cdn.hemden.de/media/image/22/f5/f8/001420-115_800fYsjU6OoFrMDs.jpg,49.95,"Venti Body Fit Hemd blau, Einfarbig","{'Marke': 'Venti', 'Stoff': 'Popeline Stretch', 'Schnitt': 'Taillierter Schnitt', 'Armlänge cm': '65cm', 'Armlänge': 'Langarm (Normallänge)', 'Material': '100% Baumwolle', 'Kragenart': 'Kent', 'Pflege': 'Bügelleicht', 'Waschbar bis': '40 Grad', 'Farbe': 'blau', 'Muster': 'Einfarbig', 'Brusttasche': 'Ohne Brusttasche', 'Manschette': 'Kombimanschette'}"
228,229,https://www.hemden.de/venti-body-fit-hemd-navy-einfarbig-langarm-001420.116,https://cdn.hemden.de/media/image/68/ee/75/001420-116_800VNEh3SfFqQ82D.jpg,49.95,"Venti Body Fit Hemd navy, Einfarbig","{'Marke': 'Venti', 'Stoff': 'Popeline Stretch', 'Schnitt': 'Taillierter Schnitt', 'Armlänge': 'Langarm (Normallänge)', 'Armlänge cm': '65cm', 'Kragenart': 'Kent', 'Material': '100% Baumwolle', 'Pflege': 'Bügelleicht', 'Waschbar bis': '40 Grad', 'Farbe': 'navy', 'Muster': 'Einfarbig', 'Brusttasche': 'Ohne Brusttasche', 'Manschette': 'Kombimanschette'}"
229,230,https://www.hemden.de/casa-moda-modern-fit-hemd-weiss-einfarbig-langarm-006530.000,https://cdn.hemden.de/media/image/7e/b6/17/006530-000_800ei5tgPAZKDdCk.jpg,49.95,"Casa Moda Modern Fit Hemd weiss, Einfarbig","{'Marke': 'Casa Moda', 'Stoff': 'Popeline Stretch', 'Schnitt': 'Leicht tailliert', 'Armlänge': 'Langarm (Normallänge)', 'Armlänge cm': '65cm', 'Kragenart': 'Kent', 'Material': '100% Baumwolle', 'Pflege': 'Bügelleicht', 'Waschbar bis': '40 Grad', 'Farbe': 'weiss', 'Muster': 'Einfarbig', 'Brusttasche': 'Mit Brusttasche', 'Manschette': 'Kombimanschette'}"
230,231,https://www.hemden.de/herrenhemd/eterna/modern-fit/schwarz/kent/langarm-65cm/einfarbig/1100x18739,https://cdn.hemden.de/media/image/db/57/e5/1100-X187-39_8003sYzMfWy9znKD.jpg,59.95,"Eterna Modern Fit Hemd schwarz, Einfarbig","{'Marke': 'ETERNA', 'Stoff': 'Uni-Popeline', 'Schnitt': 'Leicht tailliert', 'Armlänge cm': '65cm', 'Armlänge': 'Langarm (Normallänge)', 'Material': '100% Baumwolle', 'Kragenart': 'Kent', 'Pflege': 'Bügelfrei und Knitterfrei', 'Waschbar bis': '40 Grad', 'Farbe': 'schwarz', 'Muster': 'Einfarbig', 'Brusttasche': 'Mit Brusttasche', 'Manschette': 'Kombimanschette'}"
231,232,https://www.hemden.de/olymp-luxor-modern-fit-galahemd-beige-einfarbig-langarm-0395.65.21,https://cdn.hemden.de/media/image/b8/7a/94/0395-65-21_800M665iXhYI2RWG.jpg,69.95,"OLYMP Luxor Modern Fit Galahemd beige, Einfarbig","{'Marke': 'OLYMP', 'Stoff': 'Uni-Popeline', 'Nachhaltigkeit': 'OLYMP GREENCHOICE', 'Schnitt': 'Leicht tailliert', 'Armlänge cm': '65cm', 'Armlänge': 'Langarm (Normallänge)', 'Kragenart': 'Kläppchen', 'Material': '100% Baumwolle', 'Pflege': 'Pflegeleicht', 'Waschbar bis': '40 Grad', 'Farbe': 'beige', 'Muster': 'Einfarbig', 'Brusttasche': 'Mit Brusttasche', 'Manschette': 'Umschlagmanschette', 'Besonderheiten': 'verdeckte Knopfleiste'}"
232,233,https://www.hemden.de/olymp-level-five-body-fit-galahemd-hellbeige-einfarbig-langarm-3077.65.20,https://cdn.hemden.de/media/image/28/58/f6/3077-65-20_800UuYfCnkKtYFkJ.jpg,69.95,"OLYMP Level Five Body Fit Galahemd hellbeige, Einfarbig","{'Marke': 'OLYMP', 'Stoff': 'Uni', 'Nachhaltigkeit': 'OLYMP GREENCHOICE', 'Schnitt': 'Taillierter Schnitt', 'Armlänge cm': '65cm', 'Armlänge': 'Langarm (Normallänge)', 'Kragenart': 'Kläppchen', 'Material': '97% Baumwolle / 3% Elastolefin', 'Pflege': 'Pflegeleicht', 'Waschbar bis': '40 Grad', 'Farbe': 'hellbeige', 'Muster': 'Einfarbig', 'Brusttasche': 'Ohne Brusttasche', 'Manschette': 'Umschlagmanschette', 'Besonderheiten': 'verdeckte Knopfleiste'}"
233,234,https://www.hemden.de/eterna-hemd-comfort-fit-weiss-einfarbig-langarm-8100.e137.00,https://cdn.hemden.de/media/image/31/1f/2e/8100-E137-00_800WGYOMm3djgqFb.jpg,69.95,"Eterna Hemd - Comfort Fit - weiss, Einfarbig","{'Marke': 'ETERNA', 'Stoff': 'Fein Oxford', 'Schnitt': 'Gerader Schnitt', 'Armlänge': 'Langarm (Normallänge)', 'Armlänge cm': '65cm', 'Kragenart': 'Kent', 'Material': '100% Baumwolle', 'Pflege': 'Bügelfrei und Knitterfrei', 'Farbe': 'weiss', 'Muster': 'Einfarbig', 'Brusttasche': 'Mit Brusttasche'}"
234,235,https://www.hemden.de/herrenhemd/casa-moda/modern-fit/anthrazit/kent/langarm-65cm/einfarbig/006550750,https://cdn.hemden.de/media/image/31/fa/44/006550-750_800591587ea435bf.jpg,49.95,"Casa Moda Modern Fit Hemd anthrazit, Einfarbig","{'Marke': 'Casa Moda', 'Stoff': 'Uni-Popeline', 'Schnitt': 'Leicht tailliert', 'Armlänge cm': '65cm', 'Armlänge': 'Langarm (Normallänge)', 'Material': '100% Baumwolle', 'Kragenart': 'Kent', 'Pflege': 'Bügelfrei', 'Waschbar bis': '40 Grad', 'Farbe': 'anthrazit', 'Muster': 'Einfarbig', 'Brusttasche': 'Mit Brusttasche', 'Manschette': 'Kombimanschette'}"
235,236,https://www.hemden.de/seidensticker-hemd-gala-ecru-einfarbig-langarm-001035.21,https://cdn.hemden.de/media/image/9e/53/d6/001035-21_800591592bf2241b.jpg,69.95,"Seidensticker Hemd - Gala - ecru, Einfarbig","{'Marke': 'Seidensticker', 'Stoff': 'Stoffart: Popeline', 'Schnitt': 'Leicht tailliert', 'Armlänge cm': '66cm', 'Armlänge': 'Langarm (Normallänge)', 'Material': '100% Baumwolle', 'Kragenart': 'Carmen', 'Pflege': 'Bügelfrei', 'Waschbar bis': '40 Grad', 'Farbe': 'ecru', 'Muster': 'Einfarbig', 'Brusttasche': 'Ohne Brusttasche', 'Manschette': 'Umschlagmanschette'}"
236,237,https://www.hemden.de/olymp-level-five-body-fit-hemd-blau-einfarbig-langarm-6090.64.15,https://cdn.hemden.de/media/image/66/59/8e/6090-64-15_800ZVEFB5q3KDUFF.jpg,59.95,"OLYMP Level Five Body Fit Hemd blau, Einfarbig","{'Marke': 'OLYMP', 'Schnitt': 'Taillierter Schnitt', 'Stoff': 'Uni', 'Armlänge cm': '64cm', 'Armlänge': 'Langarm (Normallänge)', 'Material': '97% Baumwolle / 3% Elastolefin', 'Kragenart': 'New York Kent', 'Pflege': 'Bügelleicht', 'Waschbar bis': '40 Grad', 'Farbe': 'blau', 'Muster': 'Einfarbig', 'Brusttasche': 'Ohne Brusttasche', 'Manschette': 'Officemanschette'}"
237,238,https://www.hemden.de/eton-slim-fit-hemd-hellblau/weiss-zuendholzstreifen-langarm-2527.73511.23,https://cdn.hemden.de/media/image/2e/ac/7e/2527-73511-23_800.jpg,169,"Eton Slim Fit Hemd hellblau/weiss, Zündholzstreifen","{'Marke': 'ETON', 'Schnitt': 'Taillierter Schnitt', 'Stoff': 'Stoffart: Popeline', 'Armlänge': 'Langarm (Normallänge)', 'Armlänge cm': '66cm', 'Material': '100% Baumwolle', 'Kragenart': 'Haifisch', 'Pflege': 'Bügelleicht', 'Waschbar bis': '40 Grad', 'Farbe': 'hellblau/weiss', 'Muster': 'Zündholzstreifen', 'Brusttasche': 'Ohne Brusttasche', 'Manschette': 'Kombimanschette'}"
238,239,https://www.hemden.de/eton-slim-fit-hemd-weiss-einfarbig-langarm-3000.33518.00,https://cdn.hemden.de/media/image/dc/7c/c2/3000-33518-00_800.jpg,189,"Eton Slim Fit Hemd weiss, Einfarbig","{'Marke': 'ETON', 'Schnitt': 'Taillierter Schnitt', 'Stoff': 'Twill', 'Armlänge cm': '64cm', 'Armlänge': 'Langarm (Normallänge)', 'Material': '100% Baumwolle', 'Kragenart': 'Kläppchen', 'Pflege': 'Bügelleicht', 'Waschbar bis': '40 Grad', 'Farbe': 'weiss', 'Muster': 'Einfarbig', 'Brusttasche': 'Ohne Brusttasche', 'Manschette': 'Umschlagmanschette'}"
239,240,https://www.hemden.de/eton-slim-fit-hemd-weiss-einfarbig-langarm-3000.70518.00,https://cdn.hemden.de/media/image/e1/26/90/3000-70518-00_800.jpg,199,"Eton Slim Fit Hemd weiss, Einfarbig","{'Marke': 'ETON', 'Schnitt': 'Taillierter Schnitt', 'Stoff': 'Twill', 'Armlänge cm': '64cm', 'Armlänge': 'Langarm (Normallänge)', 'Material': '100% Baumwolle', 'Kragenart': 'Haifisch', 'Pflege': 'Bügelleicht', 'Waschbar bis': '40 Grad', 'Farbe': 'weiss', 'Muster': 'Einfarbig', 'Brusttasche': 'Ohne Brusttasche', 'Manschette': 'Sportmanschette'}"
240,241,https://www.hemden.de/herrenhemd/eton/contemporary-fit/weiss/klaeppchen/langarm-66cm/einfarbig/63153331000,https://cdn.hemden.de/media/image/4b/6a/20/6315-33310-00_800.jpg,219,"Eton Hemd - Contemporary Fit - weiss, Einfarbig","{'Marke': 'ETON', 'Stoff': 'Struktur', 'Schnitt': 'Leicht tailliert', 'Armlänge cm': '64cm', 'Armlänge': 'Langarm (Normallänge)', 'Material': '100% Baumwolle', 'Kragenart': 'Kläppchen', 'Pflege': 'Bügelleicht', 'Waschbar bis': '40 Grad', 'Farbe': 'weiss', 'Muster': 'Einfarbig', 'Brusttasche': 'Ohne Brusttasche', 'Manschette': 'Umschlagmanschette'}"
241,242,https://www.hemden.de/eterna-slim-fit-hemd-weiss-einfarbig-langarm-8005.f682.00,https://cdn.hemden.de/media/image/23/75/a9/8005-F682-00_800rg4SLUA49gee5.jpg,79.95,"Eterna Slim Fit Hemd weiß, Einfarbig","{'Marke': 'ETERNA', 'Stoff': 'Twill', 'Schnitt': 'Taillierter Schnitt', 'Armlänge cm': '67cm', 'Armlänge': 'Langarm (Normallänge)', 'Material': '100% Baumwolle', 'Kragenart': 'Haifisch', 'Waschbar bis': '40 Grad', 'Farbe': 'weiss', 'Muster': 'Einfarbig', 'Brusttasche': 'Ohne Brusttasche', 'Manschette': 'Kombimanschette', 'Besonderheiten': 'eingeschlagene Knopfleiste'}"
242,243,https://www.hemden.de/seidensticker-tailored-hemd-anthrazit-einfarbig-langarm-241600.34,https://cdn.hemden.de/media/image/7f/bf/6a/241600-34_800ekt5NVlFcYEil.jpg,59.95,"Seidensticker Tailored Hemd anthrazit, Einfarbig","{'Marke': 'Seidensticker', 'Stoff': 'Fil à fil', 'Schnitt': 'Leicht tailliert', 'Armlänge cm': '67cm', 'Armlänge': 'Langarm (Normallänge)', 'Kragenart': 'Business Kent', 'Material': '100% Baumwolle', 'Waschbar bis': '40 Grad', 'Farbe': 'anthrazit', 'Muster': 'Einfarbig', 'Brusttasche': 'Ohne Brusttasche', 'Manschette': 'Kombimanschette'}"
243,244,https://www.hemden.de/casa-moda-modern-fit-hemd-hellblau-einfarbig-langarm-006550.115,https://cdn.hemden.de/media/image/58/32/9b/006550-115_800FNV52HZ1H6c9o.jpg,49.95,"Casa Moda Modern Fit Hemd hellblau, Einfarbig","{'Marke': 'Casa Moda', 'Schnitt': 'Leicht tailliert', 'Stoff': 'Stoffart: Popeline', 'Armlänge cm': '65cm', 'Armlänge': 'Langarm (Normallänge)', 'Kragenart': 'Kent', 'Material': '100% Baumwolle', 'Waschbar bis': '40 Grad', 'Farbe': 'hellblau', 'Muster': 'Einfarbig', 'Brusttasche': 'Mit Brusttasche', 'Manschette': 'Kombimanschette'}"
244,245,https://www.hemden.de/eterna-1863-modern-fit-hemd-weiss-einfarbig-langarm-8005.x687.00,https://cdn.hemden.de/media/image/be/b8/2f/8005-X687-00_800uvX4SRWLMFlIe.jpg,79.95,"ETERNA 1863 Modern Fit Hemd weiss, Einfarbig","{'Marke': 'ETERNA', 'Stoff': 'Feintwill SLC (Super Light Cotton)', 'Schnitt': 'Leicht tailliert', 'Nachhaltigkeit': 'Grüner Knopf', 'Armlänge': 'Langarm (Normallänge)', 'Armlänge cm': '65cm', 'Material': '100% Baumwolle', 'Kragenart': 'Kent', 'Pflege': 'Bügelfrei', 'Waschbar bis': '40 Grad', 'Farbe': 'weiss', 'Muster': 'Einfarbig', 'Brusttasche': 'Ohne Brusttasche', 'Manschette': 'Kombimanschette'}"
245,246,https://www.hemden.de/eton-contemporary-fit-hemd-rosa-fischgrat-langarm-3441.79311.51,https://cdn.hemden.de/media/image/2d/01/9b/3441-79311-51_800.jpg,149,"Eton Contemporary Fit Hemd rosa, Fischgrat","{'Marke': 'ETON', 'Stoff': 'Signature Twill', 'Schnitt': 'Leicht tailliert', 'Armlänge cm': '66cm', 'Armlänge': 'Langarm (Normallänge)', 'Kragenart': 'Cut Away', 'Material': '100% Baumwolle', 'Waschbar bis': '40 Grad', 'Farbe': 'rosa', 'Muster': 'Fischgrat', 'Brusttasche': 'Ohne Brusttasche', 'Manschette': 'Kombimanschette'}"
246,247,https://www.hemden.de/eton-classic-fit-hemd-hellblau/weiss-kariert-langarm-3995.79011.21,https://cdn.hemden.de/media/image/74/40/98/3995-79011-21_800.jpg,169,"Eton Classic Fit Hemd hellblau/weiss, Kariert","{'Marke': 'ETON', 'Stoff': 'Feintwill Stretch', 'Schnitt': 'Gerader Schnitt', 'Armlänge cm': '66cm', 'Armlänge': 'Langarm (Normallänge)', 'Kragenart': 'Cut Away', 'Material': '100% Baumwolle', 'Waschbar bis': '40 Grad', 'Farbe': 'hellblau/weiss', 'Muster': 'Kariert', 'Brusttasche': 'Mit Brusttasche', 'Manschette': 'Kombimanschette'}"
247,248,https://www.hemden.de/olymp-dynamic-flex-no.-six-24/seven-super-slim-hemd-anthrazit-gemustert-langarm-2523.24.68,https://cdn.hemden.de/media/image/4d/33/aa/2523-24-68_800XqWPkcAQ1DGFC.jpg,69.95,"OLYMP Dynamic Flex No. Six 24/Seven Super Slim Hemd anthrazit, Gemustert","{'Marke': 'OLYMP', 'Stoff': 'Popeline Stretch', 'Nachhaltigkeit': 'OLYMP GREENCHOICE', 'Schnitt': 'Stark tailliert', 'Armlänge cm': '64cm', 'Armlänge': 'Langarm (Normallänge)', 'Material': '64% Baumwolle / 27% Polyester / 9% Elasthan', 'Kragenart': 'Modern Kent', 'Pflege': 'Pflegeleicht', 'Waschbar bis': '40 Grad', 'Farbe': 'anthrazit', 'Muster': 'Gemustert', 'Brusttasche': 'Ohne Brusttasche'}"
248,249,https://www.hemden.de/eton-slim-fit-hemd-rosa-einfarbig-langarm-3000.79511.80,https://cdn.hemden.de/media/image/ae/1d/03/3000-79511-80_800.jpg,169,"ETON Slim Fit Hemd rosa, Einfarbig","{'Marke': 'ETON', 'Stoff': 'Signature Twill', 'Schnitt': 'Taillierter Schnitt', 'Armlänge cm': '66cm', 'Armlänge': 'Langarm (Normallänge)', 'Kragenart': 'Cut Away', 'Material': '100% Baumwolle', 'Pflege': 'Pflegeleicht', 'Waschbar bis': '40 Grad', 'Farbe': 'rosa', 'Muster': 'Einfarbig', 'Brusttasche': 'Ohne Brusttasche', 'Manschette': 'Kombimanschette'}"
249,250,https://www.hemden.de/eton-super-slim-hemd-schwarz-einfarbig-langarm-3000.79811.18,https://cdn.hemden.de/media/image/d2/02/af/3000-79811-18_800.jpg,169,"Eton Super Slim Hemd schwarz, Einfarbig","{'Marke': 'ETON', 'Stoff': 'Signature Twill', 'Schnitt': 'Stark tailliert', 'Armlänge cm': '66cm', 'Armlänge': 'Langarm (Normallänge)', 'Kragenart': 'Cut Away', 'Material': '100% Baumwolle', 'Waschbar bis': '40 Grad', 'Farbe': 'schwarz', 'Muster': 'Einfarbig', 'Brusttasche': 'Ohne Brusttasche'}"
250,251,https://www.hemden.de/eton-classic-fit-hemd-schwarz-einfarbig-langarm-3000.79011.18,https://cdn.hemden.de/media/image/c3/bd/a6/3000-79011-18_800.jpg,159,"Eton Classic Fit Hemd schwarz, Einfarbig","{'Marke': 'ETON', 'Stoff': 'Signature Twill', 'Schnitt': 'Gerader Schnitt', 'Armlänge cm': '66cm', 'Armlänge': 'Langarm (Normallänge)', 'Kragenart': 'Cut Away', 'Material': '100% Baumwolle', 'Waschbar bis': '40 Grad', 'Farbe': 'schwarz', 'Muster': 'Einfarbig', 'Brusttasche': 'Mit Brusttasche'}"
251,252,https://www.hemden.de/venti-body-fit-hemd-schwarz-einfarbig-langarm-001420.800,https://cdn.hemden.de/media/image/26/1f/7c/001420-800_8007cQIhJOvlV2t6.jpg,49.95,"Venti Body Fit Hemd schwarz, Einfarbig","{'Marke': 'Venti', 'Stoff': 'Popeline Stretch', 'Schnitt': 'Taillierter Schnitt', 'Armlänge': 'Langarm (Normallänge)', 'Armlänge cm': '65cm', 'Kragenart': 'Kent', 'Material': '100% Baumwolle', 'Pflege': 'Bügelleicht', 'Waschbar bis': '40 Grad', 'Farbe': 'schwarz', 'Muster': 'Einfarbig', 'Brusttasche': 'Ohne Brusttasche', 'Manschette': 'Kombimanschette'}"
252,253,https://www.hemden.de/casa-moda-modern-fit-hemd-blau-einfarbig-langarm-006530.115,https://cdn.hemden.de/media/image/df/51/f0/006530-115_800WKu91ZeD2uMFP.jpg,49.95,"Casa Moda Modern Fit Hemd blau, Einfarbig","{'Marke': 'Casa Moda', 'Stoff': 'Popeline Stretch', 'Schnitt': 'Leicht tailliert', 'Armlänge': 'Langarm (Normallänge)', 'Armlänge cm': '65cm', 'Kragenart': 'Kent', 'Material': '100% Baumwolle', 'Pflege': 'Bügelleicht', 'Waschbar bis': '40 Grad', 'Farbe': 'blau', 'Muster': 'Einfarbig', 'Brusttasche': 'Mit Brusttasche', 'Manschette': 'Kombimanschette'}"
253,254,https://www.hemden.de/casa-moda-modern-fit-hemd-grau-einfarbig-langarm-006530.705,https://cdn.hemden.de/media/image/32/27/ea/006530-705_800VgGKVm4GLpQ3Y.jpg,49.95,"Casa Moda Modern Fit Hemd grau, Einfarbig","{'Marke': 'Casa Moda', 'Stoff': 'Popeline Stretch', 'Schnitt': 'Leicht tailliert', 'Armlänge': 'Langarm (Normallänge)', 'Armlänge cm': '65cm', 'Kragenart': 'Kent', 'Material': '100% Baumwolle', 'Pflege': 'Bügelleicht', 'Waschbar bis': '40 Grad', 'Farbe': 'grau', 'Muster': 'Einfarbig', 'Brusttasche': 'Mit Brusttasche', 'Manschette': 'Kombimanschette'}"
254,255,https://www.hemden.de/casa-moda-modern-fit-hemd-anthrazit-einfarbig-langarm-006530.706,https://cdn.hemden.de/media/image/3f/0a/d2/006530-706_800.jpg,49.95,"Casa Moda Modern Fit Hemd anthrazit, Einfarbig","{'Marke': 'Casa Moda', 'Stoff': 'Popeline Stretch', 'Schnitt': 'Leicht tailliert', 'Armlänge': 'Langarm (Normallänge)', 'Armlänge cm': '65cm', 'Kragenart': 'Kent', 'Material': '100% Baumwolle', 'Pflege': 'Bügelleicht', 'Waschbar bis': '40 Grad', 'Farbe': 'anthrazit', 'Muster': 'Einfarbig', 'Brusttasche': 'Mit Brusttasche', 'Manschette': 'Kombimanschette'}"
255,256,https://www.hemden.de/casa-moda-hemd-comfort-fit-rot-einfarbig-langarm-006050.408,https://cdn.hemden.de/media/image/bc/07/d8/006050-408_800J5gxKU1VSMXMB.jpg,49.95,"Casa Moda Hemd - Comfort Fit - rot, Einfarbig","{'Marke': 'Casa Moda', 'Stoff': 'Uni-Popeline', 'Schnitt': 'Gerader Schnitt', 'Armlänge cm': '65cm', 'Armlänge': 'Langarm (Normallänge)', 'Material': '100% Baumwolle', 'Kragenart': 'Kent', 'Pflege': 'Bügelfrei', 'Waschbar bis': '40 Grad', 'Farbe': 'rot', 'Muster': 'Einfarbig', 'Brusttasche': 'Mit Brusttasche', 'Manschette': 'Kombimanschette'}"
256,257,https://www.hemden.de/olymp-level-five-body-fit-hemd-bleu-gemustert-langarm-2068.54.11,https://cdn.hemden.de/media/image/5d/0e/f0/2068-54-11_8008ZrYOLHbgMQ7C.jpg,39.95,"OLYMP Level Five Body Fit Hemd bleu, Gemustert","{'Marke': 'OLYMP', 'Schnitt': 'Taillierter Schnitt', 'Stoff': 'Stoffart: Popeline', 'Nachhaltigkeit': 'OLYMP GREENCHOICE', 'Armlänge': 'Langarm (Normallänge)', 'Armlänge cm': '64cm', 'Kragenart': 'Modern Kent', 'Material': '97% Baumwolle / 3% Elastolefin', 'Pflege': 'Pflegeleicht', 'Waschbar bis': '40 Grad', 'Farbe': 'bleu', 'Muster': 'Gemustert', 'Brusttasche': 'Ohne Brusttasche', 'Besonderheiten': 'Italienische Knopfleiste'}"
257,258,https://www.hemden.de/venti-galahemd-modern-fit-weiss-einfarbig-langarm-001940.000,https://cdn.hemden.de/media/image/54/b8/b2/001940-000_800591588c740d71.jpg,49.95,"Venti Galahemd Modern Fit - weiss, Einfarbig","{'Marke': 'Venti', 'Schnitt': 'Leicht tailliert', 'Stoff': 'Stoffart: Popeline', 'Armlänge cm': '65cm', 'Armlänge': 'Langarm (Normallänge)', 'Material': '100% Baumwolle', 'Kragenart': 'Kläppchen', 'Pflege': 'Bügelfrei', 'Waschbar bis': '40 Grad', 'Farbe': 'weiss', 'Muster': 'Einfarbig', 'Brusttasche': 'Ohne Brusttasche', 'Manschette': 'Umschlagmanschette', 'Besonderheiten': 'verdeckte Knopfleiste'}"
258,259,https://www.hemden.de/olymp-level-five-body-fit-hemd-marine-gestreift-langarm-2012.54.18,https://cdn.hemden.de/media/image/3d/c3/bc/2012-54-18_800q4lJ9qrqRhfnM.jpg,69.95,"OLYMP Level Five Body Fit Hemd marine, Gestreift","{'Marke': 'OLYMP', 'Schnitt': 'Taillierter Schnitt', 'Nachhaltigkeit': 'OLYMP GREENCHOICE', 'Stoff': 'Stoffart: Popeline', 'Armlänge': 'Langarm (Normallänge)', 'Armlänge cm': '64cm', 'Kragenart': 'Modern Kent', 'Material': '97% Baumwolle / 3% Elastolefin', 'Pflege': 'Pflegeleicht', 'Waschbar bis': '40 Grad', 'Farbe': 'marine', 'Muster': 'Gestreift', 'Brusttasche': 'Ohne Brusttasche', 'Besonderheiten': 'Italienische Knopfleiste'}"
259,260,https://www.hemden.de/olymp-luxor-modern-fit-hemd-weiss-einfarbig-langarm-1244.54.00,https://cdn.hemden.de/media/image/20/e9/3e/1244-54-00_800FTvXZJehOU1F3.jpg,69.95,"OLYMP Luxor Modern Fit Hemd weiss, Einfarbig","{'Marke': 'OLYMP', 'Stoff': 'Stoffart: Popeline', 'Schnitt': 'Leicht tailliert', 'Nachhaltigkeit': 'OLYMP GREENCHOICE', 'Armlänge cm': '64cm', 'Armlänge': 'Langarm (Normallänge)', 'Material': '100% Baumwolle', 'Kragenart': 'Global Kent', 'Pflege': 'Bügelfrei', 'Waschbar bis': '40 Grad', 'Farbe': 'weiss', 'Muster': 'Einfarbig', 'Brusttasche': 'Mit Brusttasche', 'Manschette': 'Kombimanschette', 'Besonderheiten': 'Italienische Knopfleiste'}"
260,261,https://www.hemden.de/venti-modern-fit-hemd-rot-einfarbig-langarm-001480.408,https://cdn.hemden.de/media/image/cb/57/24/001480-408_800IQcj03oWV2R1F.jpg,49.95,"Venti Modern Fit Hemd rot, Einfarbig","{'Marke': 'Venti', 'Schnitt': 'Leicht tailliert', 'Stoff': 'Stoffart: Popeline', 'Armlänge cm': '65cm', 'Armlänge': 'Langarm (Normallänge)', 'Material': '100% Baumwolle', 'Kragenart': 'Kent', 'Pflege': 'Bügelfrei', 'Waschbar bis': '40 Grad', 'Farbe': 'rot', 'Muster': 'Einfarbig', 'Brusttasche': 'Ohne Brusttasche', 'Manschette': 'Officemanschette'}"
261,262,https://www.hemden.de/eton-hemd-contemporary-fit-hellblau-einfarbig-langarm-3000.79311.21,https://cdn.hemden.de/media/image/2a/b0/62/3000-79311-21_8005a1767206e238.jpg,149,"Eton Hemd - Contemporary Fit - hellblau, Einfarbig","{'Marke': 'ETON', 'Stoff': 'Twill', 'Schnitt': 'Leicht tailliert', 'Armlänge cm': '66cm', 'Armlänge': 'Langarm (Normallänge)', 'Material': '100% Baumwolle', 'Kragenart': 'Haifisch', 'Pflege': 'Bügelleicht', 'Waschbar bis': '40 Grad', 'Farbe': 'hellblau', 'Muster': 'Einfarbig', 'Brusttasche': 'Ohne Brusttasche', 'Manschette': 'Kombimanschette'}"
262,263,https://www.hemden.de/herrenhemd/venti/slim-fit/silbergrau/modern-kent/langarm-65cm/einfarbig/001800700,https://cdn.hemden.de/media/image/54/6d/bd/001800-700_80059161ecd865b8.jpg,49.95,"Venti Modern Fit Hemd silbergrau, Einfarbig","{'Marke': 'Venti', 'Stoff': 'Twill', 'Schnitt': 'Leicht tailliert', 'Armlänge cm': '65cm', 'Armlänge': 'Langarm (Normallänge)', 'Material': '100% Baumwolle', 'Kragenart': 'Modern Kent', 'Pflege': 'Bügelfrei', 'Waschbar bis': '30 Grad', 'Farbe': 'silbergrau', 'Muster': 'Einfarbig', 'Brusttasche': 'Ohne Brusttasche', 'Manschette': 'Kombimanschette'}"
263,264,https://www.hemden.de/herrenhemd/seidensticker/tailored/beige/business-kent/langarm-67cm/einfarbig/02100621,https://cdn.hemden.de/media/image/0d/10/32/021006-21_8005b3116d46f25e.jpg,69.95,"Seidensticker Hemd - Tailored - beige, Einfarbig","{'Marke': 'Seidensticker', 'Stoff': 'Stoffart: Popeline', 'Schnitt': 'Leicht tailliert', 'Armlänge cm': '67cm', 'Armlänge': 'Langarm (Normallänge)', 'Kragenart': 'Business Kent', 'Material': '100% Baumwolle', 'Pflege': 'Bügelfrei', 'Waschbar bis': '40 Grad', 'Farbe': 'beige', 'Muster': 'Einfarbig', 'Brusttasche': 'Ohne Brusttasche', 'Manschette': 'Umschlagmanschette'}"
264,265,https://www.hemden.de/herrenhemd/eton/contemporary-fit/weiss/haifisch/langarm-67cm/einfarbig/30007331100,https://cdn.hemden.de/media/image/d7/04/e6/3000-73311-00_8005a1769a2075f1.jpg,159,"Eton Hemd - Contemporary Fit - weiss, Einfarbig","{'Marke': 'ETON', 'Stoff': 'Twill', 'Schnitt': 'Leicht tailliert', 'Armlänge cm': '66cm', 'Armlänge': 'Langarm (Normallänge)', 'Material': '100% Baumwolle', 'Kragenart': 'Haifisch', 'Pflege': 'Bügelleicht', 'Waschbar bis': '40 Grad', 'Farbe': 'weiss', 'Muster': 'Einfarbig', 'Brusttasche': 'Ohne Brusttasche', 'Manschette': 'Kombimanschette'}"
265,266,https://www.hemden.de/seidensticker-hemd-tailored-ecru-einfarbig-langarm-021008.21,https://cdn.hemden.de/media/image/72/0a/ff/021008-21_8005b3116d93c2c3.jpg,59.95,"Seidensticker Hemd - Tailored - ecru, Einfarbig","{'Marke': 'Seidensticker', 'Schnitt': 'Leicht tailliert', 'Stoff': 'Stoffart: Popeline', 'Armlänge': 'Langarm (Normallänge)', 'Armlänge cm': '67cm', 'Material': '100% Baumwolle', 'Kragenart': 'George-Party', 'Pflege': 'Bügelfrei', 'Waschbar bis': '40 Grad', 'Farbe': 'ecru', 'Muster': 'Einfarbig', 'Brusttasche': 'Ohne Brusttasche', 'Manschette': 'Umschlagmanschette', 'Besonderheiten': 'verdeckte Knopfleiste'}"
266,267,https://www.hemden.de/herrenhemd/seidensticker/tailored/beige/business-kent/langarm-67cm/einfarbig/02100021,https://cdn.hemden.de/media/image/43/7d/8f/021000-21_800MWQAEgUrGhFh2.jpg,59.95,"Seidensticker Hemd - Tailored - beige, Einfarbig","{'Marke': 'Seidensticker', 'Stoff': 'Stoffart: Popeline', 'Schnitt': 'Leicht tailliert', 'Armlänge cm': '67cm', 'Armlänge': 'Langarm (Normallänge)', 'Material': '100% Baumwolle', 'Kragenart': 'Business Kent', 'Pflege': 'Bügelfrei', 'Waschbar bis': '40 Grad', 'Farbe': 'beige', 'Muster': 'Einfarbig', 'Brusttasche': 'Ohne Brusttasche', 'Manschette': 'Kombimanschette'}"
267,268,https://www.hemden.de/seidensticker-modern-fit-hemd-hellblau-einfarbig-langarm-002000.15,https://cdn.hemden.de/media/image/8b/ab/ff/002000-15_800mvJA2wcuuIcHX.jpg,59.95,"Seidensticker Modern Fit Hemd hellblau, Einfarbig","{'Marke': 'Seidensticker', 'Stoff': 'Chambray', 'Schnitt': 'Leicht tailliert', 'Armlänge cm': '66cm', 'Armlänge': 'Langarm (Normallänge)', 'Kragenart': 'Kent', 'Material': '100% Baumwolle', 'Pflege': 'Bügelfrei', 'Waschbar bis': '40 Grad', 'Farbe': 'hellblau', 'Muster': 'Einfarbig', 'Brusttasche': 'Mit Brusttasche'}"
268,269,https://www.hemden.de/olymp-body-fit-hemd-hellblau/weiss-gemustert-langarm-2134.64.11,https://cdn.hemden.de/media/image/f3/e1/3a/2134-64-11_8005915899e85c68.jpg,59.95,"Olymp Body Fit Hemd hellblau/weiss, Gemustert","{'Marke': 'OLYMP', 'Schnitt': 'Taillierter Schnitt', 'Stoff': 'Twill', 'Armlänge': 'Langarm (Normallänge)', 'Armlänge cm': '64cm', 'Material': '100% Baumwolle', 'Kragenart': 'Kent', 'Pflege': 'Bügelfrei und Knitterfrei', 'Waschbar bis': '40 Grad', 'Farbe': 'hellblau/weiss', 'Muster': 'Gemustert', 'Brusttasche': 'Ohne Brusttasche', 'Manschette': 'Kombimanschette', 'Besonderheiten': 'Patch in Kragen / Manschette'}"
269,270,https://www.hemden.de/seidensticker-hemd-gala-ecru-einfarbig-langarm-001034.21,https://cdn.hemden.de/media/image/f9/09/cc/001034-21_80059162fcc19fb4.jpg,69.95,"Seidensticker Hemd - Gala - ecru, Einfarbig","{'Marke': 'Seidensticker', 'Stoff': 'Stoffart: Popeline', 'Schnitt': 'Gerader Schnitt', 'Armlänge cm': '66cm', 'Armlänge': 'Langarm (Normallänge)', 'Material': '100% Baumwolle', 'Kragenart': 'Aida', 'Pflege': 'Bügelfrei', 'Waschbar bis': '40 Grad', 'Farbe': 'ecru', 'Muster': 'Einfarbig', 'Brusttasche': 'Ohne Brusttasche', 'Manschette': 'Umschlagmanschette'}"
270,271,https://www.hemden.de/olymp-luxor-modern-fit-hemd-marine-einfarbig-langarm-0300.64.18,https://cdn.hemden.de/media/image/7e/8a/98/0300-64-18_800.jpg,59.95,"OLYMP Luxor Modern Fit Hemd marine, Einfarbig","{'Marke': 'OLYMP', 'Schnitt': 'Leicht tailliert', 'Stoff': 'Uni-Popeline', 'Armlänge cm': '64cm', 'Armlänge': 'Langarm (Normallänge)', 'Material': '100% Baumwolle', 'Kragenart': 'New Kent', 'Pflege': 'Bügelfrei und Knitterfrei', 'Waschbar bis': '40 Grad', 'Farbe': 'marine', 'Muster': 'Einfarbig', 'Brusttasche': 'Mit Brusttasche', 'Manschette': 'Kombimanschette'}"
271,272,https://www.hemden.de/eton-hemd-super-slim-hellblau-einfarbig-langarm-3000.73811.21,https://cdn.hemden.de/media/image/6e/31/d6/3000-73811-21_800.jpg,169,"Eton Hemd - Super Slim - hellblau, Einfarbig","{'Marke': 'ETON', 'Stoff': 'Twill', 'Schnitt': 'Stark tailliert', 'Armlänge cm': '66cm', 'Armlänge': 'Langarm (Normallänge)', 'Material': '100% Baumwolle', 'Kragenart': 'Haifisch', 'Pflege': 'Bügelleicht', 'Waschbar bis': '40 Grad', 'Farbe': 'hellblau', 'Muster': 'Einfarbig', 'Brusttasche': 'Ohne Brusttasche', 'Manschette': 'Kombimanschette'}"
272,273,https://www.hemden.de/eton-slim-fit-hemd-schwarz-einfarbig-langarm-3000.79511.18,https://cdn.hemden.de/media/image/91/b4/72/3000-79511-18_800.jpg,159,"Eton Slim Fit Hemd schwarz, Einfarbig","{'Marke': 'ETON', 'Stoff': 'Twill', 'Schnitt': 'Taillierter Schnitt', 'Armlänge': 'Langarm (Normallänge)', 'Armlänge cm': '66cm', 'Material': '100% Baumwolle', 'Kragenart': 'Kent', 'Pflege': 'Bügelleicht', 'Waschbar bis': '40 Grad', 'Farbe': 'schwarz', 'Muster': 'Einfarbig', 'Brusttasche': 'Ohne Brusttasche', 'Manschette': 'Kombimanschette'}"
273,274,https://www.hemden.de/eton-slim-fit-hemd-dunkelblau/weiss-gepunktet-langarm-3225.79511.27,https://cdn.hemden.de/media/image/d3/6f/fe/3225-79511-27_800.jpg,189,"Eton Slim Fit Hemd dunkelblau/weiss, Gepunktet","{'Marke': 'ETON', 'Schnitt': 'Taillierter Schnitt', 'Stoff': 'Twill', 'Armlänge cm': '66cm', 'Armlänge': 'Langarm (Normallänge)', 'Material': '100% Baumwolle', 'Kragenart': 'Haifisch', 'Pflege': 'Bügelleicht', 'Waschbar bis': '40 Grad', 'Farbe': 'dunkelblau/weiss', 'Muster': 'Gepunktet', 'Brusttasche': 'Ohne Brusttasche', 'Manschette': 'Kombimanschette'}"
274,275,https://www.hemden.de/eton-hemd-contemporary-fit-hellblau/weiss-hahnentritt-langarm-3602.79311.20,https://cdn.hemden.de/media/image/75/fe/4d/3602-79311-20_800.jpg,199,"Eton Hemd - Contemporary Fit - hellblau/weiss, Hahnentritt","{'Marke': 'ETON', 'Stoff': 'Twill', 'Schnitt': 'Leicht tailliert', 'Armlänge cm': '66cm', 'Armlänge': 'Langarm (Normallänge)', 'Material': '100% Baumwolle', 'Kragenart': 'Haifisch', 'Pflege': 'Bügelfrei', 'Waschbar bis': '40 Grad', 'Farbe': 'hellblau/weiss', 'Muster': 'Hahnentritt', 'Brusttasche': 'Ohne Brusttasche', 'Manschette': 'Kombimanschette'}"
275,276,https://www.hemden.de/eton-slim-fit-hemd-hellblau/weiss-hahnentritt-langarm-3602.79511.20,https://cdn.hemden.de/media/image/51/7d/b7/3602-79511-20_800.jpg,199,"Eton Slim Fit Hemd hellblau/weiss, Hahnentritt","{'Marke': 'ETON', 'Schnitt': 'Taillierter Schnitt', 'Stoff': 'Twill', 'Armlänge cm': '66cm', 'Armlänge': 'Langarm (Normallänge)', 'Material': '100% Baumwolle', 'Kragenart': 'Haifisch', 'Pflege': 'Bügelleicht', 'Waschbar bis': '40 Grad', 'Farbe': 'hellblau/weiss', 'Muster': 'Hahnentritt', 'Brusttasche': 'Ohne Brusttasche', 'Manschette': 'Kombimanschette'}"
276,277,https://www.hemden.de/eton-slim-fit-hemd-weiss-einfarbig-langarm-6315.33510.00,https://cdn.hemden.de/media/image/90/b8/36/6315-33510-00_800.jpg,219,"Eton Slim Fit Hemd weiss, Einfarbig","{'Marke': 'ETON', 'Stoff': 'Struktur', 'Schnitt': 'Taillierter Schnitt', 'Armlänge': 'Langarm (Normallänge)', 'Armlänge cm': '64cm', 'Material': '100% Baumwolle', 'Kragenart': 'Kläppchen', 'Pflege': 'Bügelleicht', 'Waschbar bis': '40 Grad', 'Farbe': 'weiss', 'Muster': 'Einfarbig', 'Brusttasche': 'Ohne Brusttasche', 'Manschette': 'Umschlagmanschette'}"
277,278,https://www.hemden.de/herrenhemd/eton/classic-fit/weiss/haifisch/langarm-66cm/einfarbig/63157001000,https://cdn.hemden.de/media/image/1d/c0/5a/6315-70010-00_800.jpg,219,"Eton Hemd - Classic Fit - weiss, Einfarbig","{'Marke': 'ETON', 'Stoff': 'Struktur', 'Schnitt': 'Gerader Schnitt', 'Armlänge cm': '64cm', 'Armlänge': 'Langarm (Normallänge)', 'Material': '100% Baumwolle', 'Kragenart': 'Haifisch', 'Pflege': 'Bügelleicht', 'Waschbar bis': '40 Grad', 'Farbe': 'weiss', 'Muster': 'Einfarbig', 'Brusttasche': 'Ohne Brusttasche', 'Manschette': 'Umschlagmanschette'}"
278,279,https://www.hemden.de/herrenhemd/eton/contemporary-fit/weiss/haifisch/langarm-66cm/einfarbig/63157031000,https://cdn.hemden.de/media/image/c6/a5/36/6315-70310-00_800.jpg,219,"Eton Hemd - Contemporary Fit - weiss, Einfarbig","{'Marke': 'ETON', 'Stoff': 'Struktur', 'Schnitt': 'Leicht tailliert', 'Armlänge cm': '64cm', 'Armlänge': 'Langarm (Normallänge)', 'Kragenart': 'Haifisch', 'Material': '100% Baumwolle', 'Pflege': 'Bügelleicht', 'Waschbar bis': '40 Grad', 'Farbe': 'weiss', 'Muster': 'Einfarbig', 'Brusttasche': 'Ohne Brusttasche', 'Manschette': 'Umschlagmanschette'}"
279,280,https://www.hemden.de/eton-slim-fit-hemd-weiss-einfarbig-langarm-6315.70510.00,https://cdn.hemden.de/media/image/a0/99/2c/6315-70510-00_800.jpg,219,"Eton Slim Fit Hemd weiss, Einfarbig","{'Marke': 'ETON', 'Stoff': 'Struktur', 'Schnitt': 'Taillierter Schnitt', 'Armlänge': 'Langarm (Normallänge)', 'Armlänge cm': '64cm', 'Material': '100% Baumwolle', 'Kragenart': 'Haifisch', 'Pflege': 'Bügelleicht', 'Waschbar bis': '40 Grad', 'Farbe': 'weiss', 'Muster': 'Einfarbig', 'Brusttasche': 'Ohne Brusttasche', 'Manschette': 'Umschlagmanschette'}"
280,281,https://www.hemden.de/eton-slim-fit-hemd-weiss-einfarbig-langarm-6363.33516.00,https://cdn.hemden.de/media/image/c2/c3/a8/6363-33516-00_800.jpg,219,"Eton Slim Fit Hemd weiss, Einfarbig","{'Marke': 'ETON', 'Stoff': 'Piqué', 'Schnitt': 'Taillierter Schnitt', 'Armlänge': 'Langarm (Normallänge)', 'Armlänge cm': '64cm', 'Material': '100% Baumwolle', 'Kragenart': 'Kläppchen', 'Pflege': 'Bügelleicht', 'Waschbar bis': '40 Grad', 'Farbe': 'weiss', 'Muster': 'Einfarbig', 'Brusttasche': 'Ohne Brusttasche', 'Manschette': 'Umschlagmanschette'}"
281,282,https://www.hemden.de/eton-hemd-contemporary-fit-weiss-gestreift-langarm-7343.70309.01,https://cdn.hemden.de/media/image/29/59/c3/7343-70309-01_800.jpg,199,"Eton Hemd - Contemporary Fit - weiss, Gestreift","{'Marke': 'ETON', 'Stoff': 'Satin', 'Schnitt': 'Leicht tailliert', 'Armlänge cm': '64cm', 'Armlänge': 'Langarm (Normallänge)', 'Material': '100% Baumwolle', 'Kragenart': 'Haifisch', 'Pflege': 'Bügelleicht', 'Waschbar bis': '40 Grad', 'Farbe': 'weiss', 'Muster': 'Gestreift', 'Brusttasche': 'Ohne Brusttasche', 'Manschette': 'Umschlagmanschette'}"
282,283,https://www.hemden.de/eton-slim-fit-hemd-weiss-gestreift-langarm-7343.70509.01,https://cdn.hemden.de/media/image/d5/3a/86/7343-70509-01_800.jpg,219,"Eton Slim Fit Hemd weiss, Gestreift","{'Marke': 'ETON', 'Stoff': 'Satin', 'Schnitt': 'Taillierter Schnitt', 'Armlänge': 'Langarm (Normallänge)', 'Armlänge cm': '64cm', 'Material': '100% Baumwolle', 'Kragenart': 'Haifisch', 'Pflege': 'Bügelleicht', 'Waschbar bis': '40 Grad', 'Farbe': 'weiss', 'Muster': 'Gestreift', 'Brusttasche': 'Ohne Brusttasche', 'Manschette': 'Umschlagmanschette'}"
283,284,https://www.hemden.de/herrenhemd/seidensticker/tailored/grau/business-kent/langarm-67cm/einfarbig/02200032,https://cdn.hemden.de/media/image/88/cc/53/022000-32_800xPKT0nil4Z4kn.jpg,59.95,"Seidensticker Hemd - Tailored - grau, Einfarbig","{'Marke': 'Seidensticker', 'Stoff': 'Chambray', 'Schnitt': 'Leicht tailliert', 'Armlänge cm': '67cm', 'Armlänge': 'Langarm (Normallänge)', 'Material': '100% Baumwolle', 'Kragenart': 'Business Kent', 'Pflege': 'Bügelfrei', 'Waschbar bis': '40 Grad', 'Farbe': 'grau', 'Muster': 'Einfarbig', 'Brusttasche': 'Ohne Brusttasche', 'Manschette': 'Kombimanschette'}"
284,285,https://www.hemden.de/seidensticker-hemd-tailored-beige-einfarbig-langarm-245270.21,https://cdn.hemden.de/media/image/c8/6a/87/245270-21_800.jpg,69.95,"Seidensticker Hemd - Tailored - beige, Einfarbig","{'Marke': 'Seidensticker', 'Schnitt': 'Leicht tailliert', 'Stoff': 'Stoffart: Popeline', 'Armlänge': 'Langarm (Normallänge)', 'Armlänge cm': '67cm', 'Material': '100% Baumwolle', 'Kragenart': 'Modern Kent', 'Pflege': 'Bügelfrei', 'Waschbar bis': '40 Grad', 'Farbe': 'beige', 'Muster': 'Einfarbig', 'Brusttasche': 'Ohne Brusttasche', 'Manschette': 'Umschlagmanschette', 'Besonderheiten': 'verdeckte Knopfleiste'}"
285,286,https://www.hemden.de/hatico-regular-fit-hemd-beige-einfarbig-langarm-3209.250.20,https://cdn.hemden.de/media/image/34/b3/92/3209-250-20_800ynO7fDNHzDNuX.jpg,59.95,"Hatico Regular Fit Hemd beige, Einfarbig","{'Marke': 'Hatico', 'Stoff': 'Stoffart: Popeline', 'Schnitt': 'Gerader Schnitt', 'Armlänge cm': '65cm', 'Armlänge': 'Langarm (Normallänge)', 'Material': '100% Baumwolle', 'Kragenart': 'Kent', 'Pflege': 'Bügelfrei', 'Waschbar bis': '40 Grad', 'Farbe': 'beige', 'Muster': 'Einfarbig', 'Brusttasche': 'Mit Brusttasche', 'Manschette': 'Kombimanschette'}"
286,287,https://www.hemden.de/marvelis-modern-fit-hemd-marine-gemustert-langarm-7608.54.18,https://cdn.hemden.de/media/image/92/63/66/7608-54-18_80059159b4e832fb.jpg,39.95,"Marvelis Modern Fit Hemd marine, Gemustert","{'Marke': 'Marvelis', 'Stoff': 'Stoffart: Popeline', 'Schnitt': 'Leicht tailliert', 'Armlänge cm': '64cm', 'Armlänge': 'Langarm (Normallänge)', 'Kragenart': 'New Kent', 'Material': '100% Baumwolle', 'Pflege': 'Bügelfrei', 'Farbe': 'marine', 'Muster': 'Gemustert', 'Brusttasche': 'Mit Brusttasche', 'Manschette': 'Officemanschette'}"
287,288,https://www.hemden.de/eton-hemd-contemporary-fit-weiss-einfarbig-langarm-6363.33316.00,https://cdn.hemden.de/media/image/ef/ca/3b/6363-33316-00_800.jpg,219,"Eton Hemd - Contemporary Fit - weiss, Einfarbig","{'Marke': 'ETON', 'Stoff': 'Piqué', 'Schnitt': 'Leicht tailliert', 'Armlänge': 'Langarm (Normallänge)', 'Armlänge cm': '64cm', 'Material': '100% Baumwolle', 'Kragenart': 'Kläppchen', 'Pflege': 'Bügelleicht', 'Waschbar bis': '40 Grad', 'Farbe': 'weiss', 'Muster': 'Einfarbig', 'Brusttasche': 'Ohne Brusttasche', 'Manschette': 'Sportmanschette'}"
288,289,https://www.hemden.de/eton-slim-fit-hemd-weiss-einfarbig-langarm-3000.00516.00,https://cdn.hemden.de/media/image/d2/5e/c9/3000-00516-00_800.jpg,169,"Eton Slim Fit Hemd weiss, Einfarbig","{'Marke': 'ETON', 'Schnitt': 'Taillierter Schnitt', 'Stoff': 'Twill', 'Armlänge cm': '64cm', 'Armlänge': 'Langarm (Normallänge)', 'Material': '100% Baumwolle', 'Kragenart': 'Haifisch', 'Pflege': 'Bügelleicht', 'Waschbar bis': '40 Grad', 'Farbe': 'weiss', 'Muster': 'Einfarbig', 'Brusttasche': 'Mit Brusttasche', 'Manschette': 'Sportmanschette'}"
289,290,https://www.hemden.de/herrenhemd/eterna/super-slim/schwarz/mini-kent/langarm-67cm/einfarbig/8424z18139,https://cdn.hemden.de/media/image/b1/04/4e/8424-Z181-39_800km5VohOOF5bzO.jpg,59.99,"Eterna Hemd - Super Slim - schwarz, Einfarbig","{'Marke': 'ETERNA', 'Schnitt': 'Stark tailliert', 'Stoff': 'Stoffart: Popeline', 'Armlänge cm': '67cm', 'Armlänge': 'Langarm (Normallänge)', 'Material': '97% Baumwolle / 3% Elastolefin (XLA)', 'Kragenart': 'Mini Kent', 'Pflege': 'Bügelfrei', 'Waschbar bis': '40 Grad', 'Farbe': 'schwarz', 'Muster': 'Einfarbig', 'Brusttasche': 'Ohne Brusttasche', 'Manschette': 'Kombimanschette', 'Besonderheiten': 'Stretch'}"
290,291,https://www.hemden.de/jacques-britt-galahemd-custom-fit-beige-einfarbig-langarm-960264.02,https://cdn.hemden.de/media/image/58/f5/be/960264-02_800.jpg,109.95,"Jacques Britt Galahemd Custom Fit - beige, Einfarbig","{'Marke': 'Jacques Britt', 'Schnitt': 'Leicht tailliert', 'Stoff': 'Stoffart: Popeline', 'Armlänge cm': '66,5cm', 'Armlänge': 'Langarm (Normallänge)', 'Material': '100% Baumwolle', 'Kragenart': 'Kläppchen', 'Pflege': 'Bügelfrei', 'Waschbar bis': '40 Grad', 'Farbe': 'beige', 'Muster': 'Einfarbig', 'Brusttasche': 'Ohne Brusttasche', 'Manschette': 'Umschlagmanschette', 'Besonderheiten': 'verdeckte Knopfleiste'}"
291,292,https://www.hemden.de/jacques-britt-galahemd-slim-fit-weiss-einfarbig-langarm-960267.01,https://cdn.hemden.de/media/image/59/4c/b4/960267-01_800.jpg,109.95,"Jacques Britt Galahemd Slim Fit - weiss, Einfarbig","{'Marke': 'Jacques Britt', 'Schnitt': 'Taillierter Schnitt', 'Stoff': 'Stoffart: Popeline', 'Armlänge cm': '67,5cm', 'Armlänge': 'Langarm (Normallänge)', 'Material': '100% Baumwolle', 'Kragenart': 'Kläppchen', 'Pflege': 'Bügelfrei', 'Waschbar bis': '40 Grad', 'Farbe': 'weiss', 'Muster': 'Einfarbig', 'Brusttasche': 'Ohne Brusttasche', 'Manschette': 'Umschlagmanschette', 'Besonderheiten': 'verdeckte Knopfleiste'}"
