Product Id;Product Handle;Product Title;Product Subtitle;Product Description;Product Status;Product Thumbnail;Product Weight;Product Length;Product Width;Product Height;Product HS Code;Product Origin Country;Product MID Code;Product Material;Product Collection Title;Product Collection Handle;Product Type;Product Tags;Product Discountable;Product External Id;Product Profile Name;Product Profile Type;Variant Id;Variant Title;Variant SKU;Variant Barcode;Variant Inventory Quantity;Variant Allow Backorder;Variant Manage Inventory;Variant Weight;Variant Length;Variant Width;Variant Height;Variant HS Code;Variant Origin Country;Variant MID Code;Variant Material;Price EUR;Price USD;Option 1 Name;Option 1 Value;Option 2 Name;Option 2 Value;Image 1 Url;Image 2 Url;Variant Metadata;Variant Metadata.size;Variant Metadata.chest_cm;Variant Metadata.waist_cm;Variant Metadata.front_length_cm;Variant Metadata.back_length_cm;Variant Metadata.sleeve_length_cm
prod_14027;hemd-rom-72-cm-armlange-umschlagmanschette;Hemd Rom - 72 cm Armlänge - Umschlagmanschette;;"<p>Unser Hemd Rom – ein klassisches fein hellblau-weiß gestreiftes Bürohemd, das natürlich auch perfekt abends angezogen werden kann. Aus einem tollem Oxford Stoff, aus 100% Baumwolle.  Besonders elegant durch eine Umschlagmanschette.</p>
\n<p>Perfekt für sehr große Männer - in Überlänge, und mit 72 cm langen Ärmeln.</p>
\n<p>In den Paßformen <span class=""a-text-bold"">Slim Fit</span> und in <span class=""a-text-bold"">Modern Fit</span> erhältlich.</p>";published;https://www.riesenhemd.com/wp-content/uploads/2019/06/Hemd-extra-langer-Arm-72-Ueberlaenge-Rom-4.jpg;;;;;;;;;;;Tops;;true;;;;art_4260581270803;41;4260581270803;4260581270803;100;false;false;;;;;;;;;75;;Fit;Modern Fit;Size;41;https://www.riesenhemd.com/wp-content/uploads/2019/06/Hemd-extra-langer-Arm-72-Ueberlaenge-Rom-4.jpg; https://www.riesenhemd.com/wp-content/uploads/2019/06/Hemd-extra-langer-Arm-72-cm-Überlaenge-RIESENHEMD-Rom-2.jpg;"{""size"": 41, ""chest_cm"": 122, ""waist_cm"": 118, ""front_length_cm"": 85, ""back_length_cm"": 95, ""sleeve_length_cm"": 72}";41;122;118;85;95;72
prod_14027;hemd-rom-72-cm-armlange-umschlagmanschette;Hemd Rom - 72 cm Armlänge - Umschlagmanschette;;"<p>Unser Hemd Rom – ein klassisches fein hellblau-weiß gestreiftes Bürohemd, das natürlich auch perfekt abends angezogen werden kann. Aus einem tollem Oxford Stoff, aus 100% Baumwolle.  Besonders elegant durch eine Umschlagmanschette.</p>
\n<p>Perfekt für sehr große Männer - in Überlänge, und mit 72 cm langen Ärmeln.</p>
\n<p>In den Paßformen <span class=""a-text-bold"">Slim Fit</span> und in <span class=""a-text-bold"">Modern Fit</span> erhältlich.</p>";published;https://www.riesenhemd.com/wp-content/uploads/2019/06/Hemd-extra-langer-Arm-72-Ueberlaenge-Rom-4.jpg;;;;;;;;;;;Tops;;true;;;;art_4260581270810;42;4260581270810;4260581270810;100;false;false;;;;;;;;;75;;Fit;Modern Fit;Size;42;https://www.riesenhemd.com/wp-content/uploads/2019/06/Hemd-extra-langer-Arm-72-Ueberlaenge-Rom-4.jpg; https://www.riesenhemd.com/wp-content/uploads/2019/06/Hemd-extra-langer-Arm-72-cm-Überlaenge-RIESENHEMD-Rom-2.jpg;"{""size"": 42, ""chest_cm"": 125, ""waist_cm"": 121, ""front_length_cm"": 85, ""back_length_cm"": 95, ""sleeve_length_cm"": 72}";42;125;121;85;95;72
prod_14027;hemd-rom-72-cm-armlange-umschlagmanschette;Hemd Rom - 72 cm Armlänge - Umschlagmanschette;;"<p>Unser Hemd Rom – ein klassisches fein hellblau-weiß gestreiftes Bürohemd, das natürlich auch perfekt abends angezogen werden kann. Aus einem tollem Oxford Stoff, aus 100% Baumwolle.  Besonders elegant durch eine Umschlagmanschette.</p>
\n<p>Perfekt für sehr große Männer - in Überlänge, und mit 72 cm langen Ärmeln.</p>
\n<p>In den Paßformen <span class=""a-text-bold"">Slim Fit</span> und in <span class=""a-text-bold"">Modern Fit</span> erhältlich.</p>";published;https://www.riesenhemd.com/wp-content/uploads/2019/06/Hemd-extra-langer-Arm-72-Ueberlaenge-Rom-4.jpg;;;;;;;;;;;Tops;;true;;;;art_4260581270827;43;4260581270827;4260581270827;100;false;false;;;;;;;;;75;;Fit;Modern Fit;Size;43;https://www.riesenhemd.com/wp-content/uploads/2019/06/Hemd-extra-langer-Arm-72-Ueberlaenge-Rom-4.jpg; https://www.riesenhemd.com/wp-content/uploads/2019/06/Hemd-extra-langer-Arm-72-cm-Überlaenge-RIESENHEMD-Rom-2.jpg;"{""size"": 43, ""chest_cm"": 127, ""waist_cm"": 123, ""front_length_cm"": 86, ""back_length_cm"": 96, ""sleeve_length_cm"": 72}";43;127;123;86;96;72
prod_14027;hemd-rom-72-cm-armlange-umschlagmanschette;Hemd Rom - 72 cm Armlänge - Umschlagmanschette;;"<p>Unser Hemd Rom – ein klassisches fein hellblau-weiß gestreiftes Bürohemd, das natürlich auch perfekt abends angezogen werden kann. Aus einem tollem Oxford Stoff, aus 100% Baumwolle.  Besonders elegant durch eine Umschlagmanschette.</p>
\n<p>Perfekt für sehr große Männer - in Überlänge, und mit 72 cm langen Ärmeln.</p>
\n<p>In den Paßformen <span class=""a-text-bold"">Slim Fit</span> und in <span class=""a-text-bold"">Modern Fit</span> erhältlich.</p>";published;https://www.riesenhemd.com/wp-content/uploads/2019/06/Hemd-extra-langer-Arm-72-Ueberlaenge-Rom-4.jpg;;;;;;;;;;;Tops;;true;;;;art_4260581270834;44;4260581270834;4260581270834;0;false;false;;;;;;;;;75;;Fit;Modern Fit;Size;44;https://www.riesenhemd.com/wp-content/uploads/2019/06/Hemd-extra-langer-Arm-72-Ueberlaenge-Rom-4.jpg; https://www.riesenhemd.com/wp-content/uploads/2019/06/Hemd-extra-langer-Arm-72-cm-Überlaenge-RIESENHEMD-Rom-2.jpg;"{""size"": 44, ""chest_cm"": 129, ""waist_cm"": 125, ""front_length_cm"": 86, ""back_length_cm"": 96, ""sleeve_length_cm"": 72}";44;129;125;86;96;72
prod_14027;hemd-rom-72-cm-armlange-umschlagmanschette;Hemd Rom - 72 cm Armlänge - Umschlagmanschette;;"<p>Unser Hemd Rom – ein klassisches fein hellblau-weiß gestreiftes Bürohemd, das natürlich auch perfekt abends angezogen werden kann. Aus einem tollem Oxford Stoff, aus 100% Baumwolle.  Besonders elegant durch eine Umschlagmanschette.</p>
\n<p>Perfekt für sehr große Männer - in Überlänge, und mit 72 cm langen Ärmeln.</p>
\n<p>In den Paßformen <span class=""a-text-bold"">Slim Fit</span> und in <span class=""a-text-bold"">Modern Fit</span> erhältlich.</p>";published;https://www.riesenhemd.com/wp-content/uploads/2019/06/Hemd-extra-langer-Arm-72-Ueberlaenge-Rom-4.jpg;;;;;;;;;;;Tops;;true;;;;art_4260581270841;45;4260581270841;4260581270841;100;false;false;;;;;;;;;75;;Fit;Modern Fit;Size;45;https://www.riesenhemd.com/wp-content/uploads/2019/06/Hemd-extra-langer-Arm-72-Ueberlaenge-Rom-4.jpg; https://www.riesenhemd.com/wp-content/uploads/2019/06/Hemd-extra-langer-Arm-72-cm-Überlaenge-RIESENHEMD-Rom-2.jpg;"{""size"": 45, ""chest_cm"": 131, ""waist_cm"": 127, ""front_length_cm"": 87, ""back_length_cm"": 97, ""sleeve_length_cm"": 72}";45;131;127;87;97;72
prod_14027;hemd-rom-72-cm-armlange-umschlagmanschette;Hemd Rom - 72 cm Armlänge - Umschlagmanschette;;"<p>Unser Hemd Rom – ein klassisches fein hellblau-weiß gestreiftes Bürohemd, das natürlich auch perfekt abends angezogen werden kann. Aus einem tollem Oxford Stoff, aus 100% Baumwolle.  Besonders elegant durch eine Umschlagmanschette.</p>
\n<p>Perfekt für sehr große Männer - in Überlänge, und mit 72 cm langen Ärmeln.</p>
\n<p>In den Paßformen <span class=""a-text-bold"">Slim Fit</span> und in <span class=""a-text-bold"">Modern Fit</span> erhältlich.</p>";published;https://www.riesenhemd.com/wp-content/uploads/2019/06/Hemd-extra-langer-Arm-72-Ueberlaenge-Rom-4.jpg;;;;;;;;;;;Tops;;true;;;;art_4260581270858;46;4260581270858;4260581270858;0;false;false;;;;;;;;;75;;Fit;Modern Fit;Size;46;https://www.riesenhemd.com/wp-content/uploads/2019/06/Hemd-extra-langer-Arm-72-Ueberlaenge-Rom-4.jpg; https://www.riesenhemd.com/wp-content/uploads/2019/06/Hemd-extra-langer-Arm-72-cm-Überlaenge-RIESENHEMD-Rom-2.jpg;"{""size"": 46, ""chest_cm"": 133, ""waist_cm"": 129, ""front_length_cm"": 87, ""back_length_cm"": 97, ""sleeve_length_cm"": 72}";46;133;129;87;97;72
prod_14027;hemd-rom-72-cm-armlange-umschlagmanschette;Hemd Rom - 72 cm Armlänge - Umschlagmanschette;;"<p>Unser Hemd Rom – ein klassisches fein hellblau-weiß gestreiftes Bürohemd, das natürlich auch perfekt abends angezogen werden kann. Aus einem tollem Oxford Stoff, aus 100% Baumwolle.  Besonders elegant durch eine Umschlagmanschette.</p>
\n<p>Perfekt für sehr große Männer - in Überlänge, und mit 72 cm langen Ärmeln.</p>
\n<p>In den Paßformen <span class=""a-text-bold"">Slim Fit</span> und in <span class=""a-text-bold"">Modern Fit</span> erhältlich.</p>";published;https://www.riesenhemd.com/wp-content/uploads/2019/06/Hemd-extra-langer-Arm-72-Ueberlaenge-Rom-4.jpg;;;;;;;;;;;Tops;;true;;;;art_4260581271602;39;4260581271602;4260581271602;100;false;false;;;;;;;;;75;;Fit;Slim Fit;Size;39;https://www.riesenhemd.com/wp-content/uploads/2019/06/Hemd-extra-langer-Arm-72-Ueberlaenge-Rom-4.jpg; https://www.riesenhemd.com/wp-content/uploads/2019/06/Hemd-extra-langer-Arm-72-cm-Überlaenge-RIESENHEMD-Rom-2.jpg;"{""size"": 39, ""chest_cm"": 108, ""waist_cm"": 100, ""front_length_cm"": 85, ""back_length_cm"": 95, ""sleeve_length_cm"": 72}";39;108;100;85;95;72
prod_14027;hemd-rom-72-cm-armlange-umschlagmanschette;Hemd Rom - 72 cm Armlänge - Umschlagmanschette;;"<p>Unser Hemd Rom – ein klassisches fein hellblau-weiß gestreiftes Bürohemd, das natürlich auch perfekt abends angezogen werden kann. Aus einem tollem Oxford Stoff, aus 100% Baumwolle.  Besonders elegant durch eine Umschlagmanschette.</p>
\n<p>Perfekt für sehr große Männer - in Überlänge, und mit 72 cm langen Ärmeln.</p>
\n<p>In den Paßformen <span class=""a-text-bold"">Slim Fit</span> und in <span class=""a-text-bold"">Modern Fit</span> erhältlich.</p>";published;https://www.riesenhemd.com/wp-content/uploads/2019/06/Hemd-extra-langer-Arm-72-Ueberlaenge-Rom-4.jpg;;;;;;;;;;;Tops;;true;;;;art_4260581271619;40;4260581271619;4260581271619;100;false;false;;;;;;;;;75;;Fit;Slim Fit;Size;40;https://www.riesenhemd.com/wp-content/uploads/2019/06/Hemd-extra-langer-Arm-72-Ueberlaenge-Rom-4.jpg; https://www.riesenhemd.com/wp-content/uploads/2019/06/Hemd-extra-langer-Arm-72-cm-Überlaenge-RIESENHEMD-Rom-2.jpg;"{""size"": 40, ""chest_cm"": 111, ""waist_cm"": 103, ""front_length_cm"": 85, ""back_length_cm"": 95, ""sleeve_length_cm"": 72}";40;111;103;85;95;72
prod_14027;hemd-rom-72-cm-armlange-umschlagmanschette;Hemd Rom - 72 cm Armlänge - Umschlagmanschette;;"<p>Unser Hemd Rom – ein klassisches fein hellblau-weiß gestreiftes Bürohemd, das natürlich auch perfekt abends angezogen werden kann. Aus einem tollem Oxford Stoff, aus 100% Baumwolle.  Besonders elegant durch eine Umschlagmanschette.</p>
\n<p>Perfekt für sehr große Männer - in Überlänge, und mit 72 cm langen Ärmeln.</p>
\n<p>In den Paßformen <span class=""a-text-bold"">Slim Fit</span> und in <span class=""a-text-bold"">Modern Fit</span> erhältlich.</p>";published;https://www.riesenhemd.com/wp-content/uploads/2019/06/Hemd-extra-langer-Arm-72-Ueberlaenge-Rom-4.jpg;;;;;;;;;;;Tops;;true;;;;art_4260581271626;41;4260581271626;4260581271626;100;false;false;;;;;;;;;75;;Fit;Slim Fit;Size;41;https://www.riesenhemd.com/wp-content/uploads/2019/06/Hemd-extra-langer-Arm-72-Ueberlaenge-Rom-4.jpg; https://www.riesenhemd.com/wp-content/uploads/2019/06/Hemd-extra-langer-Arm-72-cm-Überlaenge-RIESENHEMD-Rom-2.jpg;"{""size"": 41, ""chest_cm"": 115, ""waist_cm"": 107, ""front_length_cm"": 85, ""back_length_cm"": 95, ""sleeve_length_cm"": 72}";41;115;107;85;95;72
prod_14027;hemd-rom-72-cm-armlange-umschlagmanschette;Hemd Rom - 72 cm Armlänge - Umschlagmanschette;;"<p>Unser Hemd Rom – ein klassisches fein hellblau-weiß gestreiftes Bürohemd, das natürlich auch perfekt abends angezogen werden kann. Aus einem tollem Oxford Stoff, aus 100% Baumwolle.  Besonders elegant durch eine Umschlagmanschette.</p>
\n<p>Perfekt für sehr große Männer - in Überlänge, und mit 72 cm langen Ärmeln.</p>
\n<p>In den Paßformen <span class=""a-text-bold"">Slim Fit</span> und in <span class=""a-text-bold"">Modern Fit</span> erhältlich.</p>";published;https://www.riesenhemd.com/wp-content/uploads/2019/06/Hemd-extra-langer-Arm-72-Ueberlaenge-Rom-4.jpg;;;;;;;;;;;Tops;;true;;;;art_4260581271633;42;4260581271633;4260581271633;100;false;false;;;;;;;;;75;;Fit;Slim Fit;Size;42;https://www.riesenhemd.com/wp-content/uploads/2019/06/Hemd-extra-langer-Arm-72-Ueberlaenge-Rom-4.jpg; https://www.riesenhemd.com/wp-content/uploads/2019/06/Hemd-extra-langer-Arm-72-cm-Überlaenge-RIESENHEMD-Rom-2.jpg;"{""size"": 42, ""chest_cm"": 118, ""waist_cm"": 110, ""front_length_cm"": 85, ""back_length_cm"": 95, ""sleeve_length_cm"": 72}";42;118;110;85;95;72
prod_14027;hemd-rom-72-cm-armlange-umschlagmanschette;Hemd Rom - 72 cm Armlänge - Umschlagmanschette;;"<p>Unser Hemd Rom – ein klassisches fein hellblau-weiß gestreiftes Bürohemd, das natürlich auch perfekt abends angezogen werden kann. Aus einem tollem Oxford Stoff, aus 100% Baumwolle.  Besonders elegant durch eine Umschlagmanschette.</p>
\n<p>Perfekt für sehr große Männer - in Überlänge, und mit 72 cm langen Ärmeln.</p>
\n<p>In den Paßformen <span class=""a-text-bold"">Slim Fit</span> und in <span class=""a-text-bold"">Modern Fit</span> erhältlich.</p>";published;https://www.riesenhemd.com/wp-content/uploads/2019/06/Hemd-extra-langer-Arm-72-Ueberlaenge-Rom-4.jpg;;;;;;;;;;;Tops;;true;;;;art_4260581271640;43;4260581271640;4260581271640;100;false;false;;;;;;;;;75;;Fit;Slim Fit;Size;43;https://www.riesenhemd.com/wp-content/uploads/2019/06/Hemd-extra-langer-Arm-72-Ueberlaenge-Rom-4.jpg; https://www.riesenhemd.com/wp-content/uploads/2019/06/Hemd-extra-langer-Arm-72-cm-Überlaenge-RIESENHEMD-Rom-2.jpg;"{""size"": 43, ""chest_cm"": 121, ""waist_cm"": 113, ""front_length_cm"": 86, ""back_length_cm"": 96, ""sleeve_length_cm"": 72}";43;121;113;86;96;72
prod_15092;hemd-zurich-72-cm-armlange;Hemd Zürich - 72 cm Armlänge;;"<p>Unser Hemd Zürich – ein klassisches hell-blaues Bürohemd, das natürlich auch wunderbar abends angezogen werden kann. Aus einem tollem Stoff mit dezentem Fischgräten-Muster, aus 100% Baumwolle. Perfekt auch für das Home Office.</p>
\n<p>Entworfen für sehr große Männer - in Überlänge, und mit 72 cm langen Ärmeln.</p>
\n<p>In den Paßformen <span class=""a-text-bold"">Slim Fit</span> und in <span class=""a-text-bold"">Modern Fit</span> erhältlich.</p>";published;https://www.riesenhemd.com/wp-content/uploads/2018/11/Hemd-extra-langer-Arm-72-cm-Überlaenge-RIESENHEMD-Zuerich-5.jpg;;;;;;;;;;;Tops;;true;;;;art_4260581270209;41;4260581270209;4260581270209;0;false;false;;;;;;;;;75;;Fit;Modern Fit;Size;41;https://www.riesenhemd.com/wp-content/uploads/2018/11/Hemd-extra-langer-Arm-72-cm-Überlaenge-RIESENHEMD-Zuerich-5.jpg; https://www.riesenhemd.com/wp-content/uploads/2018/11/Hemd-extra-langer-Arm-72-cm-Überlaenge-RIESENHEMD-Zuerich-3.jpg;"{""size"": 41, ""chest_cm"": 122, ""waist_cm"": 118, ""front_length_cm"": 85, ""back_length_cm"": 95, ""sleeve_length_cm"": 72}";41;122;118;85;95;72
prod_15092;hemd-zurich-72-cm-armlange;Hemd Zürich - 72 cm Armlänge;;"<p>Unser Hemd Zürich – ein klassisches hell-blaues Bürohemd, das natürlich auch wunderbar abends angezogen werden kann. Aus einem tollem Stoff mit dezentem Fischgräten-Muster, aus 100% Baumwolle. Perfekt auch für das Home Office.</p>
\n<p>Entworfen für sehr große Männer - in Überlänge, und mit 72 cm langen Ärmeln.</p>
\n<p>In den Paßformen <span class=""a-text-bold"">Slim Fit</span> und in <span class=""a-text-bold"">Modern Fit</span> erhältlich.</p>";published;https://www.riesenhemd.com/wp-content/uploads/2018/11/Hemd-extra-langer-Arm-72-cm-Überlaenge-RIESENHEMD-Zuerich-5.jpg;;;;;;;;;;;Tops;;true;;;;art_4260581270216;42;4260581270216;4260581270216;100;false;false;;;;;;;;;75;;Fit;Modern Fit;Size;42;https://www.riesenhemd.com/wp-content/uploads/2018/11/Hemd-extra-langer-Arm-72-cm-Überlaenge-RIESENHEMD-Zuerich-5.jpg; https://www.riesenhemd.com/wp-content/uploads/2018/11/Hemd-extra-langer-Arm-72-cm-Überlaenge-RIESENHEMD-Zuerich-3.jpg;"{""size"": 42, ""chest_cm"": 125, ""waist_cm"": 121, ""front_length_cm"": 85, ""back_length_cm"": 95, ""sleeve_length_cm"": 72}";42;125;121;85;95;72
prod_15092;hemd-zurich-72-cm-armlange;Hemd Zürich - 72 cm Armlänge;;"<p>Unser Hemd Zürich – ein klassisches hell-blaues Bürohemd, das natürlich auch wunderbar abends angezogen werden kann. Aus einem tollem Stoff mit dezentem Fischgräten-Muster, aus 100% Baumwolle. Perfekt auch für das Home Office.</p>
\n<p>Entworfen für sehr große Männer - in Überlänge, und mit 72 cm langen Ärmeln.</p>
\n<p>In den Paßformen <span class=""a-text-bold"">Slim Fit</span> und in <span class=""a-text-bold"">Modern Fit</span> erhältlich.</p>";published;https://www.riesenhemd.com/wp-content/uploads/2018/11/Hemd-extra-langer-Arm-72-cm-Überlaenge-RIESENHEMD-Zuerich-5.jpg;;;;;;;;;;;Tops;;true;;;;art_4260581270223;43;4260581270223;4260581270223;100;false;false;;;;;;;;;75;;Fit;Modern Fit;Size;43;https://www.riesenhemd.com/wp-content/uploads/2018/11/Hemd-extra-langer-Arm-72-cm-Überlaenge-RIESENHEMD-Zuerich-5.jpg; https://www.riesenhemd.com/wp-content/uploads/2018/11/Hemd-extra-langer-Arm-72-cm-Überlaenge-RIESENHEMD-Zuerich-3.jpg;"{""size"": 43, ""chest_cm"": 127, ""waist_cm"": 123, ""front_length_cm"": 86, ""back_length_cm"": 96, ""sleeve_length_cm"": 72}";43;127;123;86;96;72
prod_15092;hemd-zurich-72-cm-armlange;Hemd Zürich - 72 cm Armlänge;;"<p>Unser Hemd Zürich – ein klassisches hell-blaues Bürohemd, das natürlich auch wunderbar abends angezogen werden kann. Aus einem tollem Stoff mit dezentem Fischgräten-Muster, aus 100% Baumwolle. Perfekt auch für das Home Office.</p>
\n<p>Entworfen für sehr große Männer - in Überlänge, und mit 72 cm langen Ärmeln.</p>
\n<p>In den Paßformen <span class=""a-text-bold"">Slim Fit</span> und in <span class=""a-text-bold"">Modern Fit</span> erhältlich.</p>";published;https://www.riesenhemd.com/wp-content/uploads/2018/11/Hemd-extra-langer-Arm-72-cm-Überlaenge-RIESENHEMD-Zuerich-5.jpg;;;;;;;;;;;Tops;;true;;;;art_4260581270230;44;4260581270230;4260581270230;100;false;false;;;;;;;;;75;;Fit;Modern Fit;Size;44;https://www.riesenhemd.com/wp-content/uploads/2018/11/Hemd-extra-langer-Arm-72-cm-Überlaenge-RIESENHEMD-Zuerich-5.jpg; https://www.riesenhemd.com/wp-content/uploads/2018/11/Hemd-extra-langer-Arm-72-cm-Überlaenge-RIESENHEMD-Zuerich-3.jpg;"{""size"": 44, ""chest_cm"": 129, ""waist_cm"": 125, ""front_length_cm"": 86, ""back_length_cm"": 96, ""sleeve_length_cm"": 72}";44;129;125;86;96;72
prod_15092;hemd-zurich-72-cm-armlange;Hemd Zürich - 72 cm Armlänge;;"<p>Unser Hemd Zürich – ein klassisches hell-blaues Bürohemd, das natürlich auch wunderbar abends angezogen werden kann. Aus einem tollem Stoff mit dezentem Fischgräten-Muster, aus 100% Baumwolle. Perfekt auch für das Home Office.</p>
\n<p>Entworfen für sehr große Männer - in Überlänge, und mit 72 cm langen Ärmeln.</p>
\n<p>In den Paßformen <span class=""a-text-bold"">Slim Fit</span> und in <span class=""a-text-bold"">Modern Fit</span> erhältlich.</p>";published;https://www.riesenhemd.com/wp-content/uploads/2018/11/Hemd-extra-langer-Arm-72-cm-Überlaenge-RIESENHEMD-Zuerich-5.jpg;;;;;;;;;;;Tops;;true;;;;art_4260581271404;39;4260581271404;4260581271404;100;false;false;;;;;;;;;75;;Fit;Slim Fit;Size;39;https://www.riesenhemd.com/wp-content/uploads/2018/11/Hemd-extra-langer-Arm-72-cm-Überlaenge-RIESENHEMD-Zuerich-5.jpg; https://www.riesenhemd.com/wp-content/uploads/2018/11/Hemd-extra-langer-Arm-72-cm-Überlaenge-RIESENHEMD-Zuerich-3.jpg;"{""size"": 39, ""chest_cm"": 108, ""waist_cm"": 100, ""front_length_cm"": 85, ""back_length_cm"": 95, ""sleeve_length_cm"": 72}";39;108;100;85;95;72
prod_15092;hemd-zurich-72-cm-armlange;Hemd Zürich - 72 cm Armlänge;;"<p>Unser Hemd Zürich – ein klassisches hell-blaues Bürohemd, das natürlich auch wunderbar abends angezogen werden kann. Aus einem tollem Stoff mit dezentem Fischgräten-Muster, aus 100% Baumwolle. Perfekt auch für das Home Office.</p>
\n<p>Entworfen für sehr große Männer - in Überlänge, und mit 72 cm langen Ärmeln.</p>
\n<p>In den Paßformen <span class=""a-text-bold"">Slim Fit</span> und in <span class=""a-text-bold"">Modern Fit</span> erhältlich.</p>";published;https://www.riesenhemd.com/wp-content/uploads/2018/11/Hemd-extra-langer-Arm-72-cm-Überlaenge-RIESENHEMD-Zuerich-5.jpg;;;;;;;;;;;Tops;;true;;;;art_4260581271411;40;4260581271411;4260581271411;100;false;false;;;;;;;;;75;;Fit;Slim Fit;Size;40;https://www.riesenhemd.com/wp-content/uploads/2018/11/Hemd-extra-langer-Arm-72-cm-Überlaenge-RIESENHEMD-Zuerich-5.jpg; https://www.riesenhemd.com/wp-content/uploads/2018/11/Hemd-extra-langer-Arm-72-cm-Überlaenge-RIESENHEMD-Zuerich-3.jpg;"{""size"": 40, ""chest_cm"": 111, ""waist_cm"": 103, ""front_length_cm"": 85, ""back_length_cm"": 95, ""sleeve_length_cm"": 72}";40;111;103;85;95;72
prod_15092;hemd-zurich-72-cm-armlange;Hemd Zürich - 72 cm Armlänge;;"<p>Unser Hemd Zürich – ein klassisches hell-blaues Bürohemd, das natürlich auch wunderbar abends angezogen werden kann. Aus einem tollem Stoff mit dezentem Fischgräten-Muster, aus 100% Baumwolle. Perfekt auch für das Home Office.</p>
\n<p>Entworfen für sehr große Männer - in Überlänge, und mit 72 cm langen Ärmeln.</p>
\n<p>In den Paßformen <span class=""a-text-bold"">Slim Fit</span> und in <span class=""a-text-bold"">Modern Fit</span> erhältlich.</p>";published;https://www.riesenhemd.com/wp-content/uploads/2018/11/Hemd-extra-langer-Arm-72-cm-Überlaenge-RIESENHEMD-Zuerich-5.jpg;;;;;;;;;;;Tops;;true;;;;art_4260581271428;41;4260581271428;4260581271428;100;false;false;;;;;;;;;75;;Fit;Slim Fit;Size;41;https://www.riesenhemd.com/wp-content/uploads/2018/11/Hemd-extra-langer-Arm-72-cm-Überlaenge-RIESENHEMD-Zuerich-5.jpg; https://www.riesenhemd.com/wp-content/uploads/2018/11/Hemd-extra-langer-Arm-72-cm-Überlaenge-RIESENHEMD-Zuerich-3.jpg;"{""size"": 41, ""chest_cm"": 115, ""waist_cm"": 107, ""front_length_cm"": 85, ""back_length_cm"": 95, ""sleeve_length_cm"": 72}";41;115;107;85;95;72
prod_15092;hemd-zurich-72-cm-armlange;Hemd Zürich - 72 cm Armlänge;;"<p>Unser Hemd Zürich – ein klassisches hell-blaues Bürohemd, das natürlich auch wunderbar abends angezogen werden kann. Aus einem tollem Stoff mit dezentem Fischgräten-Muster, aus 100% Baumwolle. Perfekt auch für das Home Office.</p>
\n<p>Entworfen für sehr große Männer - in Überlänge, und mit 72 cm langen Ärmeln.</p>
\n<p>In den Paßformen <span class=""a-text-bold"">Slim Fit</span> und in <span class=""a-text-bold"">Modern Fit</span> erhältlich.</p>";published;https://www.riesenhemd.com/wp-content/uploads/2018/11/Hemd-extra-langer-Arm-72-cm-Überlaenge-RIESENHEMD-Zuerich-5.jpg;;;;;;;;;;;Tops;;true;;;;art_4260581271435;42;4260581271435;4260581271435;100;false;false;;;;;;;;;75;;Fit;Slim Fit;Size;42;https://www.riesenhemd.com/wp-content/uploads/2018/11/Hemd-extra-langer-Arm-72-cm-Überlaenge-RIESENHEMD-Zuerich-5.jpg; https://www.riesenhemd.com/wp-content/uploads/2018/11/Hemd-extra-langer-Arm-72-cm-Überlaenge-RIESENHEMD-Zuerich-3.jpg;"{""size"": 42, ""chest_cm"": 118, ""waist_cm"": 110, ""front_length_cm"": 85, ""back_length_cm"": 95, ""sleeve_length_cm"": 72}";42;118;110;85;95;72
prod_15092;hemd-zurich-72-cm-armlange;Hemd Zürich - 72 cm Armlänge;;"<p>Unser Hemd Zürich – ein klassisches hell-blaues Bürohemd, das natürlich auch wunderbar abends angezogen werden kann. Aus einem tollem Stoff mit dezentem Fischgräten-Muster, aus 100% Baumwolle. Perfekt auch für das Home Office.</p>
\n<p>Entworfen für sehr große Männer - in Überlänge, und mit 72 cm langen Ärmeln.</p>
\n<p>In den Paßformen <span class=""a-text-bold"">Slim Fit</span> und in <span class=""a-text-bold"">Modern Fit</span> erhältlich.</p>";published;https://www.riesenhemd.com/wp-content/uploads/2018/11/Hemd-extra-langer-Arm-72-cm-Überlaenge-RIESENHEMD-Zuerich-5.jpg;;;;;;;;;;;Tops;;true;;;;art_4260581271442;43;4260581271442;4260581271442;100;false;false;;;;;;;;;75;;Fit;Slim Fit;Size;43;https://www.riesenhemd.com/wp-content/uploads/2018/11/Hemd-extra-langer-Arm-72-cm-Überlaenge-RIESENHEMD-Zuerich-5.jpg; https://www.riesenhemd.com/wp-content/uploads/2018/11/Hemd-extra-langer-Arm-72-cm-Überlaenge-RIESENHEMD-Zuerich-3.jpg;"{""size"": 43, ""chest_cm"": 121, ""waist_cm"": 113, ""front_length_cm"": 86, ""back_length_cm"": 96, ""sleeve_length_cm"": 72}";43;121;113;86;96;72
prod_15144;hemd-paris-72-cm-armlange-umschlagmanschette;Hemd Paris - 72 cm Armlänge - Umschlagmanschette;;"<div class=""woocommerce-product-details__short-description"">
\n<p>Unser Hemd Paris – ein klassisches weißes Bürohemd, das natürlich auch perfekt abends angezogen werden kann. Aus einem tollem Fil-à-fil Stoff, aus 100% Baumwolle. Und sogar bügelleicht. Besonders elegant durch eine Umschlagmanschette.</p>
\n<p>Perfekt für sehr große Männer - in Überlänge, und mit 72 cm langen Ärmeln.</p>
\n</div>
\n<p>In den Paßformen <span class=""a-text-bold"">Slim Fit</span> und in <span class=""a-text-bold"">Modern Fit</span> erhältlich.</p>";published;https://www.riesenhemd.com/wp-content/uploads/2018/11/Hemd-extra-langer-Arm-72-cm-Überlaenge-RIESENHEMD-Paris-4.jpg;;;;;;;;;;;Tops;;true;;;;art_4260581270001;41;4260581270001;4260581270001;100;false;false;;;;;;;;;75;;Fit;Modern Fit;Size;41;https://www.riesenhemd.com/wp-content/uploads/2018/11/Hemd-extra-langer-Arm-72-cm-Überlaenge-RIESENHEMD-Paris-4.jpg; https://www.riesenhemd.com/wp-content/uploads/2018/11/Hemd-extra-langer-Arm-72-cm-Überlaenge-RIESENHEMD-Paris-3.jpg;"{""size"": 41, ""chest_cm"": 122, ""waist_cm"": 118, ""front_length_cm"": 85, ""back_length_cm"": 95, ""sleeve_length_cm"": 72}";41;122;118;85;95;72
prod_15144;hemd-paris-72-cm-armlange-umschlagmanschette;Hemd Paris - 72 cm Armlänge - Umschlagmanschette;;"<div class=""woocommerce-product-details__short-description"">
\n<p>Unser Hemd Paris – ein klassisches weißes Bürohemd, das natürlich auch perfekt abends angezogen werden kann. Aus einem tollem Fil-à-fil Stoff, aus 100% Baumwolle. Und sogar bügelleicht. Besonders elegant durch eine Umschlagmanschette.</p>
\n<p>Perfekt für sehr große Männer - in Überlänge, und mit 72 cm langen Ärmeln.</p>
\n</div>
\n<p>In den Paßformen <span class=""a-text-bold"">Slim Fit</span> und in <span class=""a-text-bold"">Modern Fit</span> erhältlich.</p>";published;https://www.riesenhemd.com/wp-content/uploads/2018/11/Hemd-extra-langer-Arm-72-cm-Überlaenge-RIESENHEMD-Paris-4.jpg;;;;;;;;;;;Tops;;true;;;;art_4260581270018;42;4260581270018;4260581270018;100;false;false;;;;;;;;;75;;Fit;Modern Fit;Size;42;https://www.riesenhemd.com/wp-content/uploads/2018/11/Hemd-extra-langer-Arm-72-cm-Überlaenge-RIESENHEMD-Paris-4.jpg; https://www.riesenhemd.com/wp-content/uploads/2018/11/Hemd-extra-langer-Arm-72-cm-Überlaenge-RIESENHEMD-Paris-3.jpg;"{""size"": 42, ""chest_cm"": 125, ""waist_cm"": 121, ""front_length_cm"": 85, ""back_length_cm"": 95, ""sleeve_length_cm"": 72}";42;125;121;85;95;72
prod_15144;hemd-paris-72-cm-armlange-umschlagmanschette;Hemd Paris - 72 cm Armlänge - Umschlagmanschette;;"<div class=""woocommerce-product-details__short-description"">
\n<p>Unser Hemd Paris – ein klassisches weißes Bürohemd, das natürlich auch perfekt abends angezogen werden kann. Aus einem tollem Fil-à-fil Stoff, aus 100% Baumwolle. Und sogar bügelleicht. Besonders elegant durch eine Umschlagmanschette.</p>
\n<p>Perfekt für sehr große Männer - in Überlänge, und mit 72 cm langen Ärmeln.</p>
\n</div>
\n<p>In den Paßformen <span class=""a-text-bold"">Slim Fit</span> und in <span class=""a-text-bold"">Modern Fit</span> erhältlich.</p>";published;https://www.riesenhemd.com/wp-content/uploads/2018/11/Hemd-extra-langer-Arm-72-cm-Überlaenge-RIESENHEMD-Paris-4.jpg;;;;;;;;;;;Tops;;true;;;;art_4260581270025;43;4260581270025;4260581270025;100;false;false;;;;;;;;;75;;Fit;Modern Fit;Size;43;https://www.riesenhemd.com/wp-content/uploads/2018/11/Hemd-extra-langer-Arm-72-cm-Überlaenge-RIESENHEMD-Paris-4.jpg; https://www.riesenhemd.com/wp-content/uploads/2018/11/Hemd-extra-langer-Arm-72-cm-Überlaenge-RIESENHEMD-Paris-3.jpg;"{""size"": 43, ""chest_cm"": 127, ""waist_cm"": 123, ""front_length_cm"": 86, ""back_length_cm"": 96, ""sleeve_length_cm"": 72}";43;127;123;86;96;72
prod_15144;hemd-paris-72-cm-armlange-umschlagmanschette;Hemd Paris - 72 cm Armlänge - Umschlagmanschette;;"<div class=""woocommerce-product-details__short-description"">
\n<p>Unser Hemd Paris – ein klassisches weißes Bürohemd, das natürlich auch perfekt abends angezogen werden kann. Aus einem tollem Fil-à-fil Stoff, aus 100% Baumwolle. Und sogar bügelleicht. Besonders elegant durch eine Umschlagmanschette.</p>
\n<p>Perfekt für sehr große Männer - in Überlänge, und mit 72 cm langen Ärmeln.</p>
\n</div>
\n<p>In den Paßformen <span class=""a-text-bold"">Slim Fit</span> und in <span class=""a-text-bold"">Modern Fit</span> erhältlich.</p>";published;https://www.riesenhemd.com/wp-content/uploads/2018/11/Hemd-extra-langer-Arm-72-cm-Überlaenge-RIESENHEMD-Paris-4.jpg;;;;;;;;;;;Tops;;true;;;;art_4260581270032;44;4260581270032;4260581270032;0;false;false;;;;;;;;;75;;Fit;Modern Fit;Size;44;https://www.riesenhemd.com/wp-content/uploads/2018/11/Hemd-extra-langer-Arm-72-cm-Überlaenge-RIESENHEMD-Paris-4.jpg; https://www.riesenhemd.com/wp-content/uploads/2018/11/Hemd-extra-langer-Arm-72-cm-Überlaenge-RIESENHEMD-Paris-3.jpg;"{""size"": 44, ""chest_cm"": 129, ""waist_cm"": 125, ""front_length_cm"": 86, ""back_length_cm"": 96, ""sleeve_length_cm"": 72}";44;129;125;86;96;72
prod_15144;hemd-paris-72-cm-armlange-umschlagmanschette;Hemd Paris - 72 cm Armlänge - Umschlagmanschette;;"<div class=""woocommerce-product-details__short-description"">
\n<p>Unser Hemd Paris – ein klassisches weißes Bürohemd, das natürlich auch perfekt abends angezogen werden kann. Aus einem tollem Fil-à-fil Stoff, aus 100% Baumwolle. Und sogar bügelleicht. Besonders elegant durch eine Umschlagmanschette.</p>
\n<p>Perfekt für sehr große Männer - in Überlänge, und mit 72 cm langen Ärmeln.</p>
\n</div>
\n<p>In den Paßformen <span class=""a-text-bold"">Slim Fit</span> und in <span class=""a-text-bold"">Modern Fit</span> erhältlich.</p>";published;https://www.riesenhemd.com/wp-content/uploads/2018/11/Hemd-extra-langer-Arm-72-cm-Überlaenge-RIESENHEMD-Paris-4.jpg;;;;;;;;;;;Tops;;true;;;;art_4260581270049;45;4260581270049;4260581270049;0;false;false;;;;;;;;;75;;Fit;Modern Fit;Size;45;https://www.riesenhemd.com/wp-content/uploads/2018/11/Hemd-extra-langer-Arm-72-cm-Überlaenge-RIESENHEMD-Paris-4.jpg; https://www.riesenhemd.com/wp-content/uploads/2018/11/Hemd-extra-langer-Arm-72-cm-Überlaenge-RIESENHEMD-Paris-3.jpg;"{""size"": 45, ""chest_cm"": 131, ""waist_cm"": 127, ""front_length_cm"": 87, ""back_length_cm"": 97, ""sleeve_length_cm"": 72}";45;131;127;87;97;72
prod_15144;hemd-paris-72-cm-armlange-umschlagmanschette;Hemd Paris - 72 cm Armlänge - Umschlagmanschette;;"<div class=""woocommerce-product-details__short-description"">
\n<p>Unser Hemd Paris – ein klassisches weißes Bürohemd, das natürlich auch perfekt abends angezogen werden kann. Aus einem tollem Fil-à-fil Stoff, aus 100% Baumwolle. Und sogar bügelleicht. Besonders elegant durch eine Umschlagmanschette.</p>
\n<p>Perfekt für sehr große Männer - in Überlänge, und mit 72 cm langen Ärmeln.</p>
\n</div>
\n<p>In den Paßformen <span class=""a-text-bold"">Slim Fit</span> und in <span class=""a-text-bold"">Modern Fit</span> erhältlich.</p>";published;https://www.riesenhemd.com/wp-content/uploads/2018/11/Hemd-extra-langer-Arm-72-cm-Überlaenge-RIESENHEMD-Paris-4.jpg;;;;;;;;;;;Tops;;true;;;;art_4260581270056;46;4260581270056;4260581270056;100;false;false;;;;;;;;;75;;Fit;Modern Fit;Size;46;https://www.riesenhemd.com/wp-content/uploads/2018/11/Hemd-extra-langer-Arm-72-cm-Überlaenge-RIESENHEMD-Paris-4.jpg; https://www.riesenhemd.com/wp-content/uploads/2018/11/Hemd-extra-langer-Arm-72-cm-Überlaenge-RIESENHEMD-Paris-3.jpg;"{""size"": 46, ""chest_cm"": 133, ""waist_cm"": 129, ""front_length_cm"": 87, ""back_length_cm"": 97, ""sleeve_length_cm"": 72}";46;133;129;87;97;72
prod_15144;hemd-paris-72-cm-armlange-umschlagmanschette;Hemd Paris - 72 cm Armlänge - Umschlagmanschette;;"<div class=""woocommerce-product-details__short-description"">
\n<p>Unser Hemd Paris – ein klassisches weißes Bürohemd, das natürlich auch perfekt abends angezogen werden kann. Aus einem tollem Fil-à-fil Stoff, aus 100% Baumwolle. Und sogar bügelleicht. Besonders elegant durch eine Umschlagmanschette.</p>
\n<p>Perfekt für sehr große Männer - in Überlänge, und mit 72 cm langen Ärmeln.</p>
\n</div>
\n<p>In den Paßformen <span class=""a-text-bold"">Slim Fit</span> und in <span class=""a-text-bold"">Modern Fit</span> erhältlich.</p>";published;https://www.riesenhemd.com/wp-content/uploads/2018/11/Hemd-extra-langer-Arm-72-cm-Überlaenge-RIESENHEMD-Paris-4.jpg;;;;;;;;;;;Tops;;true;;;;art_4260581271503;39;4260581271503;4260581271503;100;false;false;;;;;;;;;75;;Fit;Slim Fit;Size;39;https://www.riesenhemd.com/wp-content/uploads/2018/11/Hemd-extra-langer-Arm-72-cm-Überlaenge-RIESENHEMD-Paris-4.jpg; https://www.riesenhemd.com/wp-content/uploads/2018/11/Hemd-extra-langer-Arm-72-cm-Überlaenge-RIESENHEMD-Paris-3.jpg;"{""size"": 39, ""chest_cm"": 108, ""waist_cm"": 100, ""front_length_cm"": 85, ""back_length_cm"": 95, ""sleeve_length_cm"": 72}";39;108;100;85;95;72
prod_15144;hemd-paris-72-cm-armlange-umschlagmanschette;Hemd Paris - 72 cm Armlänge - Umschlagmanschette;;"<div class=""woocommerce-product-details__short-description"">
\n<p>Unser Hemd Paris – ein klassisches weißes Bürohemd, das natürlich auch perfekt abends angezogen werden kann. Aus einem tollem Fil-à-fil Stoff, aus 100% Baumwolle. Und sogar bügelleicht. Besonders elegant durch eine Umschlagmanschette.</p>
\n<p>Perfekt für sehr große Männer - in Überlänge, und mit 72 cm langen Ärmeln.</p>
\n</div>
\n<p>In den Paßformen <span class=""a-text-bold"">Slim Fit</span> und in <span class=""a-text-bold"">Modern Fit</span> erhältlich.</p>";published;https://www.riesenhemd.com/wp-content/uploads/2018/11/Hemd-extra-langer-Arm-72-cm-Überlaenge-RIESENHEMD-Paris-4.jpg;;;;;;;;;;;Tops;;true;;;;art_4260581271510;40;4260581271510;4260581271510;100;false;false;;;;;;;;;75;;Fit;Slim Fit;Size;40;https://www.riesenhemd.com/wp-content/uploads/2018/11/Hemd-extra-langer-Arm-72-cm-Überlaenge-RIESENHEMD-Paris-4.jpg; https://www.riesenhemd.com/wp-content/uploads/2018/11/Hemd-extra-langer-Arm-72-cm-Überlaenge-RIESENHEMD-Paris-3.jpg;"{""size"": 40, ""chest_cm"": 111, ""waist_cm"": 103, ""front_length_cm"": 85, ""back_length_cm"": 95, ""sleeve_length_cm"": 72}";40;111;103;85;95;72
prod_15144;hemd-paris-72-cm-armlange-umschlagmanschette;Hemd Paris - 72 cm Armlänge - Umschlagmanschette;;"<div class=""woocommerce-product-details__short-description"">
\n<p>Unser Hemd Paris – ein klassisches weißes Bürohemd, das natürlich auch perfekt abends angezogen werden kann. Aus einem tollem Fil-à-fil Stoff, aus 100% Baumwolle. Und sogar bügelleicht. Besonders elegant durch eine Umschlagmanschette.</p>
\n<p>Perfekt für sehr große Männer - in Überlänge, und mit 72 cm langen Ärmeln.</p>
\n</div>
\n<p>In den Paßformen <span class=""a-text-bold"">Slim Fit</span> und in <span class=""a-text-bold"">Modern Fit</span> erhältlich.</p>";published;https://www.riesenhemd.com/wp-content/uploads/2018/11/Hemd-extra-langer-Arm-72-cm-Überlaenge-RIESENHEMD-Paris-4.jpg;;;;;;;;;;;Tops;;true;;;;art_4260581271527;41;4260581271527;4260581271527;100;false;false;;;;;;;;;75;;Fit;Slim Fit;Size;41;https://www.riesenhemd.com/wp-content/uploads/2018/11/Hemd-extra-langer-Arm-72-cm-Überlaenge-RIESENHEMD-Paris-4.jpg; https://www.riesenhemd.com/wp-content/uploads/2018/11/Hemd-extra-langer-Arm-72-cm-Überlaenge-RIESENHEMD-Paris-3.jpg;"{""size"": 41, ""chest_cm"": 115, ""waist_cm"": 107, ""front_length_cm"": 85, ""back_length_cm"": 95, ""sleeve_length_cm"": 72}";41;115;107;85;95;72
prod_15144;hemd-paris-72-cm-armlange-umschlagmanschette;Hemd Paris - 72 cm Armlänge - Umschlagmanschette;;"<div class=""woocommerce-product-details__short-description"">
\n<p>Unser Hemd Paris – ein klassisches weißes Bürohemd, das natürlich auch perfekt abends angezogen werden kann. Aus einem tollem Fil-à-fil Stoff, aus 100% Baumwolle. Und sogar bügelleicht. Besonders elegant durch eine Umschlagmanschette.</p>
\n<p>Perfekt für sehr große Männer - in Überlänge, und mit 72 cm langen Ärmeln.</p>
\n</div>
\n<p>In den Paßformen <span class=""a-text-bold"">Slim Fit</span> und in <span class=""a-text-bold"">Modern Fit</span> erhältlich.</p>";published;https://www.riesenhemd.com/wp-content/uploads/2018/11/Hemd-extra-langer-Arm-72-cm-Überlaenge-RIESENHEMD-Paris-4.jpg;;;;;;;;;;;Tops;;true;;;;art_4260581271534;42;4260581271534;4260581271534;0;false;false;;;;;;;;;75;;Fit;Slim Fit;Size;42;https://www.riesenhemd.com/wp-content/uploads/2018/11/Hemd-extra-langer-Arm-72-cm-Überlaenge-RIESENHEMD-Paris-4.jpg; https://www.riesenhemd.com/wp-content/uploads/2018/11/Hemd-extra-langer-Arm-72-cm-Überlaenge-RIESENHEMD-Paris-3.jpg;"{""size"": 42, ""chest_cm"": 118, ""waist_cm"": 110, ""front_length_cm"": 85, ""back_length_cm"": 95, ""sleeve_length_cm"": 72}";42;118;110;85;95;72
prod_15144;hemd-paris-72-cm-armlange-umschlagmanschette;Hemd Paris - 72 cm Armlänge - Umschlagmanschette;;"<div class=""woocommerce-product-details__short-description"">
\n<p>Unser Hemd Paris – ein klassisches weißes Bürohemd, das natürlich auch perfekt abends angezogen werden kann. Aus einem tollem Fil-à-fil Stoff, aus 100% Baumwolle. Und sogar bügelleicht. Besonders elegant durch eine Umschlagmanschette.</p>
\n<p>Perfekt für sehr große Männer - in Überlänge, und mit 72 cm langen Ärmeln.</p>
\n</div>
\n<p>In den Paßformen <span class=""a-text-bold"">Slim Fit</span> und in <span class=""a-text-bold"">Modern Fit</span> erhältlich.</p>";published;https://www.riesenhemd.com/wp-content/uploads/2018/11/Hemd-extra-langer-Arm-72-cm-Überlaenge-RIESENHEMD-Paris-4.jpg;;;;;;;;;;;Tops;;true;;;;art_4260581271541;43;4260581271541;4260581271541;100;false;false;;;;;;;;;75;;Fit;Slim Fit;Size;43;https://www.riesenhemd.com/wp-content/uploads/2018/11/Hemd-extra-langer-Arm-72-cm-Überlaenge-RIESENHEMD-Paris-4.jpg; https://www.riesenhemd.com/wp-content/uploads/2018/11/Hemd-extra-langer-Arm-72-cm-Überlaenge-RIESENHEMD-Paris-3.jpg;"{""size"": 43, ""chest_cm"": 121, ""waist_cm"": 113, ""front_length_cm"": 86, ""back_length_cm"": 96, ""sleeve_length_cm"": 72}";43;121;113;86;96;72
prod_15195;hemd-london-72-cm-armlange;Hemd London - 72 cm Armlänge;;"<div class=""woocommerce-product-details__short-description"">
\n<p>Unser Hemd London – ein klassisches weißes Bürohemd, das natürlich auch perfekt abends angezogen werden kann. Aus einem tollem Fil-à-fil Stoff, aus 100% Baumwolle. Und sogar bügelleicht.</p>
\n<p>Perfekt für sehr große Männer - in Überlänge, und mit 72 cm langen Ärmeln.</p>
\n</div>
\n<p>In den Paßformen <span class=""a-text-bold"">Slim Fit</span> und in <span class=""a-text-bold"">Modern Fit</span> erhältlich.</p>";published;https://www.riesenhemd.com/wp-content/uploads/2018/11/Hemd-extra-langer-Arm-72-cm-Überlaenge-RIESENHEMD-London-5.jpg;;;;;;;;;;;Tops;;true;;;;art_4260581270100;41;4260581270100;4260581270100;100;false;false;;;;;;;;;75;;Fit;Modern Fit;Size;41;https://www.riesenhemd.com/wp-content/uploads/2018/11/Hemd-extra-langer-Arm-72-cm-Überlaenge-RIESENHEMD-London-5.jpg; https://www.riesenhemd.com/wp-content/uploads/2018/11/Hemd-extra-langer-Arm-72-cm-Überlaenge-RIESENHEMD-London-3.jpg;"{""size"": 41, ""chest_cm"": 122, ""waist_cm"": 118, ""front_length_cm"": 85, ""back_length_cm"": 95, ""sleeve_length_cm"": 72}";41;122;118;85;95;72
prod_15195;hemd-london-72-cm-armlange;Hemd London - 72 cm Armlänge;;"<div class=""woocommerce-product-details__short-description"">
\n<p>Unser Hemd London – ein klassisches weißes Bürohemd, das natürlich auch perfekt abends angezogen werden kann. Aus einem tollem Fil-à-fil Stoff, aus 100% Baumwolle. Und sogar bügelleicht.</p>
\n<p>Perfekt für sehr große Männer - in Überlänge, und mit 72 cm langen Ärmeln.</p>
\n</div>
\n<p>In den Paßformen <span class=""a-text-bold"">Slim Fit</span> und in <span class=""a-text-bold"">Modern Fit</span> erhältlich.</p>";published;https://www.riesenhemd.com/wp-content/uploads/2018/11/Hemd-extra-langer-Arm-72-cm-Überlaenge-RIESENHEMD-London-5.jpg;;;;;;;;;;;Tops;;true;;;;art_4260581270117;42;4260581270117;4260581270117;100;false;false;;;;;;;;;75;;Fit;Modern Fit;Size;42;https://www.riesenhemd.com/wp-content/uploads/2018/11/Hemd-extra-langer-Arm-72-cm-Überlaenge-RIESENHEMD-London-5.jpg; https://www.riesenhemd.com/wp-content/uploads/2018/11/Hemd-extra-langer-Arm-72-cm-Überlaenge-RIESENHEMD-London-3.jpg;"{""size"": 42, ""chest_cm"": 125, ""waist_cm"": 121, ""front_length_cm"": 85, ""back_length_cm"": 95, ""sleeve_length_cm"": 72}";42;125;121;85;95;72
prod_15195;hemd-london-72-cm-armlange;Hemd London - 72 cm Armlänge;;"<div class=""woocommerce-product-details__short-description"">
\n<p>Unser Hemd London – ein klassisches weißes Bürohemd, das natürlich auch perfekt abends angezogen werden kann. Aus einem tollem Fil-à-fil Stoff, aus 100% Baumwolle. Und sogar bügelleicht.</p>
\n<p>Perfekt für sehr große Männer - in Überlänge, und mit 72 cm langen Ärmeln.</p>
\n</div>
\n<p>In den Paßformen <span class=""a-text-bold"">Slim Fit</span> und in <span class=""a-text-bold"">Modern Fit</span> erhältlich.</p>";published;https://www.riesenhemd.com/wp-content/uploads/2018/11/Hemd-extra-langer-Arm-72-cm-Überlaenge-RIESENHEMD-London-5.jpg;;;;;;;;;;;Tops;;true;;;;art_4260581270124;43;4260581270124;4260581270124;100;false;false;;;;;;;;;75;;Fit;Modern Fit;Size;43;https://www.riesenhemd.com/wp-content/uploads/2018/11/Hemd-extra-langer-Arm-72-cm-Überlaenge-RIESENHEMD-London-5.jpg; https://www.riesenhemd.com/wp-content/uploads/2018/11/Hemd-extra-langer-Arm-72-cm-Überlaenge-RIESENHEMD-London-3.jpg;"{""size"": 43, ""chest_cm"": 127, ""waist_cm"": 123, ""front_length_cm"": 86, ""back_length_cm"": 96, ""sleeve_length_cm"": 72}";43;127;123;86;96;72
prod_15195;hemd-london-72-cm-armlange;Hemd London - 72 cm Armlänge;;"<div class=""woocommerce-product-details__short-description"">
\n<p>Unser Hemd London – ein klassisches weißes Bürohemd, das natürlich auch perfekt abends angezogen werden kann. Aus einem tollem Fil-à-fil Stoff, aus 100% Baumwolle. Und sogar bügelleicht.</p>
\n<p>Perfekt für sehr große Männer - in Überlänge, und mit 72 cm langen Ärmeln.</p>
\n</div>
\n<p>In den Paßformen <span class=""a-text-bold"">Slim Fit</span> und in <span class=""a-text-bold"">Modern Fit</span> erhältlich.</p>";published;https://www.riesenhemd.com/wp-content/uploads/2018/11/Hemd-extra-langer-Arm-72-cm-Überlaenge-RIESENHEMD-London-5.jpg;;;;;;;;;;;Tops;;true;;;;art_4260581270131;44;4260581270131;4260581270131;0;false;false;;;;;;;;;75;;Fit;Modern Fit;Size;44;https://www.riesenhemd.com/wp-content/uploads/2018/11/Hemd-extra-langer-Arm-72-cm-Überlaenge-RIESENHEMD-London-5.jpg; https://www.riesenhemd.com/wp-content/uploads/2018/11/Hemd-extra-langer-Arm-72-cm-Überlaenge-RIESENHEMD-London-3.jpg;"{""size"": 44, ""chest_cm"": 129, ""waist_cm"": 125, ""front_length_cm"": 86, ""back_length_cm"": 96, ""sleeve_length_cm"": 72}";44;129;125;86;96;72
prod_15195;hemd-london-72-cm-armlange;Hemd London - 72 cm Armlänge;;"<div class=""woocommerce-product-details__short-description"">
\n<p>Unser Hemd London – ein klassisches weißes Bürohemd, das natürlich auch perfekt abends angezogen werden kann. Aus einem tollem Fil-à-fil Stoff, aus 100% Baumwolle. Und sogar bügelleicht.</p>
\n<p>Perfekt für sehr große Männer - in Überlänge, und mit 72 cm langen Ärmeln.</p>
\n</div>
\n<p>In den Paßformen <span class=""a-text-bold"">Slim Fit</span> und in <span class=""a-text-bold"">Modern Fit</span> erhältlich.</p>";published;https://www.riesenhemd.com/wp-content/uploads/2018/11/Hemd-extra-langer-Arm-72-cm-Überlaenge-RIESENHEMD-London-5.jpg;;;;;;;;;;;Tops;;true;;;;art_4260581270148;45;4260581270148;4260581270148;100;false;false;;;;;;;;;75;;Fit;Modern Fit;Size;45;https://www.riesenhemd.com/wp-content/uploads/2018/11/Hemd-extra-langer-Arm-72-cm-Überlaenge-RIESENHEMD-London-5.jpg; https://www.riesenhemd.com/wp-content/uploads/2018/11/Hemd-extra-langer-Arm-72-cm-Überlaenge-RIESENHEMD-London-3.jpg;"{""size"": 45, ""chest_cm"": 131, ""waist_cm"": 127, ""front_length_cm"": 87, ""back_length_cm"": 97, ""sleeve_length_cm"": 72}";45;131;127;87;97;72
prod_15195;hemd-london-72-cm-armlange;Hemd London - 72 cm Armlänge;;"<div class=""woocommerce-product-details__short-description"">
\n<p>Unser Hemd London – ein klassisches weißes Bürohemd, das natürlich auch perfekt abends angezogen werden kann. Aus einem tollem Fil-à-fil Stoff, aus 100% Baumwolle. Und sogar bügelleicht.</p>
\n<p>Perfekt für sehr große Männer - in Überlänge, und mit 72 cm langen Ärmeln.</p>
\n</div>
\n<p>In den Paßformen <span class=""a-text-bold"">Slim Fit</span> und in <span class=""a-text-bold"">Modern Fit</span> erhältlich.</p>";published;https://www.riesenhemd.com/wp-content/uploads/2018/11/Hemd-extra-langer-Arm-72-cm-Überlaenge-RIESENHEMD-London-5.jpg;;;;;;;;;;;Tops;;true;;;;art_4260581270155;46;4260581270155;4260581270155;100;false;false;;;;;;;;;75;;Fit;Modern Fit;Size;46;https://www.riesenhemd.com/wp-content/uploads/2018/11/Hemd-extra-langer-Arm-72-cm-Überlaenge-RIESENHEMD-London-5.jpg; https://www.riesenhemd.com/wp-content/uploads/2018/11/Hemd-extra-langer-Arm-72-cm-Überlaenge-RIESENHEMD-London-3.jpg;"{""size"": 46, ""chest_cm"": 133, ""waist_cm"": 129, ""front_length_cm"": 87, ""back_length_cm"": 97, ""sleeve_length_cm"": 72}";46;133;129;87;97;72
prod_15195;hemd-london-72-cm-armlange;Hemd London - 72 cm Armlänge;;"<div class=""woocommerce-product-details__short-description"">
\n<p>Unser Hemd London – ein klassisches weißes Bürohemd, das natürlich auch perfekt abends angezogen werden kann. Aus einem tollem Fil-à-fil Stoff, aus 100% Baumwolle. Und sogar bügelleicht.</p>
\n<p>Perfekt für sehr große Männer - in Überlänge, und mit 72 cm langen Ärmeln.</p>
\n</div>
\n<p>In den Paßformen <span class=""a-text-bold"">Slim Fit</span> und in <span class=""a-text-bold"">Modern Fit</span> erhältlich.</p>";published;https://www.riesenhemd.com/wp-content/uploads/2018/11/Hemd-extra-langer-Arm-72-cm-Überlaenge-RIESENHEMD-London-5.jpg;;;;;;;;;;;Tops;;true;;;;art_4260581271206;39;4260581271206;4260581271206;100;false;false;;;;;;;;;75;;Fit;Slim Fit;Size;39;https://www.riesenhemd.com/wp-content/uploads/2018/11/Hemd-extra-langer-Arm-72-cm-Überlaenge-RIESENHEMD-London-5.jpg; https://www.riesenhemd.com/wp-content/uploads/2018/11/Hemd-extra-langer-Arm-72-cm-Überlaenge-RIESENHEMD-London-3.jpg;"{""size"": 39, ""chest_cm"": 108, ""waist_cm"": 100, ""front_length_cm"": 85, ""back_length_cm"": 95, ""sleeve_length_cm"": 72}";39;108;100;85;95;72
prod_15195;hemd-london-72-cm-armlange;Hemd London - 72 cm Armlänge;;"<div class=""woocommerce-product-details__short-description"">
\n<p>Unser Hemd London – ein klassisches weißes Bürohemd, das natürlich auch perfekt abends angezogen werden kann. Aus einem tollem Fil-à-fil Stoff, aus 100% Baumwolle. Und sogar bügelleicht.</p>
\n<p>Perfekt für sehr große Männer - in Überlänge, und mit 72 cm langen Ärmeln.</p>
\n</div>
\n<p>In den Paßformen <span class=""a-text-bold"">Slim Fit</span> und in <span class=""a-text-bold"">Modern Fit</span> erhältlich.</p>";published;https://www.riesenhemd.com/wp-content/uploads/2018/11/Hemd-extra-langer-Arm-72-cm-Überlaenge-RIESENHEMD-London-5.jpg;;;;;;;;;;;Tops;;true;;;;art_4260581271213;40;4260581271213;4260581271213;100;false;false;;;;;;;;;75;;Fit;Slim Fit;Size;40;https://www.riesenhemd.com/wp-content/uploads/2018/11/Hemd-extra-langer-Arm-72-cm-Überlaenge-RIESENHEMD-London-5.jpg; https://www.riesenhemd.com/wp-content/uploads/2018/11/Hemd-extra-langer-Arm-72-cm-Überlaenge-RIESENHEMD-London-3.jpg;"{""size"": 40, ""chest_cm"": 111, ""waist_cm"": 103, ""front_length_cm"": 85, ""back_length_cm"": 95, ""sleeve_length_cm"": 72}";40;111;103;85;95;72
prod_15195;hemd-london-72-cm-armlange;Hemd London - 72 cm Armlänge;;"<div class=""woocommerce-product-details__short-description"">
\n<p>Unser Hemd London – ein klassisches weißes Bürohemd, das natürlich auch perfekt abends angezogen werden kann. Aus einem tollem Fil-à-fil Stoff, aus 100% Baumwolle. Und sogar bügelleicht.</p>
\n<p>Perfekt für sehr große Männer - in Überlänge, und mit 72 cm langen Ärmeln.</p>
\n</div>
\n<p>In den Paßformen <span class=""a-text-bold"">Slim Fit</span> und in <span class=""a-text-bold"">Modern Fit</span> erhältlich.</p>";published;https://www.riesenhemd.com/wp-content/uploads/2018/11/Hemd-extra-langer-Arm-72-cm-Überlaenge-RIESENHEMD-London-5.jpg;;;;;;;;;;;Tops;;true;;;;art_4260581271220;41;4260581271220;4260581271220;100;false;false;;;;;;;;;75;;Fit;Slim Fit;Size;41;https://www.riesenhemd.com/wp-content/uploads/2018/11/Hemd-extra-langer-Arm-72-cm-Überlaenge-RIESENHEMD-London-5.jpg; https://www.riesenhemd.com/wp-content/uploads/2018/11/Hemd-extra-langer-Arm-72-cm-Überlaenge-RIESENHEMD-London-3.jpg;"{""size"": 41, ""chest_cm"": 115, ""waist_cm"": 107, ""front_length_cm"": 85, ""back_length_cm"": 95, ""sleeve_length_cm"": 72}";41;115;107;85;95;72
prod_15195;hemd-london-72-cm-armlange;Hemd London - 72 cm Armlänge;;"<div class=""woocommerce-product-details__short-description"">
\n<p>Unser Hemd London – ein klassisches weißes Bürohemd, das natürlich auch perfekt abends angezogen werden kann. Aus einem tollem Fil-à-fil Stoff, aus 100% Baumwolle. Und sogar bügelleicht.</p>
\n<p>Perfekt für sehr große Männer - in Überlänge, und mit 72 cm langen Ärmeln.</p>
\n</div>
\n<p>In den Paßformen <span class=""a-text-bold"">Slim Fit</span> und in <span class=""a-text-bold"">Modern Fit</span> erhältlich.</p>";published;https://www.riesenhemd.com/wp-content/uploads/2018/11/Hemd-extra-langer-Arm-72-cm-Überlaenge-RIESENHEMD-London-5.jpg;;;;;;;;;;;Tops;;true;;;;art_4260581271237;42;4260581271237;4260581271237;0;false;false;;;;;;;;;75;;Fit;Slim Fit;Size;42;https://www.riesenhemd.com/wp-content/uploads/2018/11/Hemd-extra-langer-Arm-72-cm-Überlaenge-RIESENHEMD-London-5.jpg; https://www.riesenhemd.com/wp-content/uploads/2018/11/Hemd-extra-langer-Arm-72-cm-Überlaenge-RIESENHEMD-London-3.jpg;"{""size"": 42, ""chest_cm"": 118, ""waist_cm"": 110, ""front_length_cm"": 85, ""back_length_cm"": 95, ""sleeve_length_cm"": 72}";42;118;110;85;95;72
prod_15195;hemd-london-72-cm-armlange;Hemd London - 72 cm Armlänge;;"<div class=""woocommerce-product-details__short-description"">
\n<p>Unser Hemd London – ein klassisches weißes Bürohemd, das natürlich auch perfekt abends angezogen werden kann. Aus einem tollem Fil-à-fil Stoff, aus 100% Baumwolle. Und sogar bügelleicht.</p>
\n<p>Perfekt für sehr große Männer - in Überlänge, und mit 72 cm langen Ärmeln.</p>
\n</div>
\n<p>In den Paßformen <span class=""a-text-bold"">Slim Fit</span> und in <span class=""a-text-bold"">Modern Fit</span> erhältlich.</p>";published;https://www.riesenhemd.com/wp-content/uploads/2018/11/Hemd-extra-langer-Arm-72-cm-Überlaenge-RIESENHEMD-London-5.jpg;;;;;;;;;;;Tops;;true;;;;art_4260581271244;43;4260581271244;4260581271244;100;false;false;;;;;;;;;75;;Fit;Slim Fit;Size;43;https://www.riesenhemd.com/wp-content/uploads/2018/11/Hemd-extra-langer-Arm-72-cm-Überlaenge-RIESENHEMD-London-5.jpg; https://www.riesenhemd.com/wp-content/uploads/2018/11/Hemd-extra-langer-Arm-72-cm-Überlaenge-RIESENHEMD-London-3.jpg;"{""size"": 43, ""chest_cm"": 121, ""waist_cm"": 113, ""front_length_cm"": 86, ""back_length_cm"": 96, ""sleeve_length_cm"": 72}";43;121;113;86;96;72
prod_15245;hemd-brussel-72-cm-armlange;Hemd Brüssel - 72 cm Armlänge;;"<div class=""woocommerce-product-details__short-description"">
\n<p>Unser Hemd Brüssel – ein klassisches hell-blaues Bürohemd, das natürlich auch perfekt abends angezogen werden kann. Aus einem tollem Vollzwirn (2-Ply) Stoff, aus 100% Baumwolle. Sehr elegant in der Anmutung.</p>
\n<p>Perfekt für sehr große Männer - in Überlänge, und mit 72 cm langen Ärmeln.</p>
\n</div>
\n<p>In den Paßformen <span class=""a-text-bold"">Slim Fit</span> und in <span class=""a-text-bold"">Modern Fit</span> erhältlich.</p>";published;https://www.riesenhemd.com/wp-content/uploads/2021/05/Hemd-extra-langer-Arm-72-cm-Ueberlaenge-RIESENHEMD-Bruessel-5.jpg;;;;;;;;;;;Tops;;true;;;;art_4260581272005;41;4260581272005;4260581272005;100;false;false;;;;;;;;;75;;Fit;Modern Fit;Size;41;https://www.riesenhemd.com/wp-content/uploads/2021/05/Hemd-extra-langer-Arm-72-cm-Ueberlaenge-RIESENHEMD-Bruessel-5.jpg; https://www.riesenhemd.com/wp-content/uploads/2021/05/Hemd-extra-langer-Arm-72-cm-Ueberlaenge-RIESENHEMD-Bruessel-4.jpg;"{""size"": 41, ""chest_cm"": 122, ""waist_cm"": 118, ""front_length_cm"": 85, ""back_length_cm"": 95, ""sleeve_length_cm"": 72}";41;122;118;85;95;72
prod_15245;hemd-brussel-72-cm-armlange;Hemd Brüssel - 72 cm Armlänge;;"<div class=""woocommerce-product-details__short-description"">
\n<p>Unser Hemd Brüssel – ein klassisches hell-blaues Bürohemd, das natürlich auch perfekt abends angezogen werden kann. Aus einem tollem Vollzwirn (2-Ply) Stoff, aus 100% Baumwolle. Sehr elegant in der Anmutung.</p>
\n<p>Perfekt für sehr große Männer - in Überlänge, und mit 72 cm langen Ärmeln.</p>
\n</div>
\n<p>In den Paßformen <span class=""a-text-bold"">Slim Fit</span> und in <span class=""a-text-bold"">Modern Fit</span> erhältlich.</p>";published;https://www.riesenhemd.com/wp-content/uploads/2021/05/Hemd-extra-langer-Arm-72-cm-Ueberlaenge-RIESENHEMD-Bruessel-5.jpg;;;;;;;;;;;Tops;;true;;;;art_4260581272012;42;4260581272012;4260581272012;100;false;false;;;;;;;;;75;;Fit;Modern Fit;Size;42;https://www.riesenhemd.com/wp-content/uploads/2021/05/Hemd-extra-langer-Arm-72-cm-Ueberlaenge-RIESENHEMD-Bruessel-5.jpg; https://www.riesenhemd.com/wp-content/uploads/2021/05/Hemd-extra-langer-Arm-72-cm-Ueberlaenge-RIESENHEMD-Bruessel-4.jpg;"{""size"": 42, ""chest_cm"": 125, ""waist_cm"": 121, ""front_length_cm"": 85, ""back_length_cm"": 95, ""sleeve_length_cm"": 72}";42;125;121;85;95;72
prod_15245;hemd-brussel-72-cm-armlange;Hemd Brüssel - 72 cm Armlänge;;"<div class=""woocommerce-product-details__short-description"">
\n<p>Unser Hemd Brüssel – ein klassisches hell-blaues Bürohemd, das natürlich auch perfekt abends angezogen werden kann. Aus einem tollem Vollzwirn (2-Ply) Stoff, aus 100% Baumwolle. Sehr elegant in der Anmutung.</p>
\n<p>Perfekt für sehr große Männer - in Überlänge, und mit 72 cm langen Ärmeln.</p>
\n</div>
\n<p>In den Paßformen <span class=""a-text-bold"">Slim Fit</span> und in <span class=""a-text-bold"">Modern Fit</span> erhältlich.</p>";published;https://www.riesenhemd.com/wp-content/uploads/2021/05/Hemd-extra-langer-Arm-72-cm-Ueberlaenge-RIESENHEMD-Bruessel-5.jpg;;;;;;;;;;;Tops;;true;;;;art_4260581272029;43;4260581272029;4260581272029;100;false;false;;;;;;;;;75;;Fit;Modern Fit;Size;43;https://www.riesenhemd.com/wp-content/uploads/2021/05/Hemd-extra-langer-Arm-72-cm-Ueberlaenge-RIESENHEMD-Bruessel-5.jpg; https://www.riesenhemd.com/wp-content/uploads/2021/05/Hemd-extra-langer-Arm-72-cm-Ueberlaenge-RIESENHEMD-Bruessel-4.jpg;"{""size"": 43, ""chest_cm"": 127, ""waist_cm"": 123, ""front_length_cm"": 86, ""back_length_cm"": 96, ""sleeve_length_cm"": 72}";43;127;123;86;96;72
prod_15245;hemd-brussel-72-cm-armlange;Hemd Brüssel - 72 cm Armlänge;;"<div class=""woocommerce-product-details__short-description"">
\n<p>Unser Hemd Brüssel – ein klassisches hell-blaues Bürohemd, das natürlich auch perfekt abends angezogen werden kann. Aus einem tollem Vollzwirn (2-Ply) Stoff, aus 100% Baumwolle. Sehr elegant in der Anmutung.</p>
\n<p>Perfekt für sehr große Männer - in Überlänge, und mit 72 cm langen Ärmeln.</p>
\n</div>
\n<p>In den Paßformen <span class=""a-text-bold"">Slim Fit</span> und in <span class=""a-text-bold"">Modern Fit</span> erhältlich.</p>";published;https://www.riesenhemd.com/wp-content/uploads/2021/05/Hemd-extra-langer-Arm-72-cm-Ueberlaenge-RIESENHEMD-Bruessel-5.jpg;;;;;;;;;;;Tops;;true;;;;art_4260581272036;44;4260581272036;4260581272036;100;false;false;;;;;;;;;75;;Fit;Modern Fit;Size;44;https://www.riesenhemd.com/wp-content/uploads/2021/05/Hemd-extra-langer-Arm-72-cm-Ueberlaenge-RIESENHEMD-Bruessel-5.jpg; https://www.riesenhemd.com/wp-content/uploads/2021/05/Hemd-extra-langer-Arm-72-cm-Ueberlaenge-RIESENHEMD-Bruessel-4.jpg;"{""size"": 44, ""chest_cm"": 129, ""waist_cm"": 125, ""front_length_cm"": 86, ""back_length_cm"": 96, ""sleeve_length_cm"": 72}";44;129;125;86;96;72
prod_15245;hemd-brussel-72-cm-armlange;Hemd Brüssel - 72 cm Armlänge;;"<div class=""woocommerce-product-details__short-description"">
\n<p>Unser Hemd Brüssel – ein klassisches hell-blaues Bürohemd, das natürlich auch perfekt abends angezogen werden kann. Aus einem tollem Vollzwirn (2-Ply) Stoff, aus 100% Baumwolle. Sehr elegant in der Anmutung.</p>
\n<p>Perfekt für sehr große Männer - in Überlänge, und mit 72 cm langen Ärmeln.</p>
\n</div>
\n<p>In den Paßformen <span class=""a-text-bold"">Slim Fit</span> und in <span class=""a-text-bold"">Modern Fit</span> erhältlich.</p>";published;https://www.riesenhemd.com/wp-content/uploads/2021/05/Hemd-extra-langer-Arm-72-cm-Ueberlaenge-RIESENHEMD-Bruessel-5.jpg;;;;;;;;;;;Tops;;true;;;;art_4260581272043;45;4260581272043;4260581272043;100;false;false;;;;;;;;;75;;Fit;Modern Fit;Size;45;https://www.riesenhemd.com/wp-content/uploads/2021/05/Hemd-extra-langer-Arm-72-cm-Ueberlaenge-RIESENHEMD-Bruessel-5.jpg; https://www.riesenhemd.com/wp-content/uploads/2021/05/Hemd-extra-langer-Arm-72-cm-Ueberlaenge-RIESENHEMD-Bruessel-4.jpg;"{""size"": 45, ""chest_cm"": 131, ""waist_cm"": 127, ""front_length_cm"": 87, ""back_length_cm"": 97, ""sleeve_length_cm"": 72}";45;131;127;87;97;72
prod_15245;hemd-brussel-72-cm-armlange;Hemd Brüssel - 72 cm Armlänge;;"<div class=""woocommerce-product-details__short-description"">
\n<p>Unser Hemd Brüssel – ein klassisches hell-blaues Bürohemd, das natürlich auch perfekt abends angezogen werden kann. Aus einem tollem Vollzwirn (2-Ply) Stoff, aus 100% Baumwolle. Sehr elegant in der Anmutung.</p>
\n<p>Perfekt für sehr große Männer - in Überlänge, und mit 72 cm langen Ärmeln.</p>
\n</div>
\n<p>In den Paßformen <span class=""a-text-bold"">Slim Fit</span> und in <span class=""a-text-bold"">Modern Fit</span> erhältlich.</p>";published;https://www.riesenhemd.com/wp-content/uploads/2021/05/Hemd-extra-langer-Arm-72-cm-Ueberlaenge-RIESENHEMD-Bruessel-5.jpg;;;;;;;;;;;Tops;;true;;;;art_4260581272050;46;4260581272050;4260581272050;100;false;false;;;;;;;;;75;;Fit;Modern Fit;Size;46;https://www.riesenhemd.com/wp-content/uploads/2021/05/Hemd-extra-langer-Arm-72-cm-Ueberlaenge-RIESENHEMD-Bruessel-5.jpg; https://www.riesenhemd.com/wp-content/uploads/2021/05/Hemd-extra-langer-Arm-72-cm-Ueberlaenge-RIESENHEMD-Bruessel-4.jpg;"{""size"": 46, ""chest_cm"": 133, ""waist_cm"": 129, ""front_length_cm"": 87, ""back_length_cm"": 97, ""sleeve_length_cm"": 72}";46;133;129;87;97;72
prod_15245;hemd-brussel-72-cm-armlange;Hemd Brüssel - 72 cm Armlänge;;"<div class=""woocommerce-product-details__short-description"">
\n<p>Unser Hemd Brüssel – ein klassisches hell-blaues Bürohemd, das natürlich auch perfekt abends angezogen werden kann. Aus einem tollem Vollzwirn (2-Ply) Stoff, aus 100% Baumwolle. Sehr elegant in der Anmutung.</p>
\n<p>Perfekt für sehr große Männer - in Überlänge, und mit 72 cm langen Ärmeln.</p>
\n</div>
\n<p>In den Paßformen <span class=""a-text-bold"">Slim Fit</span> und in <span class=""a-text-bold"">Modern Fit</span> erhältlich.</p>";published;https://www.riesenhemd.com/wp-content/uploads/2021/05/Hemd-extra-langer-Arm-72-cm-Ueberlaenge-RIESENHEMD-Bruessel-5.jpg;;;;;;;;;;;Tops;;true;;;;art_4260581272104;39;4260581272104;4260581272104;100;false;false;;;;;;;;;75;;Fit;Slim Fit;Size;39;https://www.riesenhemd.com/wp-content/uploads/2021/05/Hemd-extra-langer-Arm-72-cm-Ueberlaenge-RIESENHEMD-Bruessel-5.jpg; https://www.riesenhemd.com/wp-content/uploads/2021/05/Hemd-extra-langer-Arm-72-cm-Ueberlaenge-RIESENHEMD-Bruessel-4.jpg;"{""size"": 39, ""chest_cm"": 108, ""waist_cm"": 100, ""front_length_cm"": 85, ""back_length_cm"": 95, ""sleeve_length_cm"": 72}";39;108;100;85;95;72
prod_15245;hemd-brussel-72-cm-armlange;Hemd Brüssel - 72 cm Armlänge;;"<div class=""woocommerce-product-details__short-description"">
\n<p>Unser Hemd Brüssel – ein klassisches hell-blaues Bürohemd, das natürlich auch perfekt abends angezogen werden kann. Aus einem tollem Vollzwirn (2-Ply) Stoff, aus 100% Baumwolle. Sehr elegant in der Anmutung.</p>
\n<p>Perfekt für sehr große Männer - in Überlänge, und mit 72 cm langen Ärmeln.</p>
\n</div>
\n<p>In den Paßformen <span class=""a-text-bold"">Slim Fit</span> und in <span class=""a-text-bold"">Modern Fit</span> erhältlich.</p>";published;https://www.riesenhemd.com/wp-content/uploads/2021/05/Hemd-extra-langer-Arm-72-cm-Ueberlaenge-RIESENHEMD-Bruessel-5.jpg;;;;;;;;;;;Tops;;true;;;;art_4260581272111;40;4260581272111;4260581272111;100;false;false;;;;;;;;;75;;Fit;Slim Fit;Size;40;https://www.riesenhemd.com/wp-content/uploads/2021/05/Hemd-extra-langer-Arm-72-cm-Ueberlaenge-RIESENHEMD-Bruessel-5.jpg; https://www.riesenhemd.com/wp-content/uploads/2021/05/Hemd-extra-langer-Arm-72-cm-Ueberlaenge-RIESENHEMD-Bruessel-4.jpg;"{""size"": 40, ""chest_cm"": 111, ""waist_cm"": 103, ""front_length_cm"": 85, ""back_length_cm"": 95, ""sleeve_length_cm"": 72}";40;111;103;85;95;72
prod_15245;hemd-brussel-72-cm-armlange;Hemd Brüssel - 72 cm Armlänge;;"<div class=""woocommerce-product-details__short-description"">
\n<p>Unser Hemd Brüssel – ein klassisches hell-blaues Bürohemd, das natürlich auch perfekt abends angezogen werden kann. Aus einem tollem Vollzwirn (2-Ply) Stoff, aus 100% Baumwolle. Sehr elegant in der Anmutung.</p>
\n<p>Perfekt für sehr große Männer - in Überlänge, und mit 72 cm langen Ärmeln.</p>
\n</div>
\n<p>In den Paßformen <span class=""a-text-bold"">Slim Fit</span> und in <span class=""a-text-bold"">Modern Fit</span> erhältlich.</p>";published;https://www.riesenhemd.com/wp-content/uploads/2021/05/Hemd-extra-langer-Arm-72-cm-Ueberlaenge-RIESENHEMD-Bruessel-5.jpg;;;;;;;;;;;Tops;;true;;;;art_4260581272128;41;4260581272128;4260581272128;100;false;false;;;;;;;;;75;;Fit;Slim Fit;Size;41;https://www.riesenhemd.com/wp-content/uploads/2021/05/Hemd-extra-langer-Arm-72-cm-Ueberlaenge-RIESENHEMD-Bruessel-5.jpg; https://www.riesenhemd.com/wp-content/uploads/2021/05/Hemd-extra-langer-Arm-72-cm-Ueberlaenge-RIESENHEMD-Bruessel-4.jpg;"{""size"": 41, ""chest_cm"": 115, ""waist_cm"": 107, ""front_length_cm"": 85, ""back_length_cm"": 95, ""sleeve_length_cm"": 72}";41;115;107;85;95;72
prod_15245;hemd-brussel-72-cm-armlange;Hemd Brüssel - 72 cm Armlänge;;"<div class=""woocommerce-product-details__short-description"">
\n<p>Unser Hemd Brüssel – ein klassisches hell-blaues Bürohemd, das natürlich auch perfekt abends angezogen werden kann. Aus einem tollem Vollzwirn (2-Ply) Stoff, aus 100% Baumwolle. Sehr elegant in der Anmutung.</p>
\n<p>Perfekt für sehr große Männer - in Überlänge, und mit 72 cm langen Ärmeln.</p>
\n</div>
\n<p>In den Paßformen <span class=""a-text-bold"">Slim Fit</span> und in <span class=""a-text-bold"">Modern Fit</span> erhältlich.</p>";published;https://www.riesenhemd.com/wp-content/uploads/2021/05/Hemd-extra-langer-Arm-72-cm-Ueberlaenge-RIESENHEMD-Bruessel-5.jpg;;;;;;;;;;;Tops;;true;;;;art_4260581272135;42;4260581272135;4260581272135;0;false;false;;;;;;;;;75;;Fit;Slim Fit;Size;42;https://www.riesenhemd.com/wp-content/uploads/2021/05/Hemd-extra-langer-Arm-72-cm-Ueberlaenge-RIESENHEMD-Bruessel-5.jpg; https://www.riesenhemd.com/wp-content/uploads/2021/05/Hemd-extra-langer-Arm-72-cm-Ueberlaenge-RIESENHEMD-Bruessel-4.jpg;"{""size"": 42, ""chest_cm"": 118, ""waist_cm"": 110, ""front_length_cm"": 85, ""back_length_cm"": 95, ""sleeve_length_cm"": 72}";42;118;110;85;95;72
prod_15245;hemd-brussel-72-cm-armlange;Hemd Brüssel - 72 cm Armlänge;;"<div class=""woocommerce-product-details__short-description"">
\n<p>Unser Hemd Brüssel – ein klassisches hell-blaues Bürohemd, das natürlich auch perfekt abends angezogen werden kann. Aus einem tollem Vollzwirn (2-Ply) Stoff, aus 100% Baumwolle. Sehr elegant in der Anmutung.</p>
\n<p>Perfekt für sehr große Männer - in Überlänge, und mit 72 cm langen Ärmeln.</p>
\n</div>
\n<p>In den Paßformen <span class=""a-text-bold"">Slim Fit</span> und in <span class=""a-text-bold"">Modern Fit</span> erhältlich.</p>";published;https://www.riesenhemd.com/wp-content/uploads/2021/05/Hemd-extra-langer-Arm-72-cm-Ueberlaenge-RIESENHEMD-Bruessel-5.jpg;;;;;;;;;;;Tops;;true;;;;art_4260581272142;43;4260581272142;4260581272142;0;false;false;;;;;;;;;75;;Fit;Slim Fit;Size;43;https://www.riesenhemd.com/wp-content/uploads/2021/05/Hemd-extra-langer-Arm-72-cm-Ueberlaenge-RIESENHEMD-Bruessel-5.jpg; https://www.riesenhemd.com/wp-content/uploads/2021/05/Hemd-extra-langer-Arm-72-cm-Ueberlaenge-RIESENHEMD-Bruessel-4.jpg;"{""size"": 43, ""chest_cm"": 121, ""waist_cm"": 113, ""front_length_cm"": 86, ""back_length_cm"": 96, ""sleeve_length_cm"": 72}";43;121;113;86;96;72
prod_15296;hemd-athen-72-cm-armlange;Hemd Athen - 72 cm Armlänge;;"<div class=""woocommerce-product-details__short-description"">
\n<p>Unser Hemd Athen – da fühlt man sich gleich wie im Süden. Ein etwas leichterer Stoff aus 100% Baumwolle. Am Strand, an der Bar, aber auch im Büro – dieses Hemd weiß zu begeistern. Kleine Details wie der abgesetzte hellblau-weiß karierte Innenteil des Kragens und der Manschetten und die tollen Perlmutt-Knöpfe geben diesem Hemd das gewisse Etwas.</p>
\n<p>Perfekt für sehr große Männer - in Überlänge, und mit 72 cm langen Ärmeln.</p>
\n</div>
\n<p>In den Paßformen <span class=""a-text-bold"">Slim Fit</span> und in <span class=""a-text-bold"">Modern Fit</span> erhältlich.</p>";published;https://www.riesenhemd.com/wp-content/uploads/2019/06/Hemd-extra-langer-Arm-72-Ueberlaenge-Athen-5.jpg;;;;;;;;;;;Tops;;true;;;;art_4260581270902;41;4260581270902;4260581270902;100;false;false;;;;;;;;;75;;Fit;Modern Fit;Size;41;https://www.riesenhemd.com/wp-content/uploads/2019/06/Hemd-extra-langer-Arm-72-Ueberlaenge-Athen-5.jpg; https://www.riesenhemd.com/wp-content/uploads/2021/05/Hemd-extra-langer-Arm-72-cm-Ueberlaenge-RIESENHEMD-Athen-2b.jpg;"{""size"": 41, ""chest_cm"": 122, ""waist_cm"": 118, ""front_length_cm"": 85, ""back_length_cm"": 95, ""sleeve_length_cm"": 72}";41;122;118;85;95;72
prod_15296;hemd-athen-72-cm-armlange;Hemd Athen - 72 cm Armlänge;;"<div class=""woocommerce-product-details__short-description"">
\n<p>Unser Hemd Athen – da fühlt man sich gleich wie im Süden. Ein etwas leichterer Stoff aus 100% Baumwolle. Am Strand, an der Bar, aber auch im Büro – dieses Hemd weiß zu begeistern. Kleine Details wie der abgesetzte hellblau-weiß karierte Innenteil des Kragens und der Manschetten und die tollen Perlmutt-Knöpfe geben diesem Hemd das gewisse Etwas.</p>
\n<p>Perfekt für sehr große Männer - in Überlänge, und mit 72 cm langen Ärmeln.</p>
\n</div>
\n<p>In den Paßformen <span class=""a-text-bold"">Slim Fit</span> und in <span class=""a-text-bold"">Modern Fit</span> erhältlich.</p>";published;https://www.riesenhemd.com/wp-content/uploads/2019/06/Hemd-extra-langer-Arm-72-Ueberlaenge-Athen-5.jpg;;;;;;;;;;;Tops;;true;;;;art_4260581270919;42;4260581270919;4260581270919;100;false;false;;;;;;;;;75;;Fit;Modern Fit;Size;42;https://www.riesenhemd.com/wp-content/uploads/2019/06/Hemd-extra-langer-Arm-72-Ueberlaenge-Athen-5.jpg; https://www.riesenhemd.com/wp-content/uploads/2021/05/Hemd-extra-langer-Arm-72-cm-Ueberlaenge-RIESENHEMD-Athen-2b.jpg;"{""size"": 42, ""chest_cm"": 125, ""waist_cm"": 121, ""front_length_cm"": 85, ""back_length_cm"": 95, ""sleeve_length_cm"": 72}";42;125;121;85;95;72
prod_15296;hemd-athen-72-cm-armlange;Hemd Athen - 72 cm Armlänge;;"<div class=""woocommerce-product-details__short-description"">
\n<p>Unser Hemd Athen – da fühlt man sich gleich wie im Süden. Ein etwas leichterer Stoff aus 100% Baumwolle. Am Strand, an der Bar, aber auch im Büro – dieses Hemd weiß zu begeistern. Kleine Details wie der abgesetzte hellblau-weiß karierte Innenteil des Kragens und der Manschetten und die tollen Perlmutt-Knöpfe geben diesem Hemd das gewisse Etwas.</p>
\n<p>Perfekt für sehr große Männer - in Überlänge, und mit 72 cm langen Ärmeln.</p>
\n</div>
\n<p>In den Paßformen <span class=""a-text-bold"">Slim Fit</span> und in <span class=""a-text-bold"">Modern Fit</span> erhältlich.</p>";published;https://www.riesenhemd.com/wp-content/uploads/2019/06/Hemd-extra-langer-Arm-72-Ueberlaenge-Athen-5.jpg;;;;;;;;;;;Tops;;true;;;;art_4260581270926;43;4260581270926;4260581270926;100;false;false;;;;;;;;;75;;Fit;Modern Fit;Size;43;https://www.riesenhemd.com/wp-content/uploads/2019/06/Hemd-extra-langer-Arm-72-Ueberlaenge-Athen-5.jpg; https://www.riesenhemd.com/wp-content/uploads/2021/05/Hemd-extra-langer-Arm-72-cm-Ueberlaenge-RIESENHEMD-Athen-2b.jpg;"{""size"": 43, ""chest_cm"": 127, ""waist_cm"": 123, ""front_length_cm"": 86, ""back_length_cm"": 96, ""sleeve_length_cm"": 72}";43;127;123;86;96;72
prod_15296;hemd-athen-72-cm-armlange;Hemd Athen - 72 cm Armlänge;;"<div class=""woocommerce-product-details__short-description"">
\n<p>Unser Hemd Athen – da fühlt man sich gleich wie im Süden. Ein etwas leichterer Stoff aus 100% Baumwolle. Am Strand, an der Bar, aber auch im Büro – dieses Hemd weiß zu begeistern. Kleine Details wie der abgesetzte hellblau-weiß karierte Innenteil des Kragens und der Manschetten und die tollen Perlmutt-Knöpfe geben diesem Hemd das gewisse Etwas.</p>
\n<p>Perfekt für sehr große Männer - in Überlänge, und mit 72 cm langen Ärmeln.</p>
\n</div>
\n<p>In den Paßformen <span class=""a-text-bold"">Slim Fit</span> und in <span class=""a-text-bold"">Modern Fit</span> erhältlich.</p>";published;https://www.riesenhemd.com/wp-content/uploads/2019/06/Hemd-extra-langer-Arm-72-Ueberlaenge-Athen-5.jpg;;;;;;;;;;;Tops;;true;;;;art_4260581270933;44;4260581270933;4260581270933;100;false;false;;;;;;;;;75;;Fit;Modern Fit;Size;44;https://www.riesenhemd.com/wp-content/uploads/2019/06/Hemd-extra-langer-Arm-72-Ueberlaenge-Athen-5.jpg; https://www.riesenhemd.com/wp-content/uploads/2021/05/Hemd-extra-langer-Arm-72-cm-Ueberlaenge-RIESENHEMD-Athen-2b.jpg;"{""size"": 44, ""chest_cm"": 129, ""waist_cm"": 125, ""front_length_cm"": 86, ""back_length_cm"": 96, ""sleeve_length_cm"": 72}";44;129;125;86;96;72
prod_15296;hemd-athen-72-cm-armlange;Hemd Athen - 72 cm Armlänge;;"<div class=""woocommerce-product-details__short-description"">
\n<p>Unser Hemd Athen – da fühlt man sich gleich wie im Süden. Ein etwas leichterer Stoff aus 100% Baumwolle. Am Strand, an der Bar, aber auch im Büro – dieses Hemd weiß zu begeistern. Kleine Details wie der abgesetzte hellblau-weiß karierte Innenteil des Kragens und der Manschetten und die tollen Perlmutt-Knöpfe geben diesem Hemd das gewisse Etwas.</p>
\n<p>Perfekt für sehr große Männer - in Überlänge, und mit 72 cm langen Ärmeln.</p>
\n</div>
\n<p>In den Paßformen <span class=""a-text-bold"">Slim Fit</span> und in <span class=""a-text-bold"">Modern Fit</span> erhältlich.</p>";published;https://www.riesenhemd.com/wp-content/uploads/2019/06/Hemd-extra-langer-Arm-72-Ueberlaenge-Athen-5.jpg;;;;;;;;;;;Tops;;true;;;;art_4260581271701;39;4260581271701;4260581271701;100;false;false;;;;;;;;;75;;Fit;Slim Fit;Size;39;https://www.riesenhemd.com/wp-content/uploads/2019/06/Hemd-extra-langer-Arm-72-Ueberlaenge-Athen-5.jpg; https://www.riesenhemd.com/wp-content/uploads/2021/05/Hemd-extra-langer-Arm-72-cm-Ueberlaenge-RIESENHEMD-Athen-2b.jpg;"{""size"": 39, ""chest_cm"": 108, ""waist_cm"": 100, ""front_length_cm"": 85, ""back_length_cm"": 95, ""sleeve_length_cm"": 72}";39;108;100;85;95;72
prod_15296;hemd-athen-72-cm-armlange;Hemd Athen - 72 cm Armlänge;;"<div class=""woocommerce-product-details__short-description"">
\n<p>Unser Hemd Athen – da fühlt man sich gleich wie im Süden. Ein etwas leichterer Stoff aus 100% Baumwolle. Am Strand, an der Bar, aber auch im Büro – dieses Hemd weiß zu begeistern. Kleine Details wie der abgesetzte hellblau-weiß karierte Innenteil des Kragens und der Manschetten und die tollen Perlmutt-Knöpfe geben diesem Hemd das gewisse Etwas.</p>
\n<p>Perfekt für sehr große Männer - in Überlänge, und mit 72 cm langen Ärmeln.</p>
\n</div>
\n<p>In den Paßformen <span class=""a-text-bold"">Slim Fit</span> und in <span class=""a-text-bold"">Modern Fit</span> erhältlich.</p>";published;https://www.riesenhemd.com/wp-content/uploads/2019/06/Hemd-extra-langer-Arm-72-Ueberlaenge-Athen-5.jpg;;;;;;;;;;;Tops;;true;;;;art_4260581271718;40;4260581271718;4260581271718;100;false;false;;;;;;;;;75;;Fit;Slim Fit;Size;40;https://www.riesenhemd.com/wp-content/uploads/2019/06/Hemd-extra-langer-Arm-72-Ueberlaenge-Athen-5.jpg; https://www.riesenhemd.com/wp-content/uploads/2021/05/Hemd-extra-langer-Arm-72-cm-Ueberlaenge-RIESENHEMD-Athen-2b.jpg;"{""size"": 40, ""chest_cm"": 111, ""waist_cm"": 103, ""front_length_cm"": 85, ""back_length_cm"": 95, ""sleeve_length_cm"": 72}";40;111;103;85;95;72
prod_15296;hemd-athen-72-cm-armlange;Hemd Athen - 72 cm Armlänge;;"<div class=""woocommerce-product-details__short-description"">
\n<p>Unser Hemd Athen – da fühlt man sich gleich wie im Süden. Ein etwas leichterer Stoff aus 100% Baumwolle. Am Strand, an der Bar, aber auch im Büro – dieses Hemd weiß zu begeistern. Kleine Details wie der abgesetzte hellblau-weiß karierte Innenteil des Kragens und der Manschetten und die tollen Perlmutt-Knöpfe geben diesem Hemd das gewisse Etwas.</p>
\n<p>Perfekt für sehr große Männer - in Überlänge, und mit 72 cm langen Ärmeln.</p>
\n</div>
\n<p>In den Paßformen <span class=""a-text-bold"">Slim Fit</span> und in <span class=""a-text-bold"">Modern Fit</span> erhältlich.</p>";published;https://www.riesenhemd.com/wp-content/uploads/2019/06/Hemd-extra-langer-Arm-72-Ueberlaenge-Athen-5.jpg;;;;;;;;;;;Tops;;true;;;;art_4260581271725;41;4260581271725;4260581271725;100;false;false;;;;;;;;;75;;Fit;Slim Fit;Size;41;https://www.riesenhemd.com/wp-content/uploads/2019/06/Hemd-extra-langer-Arm-72-Ueberlaenge-Athen-5.jpg; https://www.riesenhemd.com/wp-content/uploads/2021/05/Hemd-extra-langer-Arm-72-cm-Ueberlaenge-RIESENHEMD-Athen-2b.jpg;"{""size"": 41, ""chest_cm"": 115, ""waist_cm"": 107, ""front_length_cm"": 85, ""back_length_cm"": 95, ""sleeve_length_cm"": 72}";41;115;107;85;95;72
prod_15296;hemd-athen-72-cm-armlange;Hemd Athen - 72 cm Armlänge;;"<div class=""woocommerce-product-details__short-description"">
\n<p>Unser Hemd Athen – da fühlt man sich gleich wie im Süden. Ein etwas leichterer Stoff aus 100% Baumwolle. Am Strand, an der Bar, aber auch im Büro – dieses Hemd weiß zu begeistern. Kleine Details wie der abgesetzte hellblau-weiß karierte Innenteil des Kragens und der Manschetten und die tollen Perlmutt-Knöpfe geben diesem Hemd das gewisse Etwas.</p>
\n<p>Perfekt für sehr große Männer - in Überlänge, und mit 72 cm langen Ärmeln.</p>
\n</div>
\n<p>In den Paßformen <span class=""a-text-bold"">Slim Fit</span> und in <span class=""a-text-bold"">Modern Fit</span> erhältlich.</p>";published;https://www.riesenhemd.com/wp-content/uploads/2019/06/Hemd-extra-langer-Arm-72-Ueberlaenge-Athen-5.jpg;;;;;;;;;;;Tops;;true;;;;art_4260581271732;42;4260581271732;4260581271732;0;false;false;;;;;;;;;75;;Fit;Slim Fit;Size;42;https://www.riesenhemd.com/wp-content/uploads/2019/06/Hemd-extra-langer-Arm-72-Ueberlaenge-Athen-5.jpg; https://www.riesenhemd.com/wp-content/uploads/2021/05/Hemd-extra-langer-Arm-72-cm-Ueberlaenge-RIESENHEMD-Athen-2b.jpg;"{""size"": 42, ""chest_cm"": 118, ""waist_cm"": 110, ""front_length_cm"": 85, ""back_length_cm"": 95, ""sleeve_length_cm"": 72}";42;118;110;85;95;72
prod_15296;hemd-athen-72-cm-armlange;Hemd Athen - 72 cm Armlänge;;"<div class=""woocommerce-product-details__short-description"">
\n<p>Unser Hemd Athen – da fühlt man sich gleich wie im Süden. Ein etwas leichterer Stoff aus 100% Baumwolle. Am Strand, an der Bar, aber auch im Büro – dieses Hemd weiß zu begeistern. Kleine Details wie der abgesetzte hellblau-weiß karierte Innenteil des Kragens und der Manschetten und die tollen Perlmutt-Knöpfe geben diesem Hemd das gewisse Etwas.</p>
\n<p>Perfekt für sehr große Männer - in Überlänge, und mit 72 cm langen Ärmeln.</p>
\n</div>
\n<p>In den Paßformen <span class=""a-text-bold"">Slim Fit</span> und in <span class=""a-text-bold"">Modern Fit</span> erhältlich.</p>";published;https://www.riesenhemd.com/wp-content/uploads/2019/06/Hemd-extra-langer-Arm-72-Ueberlaenge-Athen-5.jpg;;;;;;;;;;;Tops;;true;;;;art_4260581271749;43;4260581271749;4260581271749;100;false;false;;;;;;;;;75;;Fit;Slim Fit;Size;43;https://www.riesenhemd.com/wp-content/uploads/2019/06/Hemd-extra-langer-Arm-72-Ueberlaenge-Athen-5.jpg; https://www.riesenhemd.com/wp-content/uploads/2021/05/Hemd-extra-langer-Arm-72-cm-Ueberlaenge-RIESENHEMD-Athen-2b.jpg;"{""size"": 43, ""chest_cm"": 121, ""waist_cm"": 113, ""front_length_cm"": 86, ""back_length_cm"": 96, ""sleeve_length_cm"": 72}";43;121;113;86;96;72
prod_15346;hemd-madrid-72-cm-armlange;Hemd Madrid - 72 cm Armlänge;;"<div class=""woocommerce-product-details__short-description"">
\n<p>Unser Hemd Madrid – ein super Freizeithemd, das lässig auch im Büro oder abends beim Feiern getragen werden kann. Aus einem tollem Oxford-Stoff, rosa-weiß gestreift, aus 100% Baumwolle.</p>
\n<p>Perfekt für sehr große Männer - in Überlänge, und mit 72 cm langen Ärmeln.</p>
\n</div>
\n<p>Zur Zeit nur in der Passform <span class=""a-text-bold"">Modern Fit</span> erhältlich.</p>";published;https://www.riesenhemd.com/wp-content/uploads/2018/11/Hemd-extra-langer-Arm-72-cm-Überlaenge-RIESENHEMD-Madrid-4.jpg;;;;;;;;;;;Tops;;true;;;;art_4260581270407;41;4260581270407;4260581270407;0;false;false;;;;;;;;;75;;Fit;Modern Fit;Size;41;https://www.riesenhemd.com/wp-content/uploads/2018/11/Hemd-extra-langer-Arm-72-cm-Überlaenge-RIESENHEMD-Madrid-4.jpg; https://www.riesenhemd.com/wp-content/uploads/2018/11/Hemd-extra-langer-Arm-72-cm-Überlaenge-RIESENHEMD-Madrid-3.jpg;"{""size"": 41, ""chest_cm"": 122, ""waist_cm"": 118, ""front_length_cm"": 85, ""back_length_cm"": 95, ""sleeve_length_cm"": 72}";41;122;118;85;95;72
prod_15346;hemd-madrid-72-cm-armlange;Hemd Madrid - 72 cm Armlänge;;"<div class=""woocommerce-product-details__short-description"">
\n<p>Unser Hemd Madrid – ein super Freizeithemd, das lässig auch im Büro oder abends beim Feiern getragen werden kann. Aus einem tollem Oxford-Stoff, rosa-weiß gestreift, aus 100% Baumwolle.</p>
\n<p>Perfekt für sehr große Männer - in Überlänge, und mit 72 cm langen Ärmeln.</p>
\n</div>
\n<p>Zur Zeit nur in der Passform <span class=""a-text-bold"">Modern Fit</span> erhältlich.</p>";published;https://www.riesenhemd.com/wp-content/uploads/2018/11/Hemd-extra-langer-Arm-72-cm-Überlaenge-RIESENHEMD-Madrid-4.jpg;;;;;;;;;;;Tops;;true;;;;art_4260581270414;42;4260581270414;4260581270414;100;false;false;;;;;;;;;75;;Fit;Modern Fit;Size;42;https://www.riesenhemd.com/wp-content/uploads/2018/11/Hemd-extra-langer-Arm-72-cm-Überlaenge-RIESENHEMD-Madrid-4.jpg; https://www.riesenhemd.com/wp-content/uploads/2018/11/Hemd-extra-langer-Arm-72-cm-Überlaenge-RIESENHEMD-Madrid-3.jpg;"{""size"": 42, ""chest_cm"": 125, ""waist_cm"": 121, ""front_length_cm"": 85, ""back_length_cm"": 95, ""sleeve_length_cm"": 72}";42;125;121;85;95;72
prod_15346;hemd-madrid-72-cm-armlange;Hemd Madrid - 72 cm Armlänge;;"<div class=""woocommerce-product-details__short-description"">
\n<p>Unser Hemd Madrid – ein super Freizeithemd, das lässig auch im Büro oder abends beim Feiern getragen werden kann. Aus einem tollem Oxford-Stoff, rosa-weiß gestreift, aus 100% Baumwolle.</p>
\n<p>Perfekt für sehr große Männer - in Überlänge, und mit 72 cm langen Ärmeln.</p>
\n</div>
\n<p>Zur Zeit nur in der Passform <span class=""a-text-bold"">Modern Fit</span> erhältlich.</p>";published;https://www.riesenhemd.com/wp-content/uploads/2018/11/Hemd-extra-langer-Arm-72-cm-Überlaenge-RIESENHEMD-Madrid-4.jpg;;;;;;;;;;;Tops;;true;;;;art_4260581270421;43;4260581270421;4260581270421;100;false;false;;;;;;;;;75;;Fit;Modern Fit;Size;43;https://www.riesenhemd.com/wp-content/uploads/2018/11/Hemd-extra-langer-Arm-72-cm-Überlaenge-RIESENHEMD-Madrid-4.jpg; https://www.riesenhemd.com/wp-content/uploads/2018/11/Hemd-extra-langer-Arm-72-cm-Überlaenge-RIESENHEMD-Madrid-3.jpg;"{""size"": 43, ""chest_cm"": 127, ""waist_cm"": 123, ""front_length_cm"": 86, ""back_length_cm"": 96, ""sleeve_length_cm"": 72}";43;127;123;86;96;72
prod_15346;hemd-madrid-72-cm-armlange;Hemd Madrid - 72 cm Armlänge;;"<div class=""woocommerce-product-details__short-description"">
\n<p>Unser Hemd Madrid – ein super Freizeithemd, das lässig auch im Büro oder abends beim Feiern getragen werden kann. Aus einem tollem Oxford-Stoff, rosa-weiß gestreift, aus 100% Baumwolle.</p>
\n<p>Perfekt für sehr große Männer - in Überlänge, und mit 72 cm langen Ärmeln.</p>
\n</div>
\n<p>Zur Zeit nur in der Passform <span class=""a-text-bold"">Modern Fit</span> erhältlich.</p>";published;https://www.riesenhemd.com/wp-content/uploads/2018/11/Hemd-extra-langer-Arm-72-cm-Überlaenge-RIESENHEMD-Madrid-4.jpg;;;;;;;;;;;Tops;;true;;;;art_4260581270438;44;4260581270438;4260581270438;0;false;false;;;;;;;;;75;;Fit;Modern Fit;Size;44;https://www.riesenhemd.com/wp-content/uploads/2018/11/Hemd-extra-langer-Arm-72-cm-Überlaenge-RIESENHEMD-Madrid-4.jpg; https://www.riesenhemd.com/wp-content/uploads/2018/11/Hemd-extra-langer-Arm-72-cm-Überlaenge-RIESENHEMD-Madrid-3.jpg;"{""size"": 44, ""chest_cm"": 129, ""waist_cm"": 125, ""front_length_cm"": 86, ""back_length_cm"": 96, ""sleeve_length_cm"": 72}";44;129;125;86;96;72
prod_15346;hemd-madrid-72-cm-armlange;Hemd Madrid - 72 cm Armlänge;;"<div class=""woocommerce-product-details__short-description"">
\n<p>Unser Hemd Madrid – ein super Freizeithemd, das lässig auch im Büro oder abends beim Feiern getragen werden kann. Aus einem tollem Oxford-Stoff, rosa-weiß gestreift, aus 100% Baumwolle.</p>
\n<p>Perfekt für sehr große Männer - in Überlänge, und mit 72 cm langen Ärmeln.</p>
\n</div>
\n<p>Zur Zeit nur in der Passform <span class=""a-text-bold"">Modern Fit</span> erhältlich.</p>";published;https://www.riesenhemd.com/wp-content/uploads/2018/11/Hemd-extra-langer-Arm-72-cm-Überlaenge-RIESENHEMD-Madrid-4.jpg;;;;;;;;;;;Tops;;true;;;;art_4260581270445;45;4260581270445;4260581270445;100;false;false;;;;;;;;;75;;Fit;Modern Fit;Size;45;https://www.riesenhemd.com/wp-content/uploads/2018/11/Hemd-extra-langer-Arm-72-cm-Überlaenge-RIESENHEMD-Madrid-4.jpg; https://www.riesenhemd.com/wp-content/uploads/2018/11/Hemd-extra-langer-Arm-72-cm-Überlaenge-RIESENHEMD-Madrid-3.jpg;"{""size"": 45, ""chest_cm"": 131, ""waist_cm"": 127, ""front_length_cm"": 87, ""back_length_cm"": 97, ""sleeve_length_cm"": 72}";45;131;127;87;97;72
prod_15346;hemd-madrid-72-cm-armlange;Hemd Madrid - 72 cm Armlänge;;"<div class=""woocommerce-product-details__short-description"">
\n<p>Unser Hemd Madrid – ein super Freizeithemd, das lässig auch im Büro oder abends beim Feiern getragen werden kann. Aus einem tollem Oxford-Stoff, rosa-weiß gestreift, aus 100% Baumwolle.</p>
\n<p>Perfekt für sehr große Männer - in Überlänge, und mit 72 cm langen Ärmeln.</p>
\n</div>
\n<p>Zur Zeit nur in der Passform <span class=""a-text-bold"">Modern Fit</span> erhältlich.</p>";published;https://www.riesenhemd.com/wp-content/uploads/2018/11/Hemd-extra-langer-Arm-72-cm-Überlaenge-RIESENHEMD-Madrid-4.jpg;;;;;;;;;;;Tops;;true;;;;art_4260581270452;46;4260581270452;4260581270452;0;false;false;;;;;;;;;75;;Fit;Modern Fit;Size;46;https://www.riesenhemd.com/wp-content/uploads/2018/11/Hemd-extra-langer-Arm-72-cm-Überlaenge-RIESENHEMD-Madrid-4.jpg; https://www.riesenhemd.com/wp-content/uploads/2018/11/Hemd-extra-langer-Arm-72-cm-Überlaenge-RIESENHEMD-Madrid-3.jpg;"{""size"": 46, ""chest_cm"": 133, ""waist_cm"": 129, ""front_length_cm"": 87, ""back_length_cm"": 97, ""sleeve_length_cm"": 72}";46;133;129;87;97;72
prod_15396;hemd-wien-72-cm-armlange;Hemd Wien - 72 cm Armlänge;;"<div class=""woocommerce-product-details__short-description"">
\n<p>Unser Hemd Wien – ein super Freizeithemd, das lässig auch im Büro oder abends beim Feiern getragen werden kann. Aus einem tollem Oxford-Stoff, hellblau-weiß gestreift, aus 100% Baumwolle.</p>
\n<p>Perfekt für sehr große Männer - in Überlänge, und mit 72 cm langen Ärmeln.</p>
\n</div>
\n<p>Zur Zeit nur in der Größe <span class=""a-text-bold"">Modern Fit</span> erhältlich.</p>";published;https://www.riesenhemd.com/wp-content/uploads/2018/11/Hemd-extra-langer-Arm-72-cm-Überlaenge-RIESENHEMD-Wien-4.jpg;;;;;;;;;;;Tops;;true;;;;art_4260581270308;41;4260581270308;4260581270308;100;false;false;;;;;;;;;75;;Fit;Modern Fit;Size;41;https://www.riesenhemd.com/wp-content/uploads/2018/11/Hemd-extra-langer-Arm-72-cm-Überlaenge-RIESENHEMD-Wien-4.jpg; https://www.riesenhemd.com/wp-content/uploads/2018/11/Hemd-extra-langer-Arm-72-cm-Überlaenge-RIESENHEMD-Wien-2.jpg;"{""size"": 41, ""chest_cm"": 122, ""waist_cm"": 118, ""front_length_cm"": 85, ""back_length_cm"": 95, ""sleeve_length_cm"": 72}";41;122;118;85;95;72
prod_15396;hemd-wien-72-cm-armlange;Hemd Wien - 72 cm Armlänge;;"<div class=""woocommerce-product-details__short-description"">
\n<p>Unser Hemd Wien – ein super Freizeithemd, das lässig auch im Büro oder abends beim Feiern getragen werden kann. Aus einem tollem Oxford-Stoff, hellblau-weiß gestreift, aus 100% Baumwolle.</p>
\n<p>Perfekt für sehr große Männer - in Überlänge, und mit 72 cm langen Ärmeln.</p>
\n</div>
\n<p>Zur Zeit nur in der Größe <span class=""a-text-bold"">Modern Fit</span> erhältlich.</p>";published;https://www.riesenhemd.com/wp-content/uploads/2018/11/Hemd-extra-langer-Arm-72-cm-Überlaenge-RIESENHEMD-Wien-4.jpg;;;;;;;;;;;Tops;;true;;;;art_4260581270315;42;4260581270315;4260581270315;100;false;false;;;;;;;;;75;;Fit;Modern Fit;Size;42;https://www.riesenhemd.com/wp-content/uploads/2018/11/Hemd-extra-langer-Arm-72-cm-Überlaenge-RIESENHEMD-Wien-4.jpg; https://www.riesenhemd.com/wp-content/uploads/2018/11/Hemd-extra-langer-Arm-72-cm-Überlaenge-RIESENHEMD-Wien-2.jpg;"{""size"": 42, ""chest_cm"": 125, ""waist_cm"": 121, ""front_length_cm"": 85, ""back_length_cm"": 95, ""sleeve_length_cm"": 72}";42;125;121;85;95;72
prod_15396;hemd-wien-72-cm-armlange;Hemd Wien - 72 cm Armlänge;;"<div class=""woocommerce-product-details__short-description"">
\n<p>Unser Hemd Wien – ein super Freizeithemd, das lässig auch im Büro oder abends beim Feiern getragen werden kann. Aus einem tollem Oxford-Stoff, hellblau-weiß gestreift, aus 100% Baumwolle.</p>
\n<p>Perfekt für sehr große Männer - in Überlänge, und mit 72 cm langen Ärmeln.</p>
\n</div>
\n<p>Zur Zeit nur in der Größe <span class=""a-text-bold"">Modern Fit</span> erhältlich.</p>";published;https://www.riesenhemd.com/wp-content/uploads/2018/11/Hemd-extra-langer-Arm-72-cm-Überlaenge-RIESENHEMD-Wien-4.jpg;;;;;;;;;;;Tops;;true;;;;art_4260581270322;43;4260581270322;4260581270322;0;false;false;;;;;;;;;75;;Fit;Modern Fit;Size;43;https://www.riesenhemd.com/wp-content/uploads/2018/11/Hemd-extra-langer-Arm-72-cm-Überlaenge-RIESENHEMD-Wien-4.jpg; https://www.riesenhemd.com/wp-content/uploads/2018/11/Hemd-extra-langer-Arm-72-cm-Überlaenge-RIESENHEMD-Wien-2.jpg;"{""size"": 43, ""chest_cm"": 127, ""waist_cm"": 123, ""front_length_cm"": 86, ""back_length_cm"": 96, ""sleeve_length_cm"": 72}";43;127;123;86;96;72
prod_15396;hemd-wien-72-cm-armlange;Hemd Wien - 72 cm Armlänge;;"<div class=""woocommerce-product-details__short-description"">
\n<p>Unser Hemd Wien – ein super Freizeithemd, das lässig auch im Büro oder abends beim Feiern getragen werden kann. Aus einem tollem Oxford-Stoff, hellblau-weiß gestreift, aus 100% Baumwolle.</p>
\n<p>Perfekt für sehr große Männer - in Überlänge, und mit 72 cm langen Ärmeln.</p>
\n</div>
\n<p>Zur Zeit nur in der Größe <span class=""a-text-bold"">Modern Fit</span> erhältlich.</p>";published;https://www.riesenhemd.com/wp-content/uploads/2018/11/Hemd-extra-langer-Arm-72-cm-Überlaenge-RIESENHEMD-Wien-4.jpg;;;;;;;;;;;Tops;;true;;;;art_4260581270339;44;4260581270339;4260581270339;0;false;false;;;;;;;;;75;;Fit;Modern Fit;Size;44;https://www.riesenhemd.com/wp-content/uploads/2018/11/Hemd-extra-langer-Arm-72-cm-Überlaenge-RIESENHEMD-Wien-4.jpg; https://www.riesenhemd.com/wp-content/uploads/2018/11/Hemd-extra-langer-Arm-72-cm-Überlaenge-RIESENHEMD-Wien-2.jpg;"{""size"": 44, ""chest_cm"": 129, ""waist_cm"": 125, ""front_length_cm"": 86, ""back_length_cm"": 96, ""sleeve_length_cm"": 72}";44;129;125;86;96;72
prod_15396;hemd-wien-72-cm-armlange;Hemd Wien - 72 cm Armlänge;;"<div class=""woocommerce-product-details__short-description"">
\n<p>Unser Hemd Wien – ein super Freizeithemd, das lässig auch im Büro oder abends beim Feiern getragen werden kann. Aus einem tollem Oxford-Stoff, hellblau-weiß gestreift, aus 100% Baumwolle.</p>
\n<p>Perfekt für sehr große Männer - in Überlänge, und mit 72 cm langen Ärmeln.</p>
\n</div>
\n<p>Zur Zeit nur in der Größe <span class=""a-text-bold"">Modern Fit</span> erhältlich.</p>";published;https://www.riesenhemd.com/wp-content/uploads/2018/11/Hemd-extra-langer-Arm-72-cm-Überlaenge-RIESENHEMD-Wien-4.jpg;;;;;;;;;;;Tops;;true;;;;art_4260581270346;45;4260581270346;4260581270346;100;false;false;;;;;;;;;75;;Fit;Modern Fit;Size;45;https://www.riesenhemd.com/wp-content/uploads/2018/11/Hemd-extra-langer-Arm-72-cm-Überlaenge-RIESENHEMD-Wien-4.jpg; https://www.riesenhemd.com/wp-content/uploads/2018/11/Hemd-extra-langer-Arm-72-cm-Überlaenge-RIESENHEMD-Wien-2.jpg;"{""size"": 45, ""chest_cm"": 131, ""waist_cm"": 127, ""front_length_cm"": 87, ""back_length_cm"": 97, ""sleeve_length_cm"": 72}";45;131;127;87;97;72
prod_15396;hemd-wien-72-cm-armlange;Hemd Wien - 72 cm Armlänge;;"<div class=""woocommerce-product-details__short-description"">
\n<p>Unser Hemd Wien – ein super Freizeithemd, das lässig auch im Büro oder abends beim Feiern getragen werden kann. Aus einem tollem Oxford-Stoff, hellblau-weiß gestreift, aus 100% Baumwolle.</p>
\n<p>Perfekt für sehr große Männer - in Überlänge, und mit 72 cm langen Ärmeln.</p>
\n</div>
\n<p>Zur Zeit nur in der Größe <span class=""a-text-bold"">Modern Fit</span> erhältlich.</p>";published;https://www.riesenhemd.com/wp-content/uploads/2018/11/Hemd-extra-langer-Arm-72-cm-Überlaenge-RIESENHEMD-Wien-4.jpg;;;;;;;;;;;Tops;;true;;;;art_4260581270353;46;4260581270353;4260581270353;0;false;false;;;;;;;;;75;;Fit;Modern Fit;Size;46;https://www.riesenhemd.com/wp-content/uploads/2018/11/Hemd-extra-langer-Arm-72-cm-Überlaenge-RIESENHEMD-Wien-4.jpg; https://www.riesenhemd.com/wp-content/uploads/2018/11/Hemd-extra-langer-Arm-72-cm-Überlaenge-RIESENHEMD-Wien-2.jpg;"{""size"": 46, ""chest_cm"": 133, ""waist_cm"": 129, ""front_length_cm"": 87, ""back_length_cm"": 97, ""sleeve_length_cm"": 72}";46;133;129;87;97;72
prod_15458;hemd-lissabon-72-cm-armlange;Hemd Lissabon - 72 cm Armlänge;;"<div class=""woocommerce-product-details__short-description"">
\n<p>Unser Hemd Lissabon – sehr lässig sowohl auf der Strandpromenade als auch abends beim Feiern. Aber auch im Büro ein echter Hinschauer. Ein toller Twill-Stoff, mattblau-weiß gestreift. Natürlich aus 100% Baumwolle.</p>
\n<p>Perfekt für sehr große Männer - in Überlänge, und mit 72 cm langen Ärmeln.</p>
\n</div>
\n<p>Zur Zeit nur in der Passform <span class=""a-text-bold"">Modern Fit</span> erhältlich.</p>";published;https://www.riesenhemd.com/wp-content/uploads/2019/06/Hemd-extra-langer-Arm-72-Ueberlaenge-Lissabon-5.jpg;;;;;;;;;;;Tops;;true;;;;art_4260581271008;41;4260581271008;4260581271008;100;false;false;;;;;;;;;75;;Fit;Modern Fit;Size;41;https://www.riesenhemd.com/wp-content/uploads/2019/06/Hemd-extra-langer-Arm-72-Ueberlaenge-Lissabon-5.jpg; https://www.riesenhemd.com/wp-content/uploads/2019/06/Hemd-extra-langer-Arm-72-cm-Ueberlaenge-RIESENHEMD-Lissabon-2.jpg;"{""size"": 41, ""chest_cm"": 122, ""waist_cm"": 118, ""front_length_cm"": 85, ""back_length_cm"": 95, ""sleeve_length_cm"": 72}";41;122;118;85;95;72
prod_15458;hemd-lissabon-72-cm-armlange;Hemd Lissabon - 72 cm Armlänge;;"<div class=""woocommerce-product-details__short-description"">
\n<p>Unser Hemd Lissabon – sehr lässig sowohl auf der Strandpromenade als auch abends beim Feiern. Aber auch im Büro ein echter Hinschauer. Ein toller Twill-Stoff, mattblau-weiß gestreift. Natürlich aus 100% Baumwolle.</p>
\n<p>Perfekt für sehr große Männer - in Überlänge, und mit 72 cm langen Ärmeln.</p>
\n</div>
\n<p>Zur Zeit nur in der Passform <span class=""a-text-bold"">Modern Fit</span> erhältlich.</p>";published;https://www.riesenhemd.com/wp-content/uploads/2019/06/Hemd-extra-langer-Arm-72-Ueberlaenge-Lissabon-5.jpg;;;;;;;;;;;Tops;;true;;;;art_4260581271015;42;4260581271015;4260581271015;100;false;false;;;;;;;;;75;;Fit;Modern Fit;Size;42;https://www.riesenhemd.com/wp-content/uploads/2019/06/Hemd-extra-langer-Arm-72-Ueberlaenge-Lissabon-5.jpg; https://www.riesenhemd.com/wp-content/uploads/2019/06/Hemd-extra-langer-Arm-72-cm-Ueberlaenge-RIESENHEMD-Lissabon-2.jpg;"{""size"": 42, ""chest_cm"": 125, ""waist_cm"": 121, ""front_length_cm"": 85, ""back_length_cm"": 95, ""sleeve_length_cm"": 72}";42;125;121;85;95;72
prod_15458;hemd-lissabon-72-cm-armlange;Hemd Lissabon - 72 cm Armlänge;;"<div class=""woocommerce-product-details__short-description"">
\n<p>Unser Hemd Lissabon – sehr lässig sowohl auf der Strandpromenade als auch abends beim Feiern. Aber auch im Büro ein echter Hinschauer. Ein toller Twill-Stoff, mattblau-weiß gestreift. Natürlich aus 100% Baumwolle.</p>
\n<p>Perfekt für sehr große Männer - in Überlänge, und mit 72 cm langen Ärmeln.</p>
\n</div>
\n<p>Zur Zeit nur in der Passform <span class=""a-text-bold"">Modern Fit</span> erhältlich.</p>";published;https://www.riesenhemd.com/wp-content/uploads/2019/06/Hemd-extra-langer-Arm-72-Ueberlaenge-Lissabon-5.jpg;;;;;;;;;;;Tops;;true;;;;art_4260581271022;43;4260581271022;4260581271022;100;false;false;;;;;;;;;75;;Fit;Modern Fit;Size;43;https://www.riesenhemd.com/wp-content/uploads/2019/06/Hemd-extra-langer-Arm-72-Ueberlaenge-Lissabon-5.jpg; https://www.riesenhemd.com/wp-content/uploads/2019/06/Hemd-extra-langer-Arm-72-cm-Ueberlaenge-RIESENHEMD-Lissabon-2.jpg;"{""size"": 43, ""chest_cm"": 127, ""waist_cm"": 123, ""front_length_cm"": 86, ""back_length_cm"": 96, ""sleeve_length_cm"": 72}";43;127;123;86;96;72
prod_15458;hemd-lissabon-72-cm-armlange;Hemd Lissabon - 72 cm Armlänge;;"<div class=""woocommerce-product-details__short-description"">
\n<p>Unser Hemd Lissabon – sehr lässig sowohl auf der Strandpromenade als auch abends beim Feiern. Aber auch im Büro ein echter Hinschauer. Ein toller Twill-Stoff, mattblau-weiß gestreift. Natürlich aus 100% Baumwolle.</p>
\n<p>Perfekt für sehr große Männer - in Überlänge, und mit 72 cm langen Ärmeln.</p>
\n</div>
\n<p>Zur Zeit nur in der Passform <span class=""a-text-bold"">Modern Fit</span> erhältlich.</p>";published;https://www.riesenhemd.com/wp-content/uploads/2019/06/Hemd-extra-langer-Arm-72-Ueberlaenge-Lissabon-5.jpg;;;;;;;;;;;Tops;;true;;;;art_4260581271039;44;4260581271039;4260581271039;100;false;false;;;;;;;;;75;;Fit;Modern Fit;Size;44;https://www.riesenhemd.com/wp-content/uploads/2019/06/Hemd-extra-langer-Arm-72-Ueberlaenge-Lissabon-5.jpg; https://www.riesenhemd.com/wp-content/uploads/2019/06/Hemd-extra-langer-Arm-72-cm-Ueberlaenge-RIESENHEMD-Lissabon-2.jpg;"{""size"": 44, ""chest_cm"": 129, ""waist_cm"": 125, ""front_length_cm"": 86, ""back_length_cm"": 96, ""sleeve_length_cm"": 72}";44;129;125;86;96;72
prod_15458;hemd-lissabon-72-cm-armlange;Hemd Lissabon - 72 cm Armlänge;;"<div class=""woocommerce-product-details__short-description"">
\n<p>Unser Hemd Lissabon – sehr lässig sowohl auf der Strandpromenade als auch abends beim Feiern. Aber auch im Büro ein echter Hinschauer. Ein toller Twill-Stoff, mattblau-weiß gestreift. Natürlich aus 100% Baumwolle.</p>
\n<p>Perfekt für sehr große Männer - in Überlänge, und mit 72 cm langen Ärmeln.</p>
\n</div>
\n<p>Zur Zeit nur in der Passform <span class=""a-text-bold"">Modern Fit</span> erhältlich.</p>";published;https://www.riesenhemd.com/wp-content/uploads/2019/06/Hemd-extra-langer-Arm-72-Ueberlaenge-Lissabon-5.jpg;;;;;;;;;;;Tops;;true;;;;art_4260581271046;45;4260581271046;4260581271046;100;false;false;;;;;;;;;75;;Fit;Modern Fit;Size;45;https://www.riesenhemd.com/wp-content/uploads/2019/06/Hemd-extra-langer-Arm-72-Ueberlaenge-Lissabon-5.jpg; https://www.riesenhemd.com/wp-content/uploads/2019/06/Hemd-extra-langer-Arm-72-cm-Ueberlaenge-RIESENHEMD-Lissabon-2.jpg;"{""size"": 45, ""chest_cm"": 131, ""waist_cm"": 127, ""front_length_cm"": 87, ""back_length_cm"": 97, ""sleeve_length_cm"": 72}";45;131;127;87;97;72
prod_15458;hemd-lissabon-72-cm-armlange;Hemd Lissabon - 72 cm Armlänge;;"<div class=""woocommerce-product-details__short-description"">
\n<p>Unser Hemd Lissabon – sehr lässig sowohl auf der Strandpromenade als auch abends beim Feiern. Aber auch im Büro ein echter Hinschauer. Ein toller Twill-Stoff, mattblau-weiß gestreift. Natürlich aus 100% Baumwolle.</p>
\n<p>Perfekt für sehr große Männer - in Überlänge, und mit 72 cm langen Ärmeln.</p>
\n</div>
\n<p>Zur Zeit nur in der Passform <span class=""a-text-bold"">Modern Fit</span> erhältlich.</p>";published;https://www.riesenhemd.com/wp-content/uploads/2019/06/Hemd-extra-langer-Arm-72-Ueberlaenge-Lissabon-5.jpg;;;;;;;;;;;Tops;;true;;;;art_4260581271053;46;4260581271053;4260581271053;0;false;false;;;;;;;;;75;;Fit;Modern Fit;Size;46;https://www.riesenhemd.com/wp-content/uploads/2019/06/Hemd-extra-langer-Arm-72-Ueberlaenge-Lissabon-5.jpg; https://www.riesenhemd.com/wp-content/uploads/2019/06/Hemd-extra-langer-Arm-72-cm-Ueberlaenge-RIESENHEMD-Lissabon-2.jpg;"{""size"": 46, ""chest_cm"": 133, ""waist_cm"": 129, ""front_length_cm"": 87, ""back_length_cm"": 97, ""sleeve_length_cm"": 72}";46;133;129;87;97;72
prod_15508;hemd-oslo-72-cm-armlange;Hemd Oslo - 72 cm Armlänge;;"<div class=""woocommerce-product-details__short-description"">
\n<p>Unser Hemd Oslo – damit machen Sie abends beim Feiern immer eine tolle Figur. Aber auch im Büro ein echter Hinschauer. Ein toller Popeline-Stoff, weiß/dunkelblau meliert mit feinen Karos. Natürlich 100% Baumwolle.</p>
\n<p>Perfekt für sehr große Männer - in Überlänge, und mit 72 cm langen Ärmeln.</p>
\n</div>
\n<p>In den Paßformen <span class=""a-text-bold"">Slim Fit</span> und in <span class=""a-text-bold"">Modern Fit</span> erhältlich.</p>";published;https://www.riesenhemd.com/wp-content/uploads/2018/11/Hemd-extra-langer-Arm-72-cm-Überlaenge-RIESENHEMD-Oslo-4.jpg;;;;;;;;;;;Tops;;true;;;;art_4260581270506;41;4260581270506;4260581270506;100;false;false;;;;;;;;;75;;Fit;Modern Fit;Size;41;https://www.riesenhemd.com/wp-content/uploads/2018/11/Hemd-extra-langer-Arm-72-cm-Überlaenge-RIESENHEMD-Oslo-4.jpg; https://www.riesenhemd.com/wp-content/uploads/2018/11/Hemd-extra-langer-Arm-72-cm-Überlaenge-RIESENHEMD-Oslo-3.jpg;"{""size"": 41, ""chest_cm"": 122, ""waist_cm"": 118, ""front_length_cm"": 85, ""back_length_cm"": 95, ""sleeve_length_cm"": 72}";41;122;118;85;95;72
prod_15508;hemd-oslo-72-cm-armlange;Hemd Oslo - 72 cm Armlänge;;"<div class=""woocommerce-product-details__short-description"">
\n<p>Unser Hemd Oslo – damit machen Sie abends beim Feiern immer eine tolle Figur. Aber auch im Büro ein echter Hinschauer. Ein toller Popeline-Stoff, weiß/dunkelblau meliert mit feinen Karos. Natürlich 100% Baumwolle.</p>
\n<p>Perfekt für sehr große Männer - in Überlänge, und mit 72 cm langen Ärmeln.</p>
\n</div>
\n<p>In den Paßformen <span class=""a-text-bold"">Slim Fit</span> und in <span class=""a-text-bold"">Modern Fit</span> erhältlich.</p>";published;https://www.riesenhemd.com/wp-content/uploads/2018/11/Hemd-extra-langer-Arm-72-cm-Überlaenge-RIESENHEMD-Oslo-4.jpg;;;;;;;;;;;Tops;;true;;;;art_4260581270513;42;4260581270513;4260581270513;100;false;false;;;;;;;;;75;;Fit;Modern Fit;Size;42;https://www.riesenhemd.com/wp-content/uploads/2018/11/Hemd-extra-langer-Arm-72-cm-Überlaenge-RIESENHEMD-Oslo-4.jpg; https://www.riesenhemd.com/wp-content/uploads/2018/11/Hemd-extra-langer-Arm-72-cm-Überlaenge-RIESENHEMD-Oslo-3.jpg;"{""size"": 42, ""chest_cm"": 125, ""waist_cm"": 121, ""front_length_cm"": 85, ""back_length_cm"": 95, ""sleeve_length_cm"": 72}";42;125;121;85;95;72
prod_15508;hemd-oslo-72-cm-armlange;Hemd Oslo - 72 cm Armlänge;;"<div class=""woocommerce-product-details__short-description"">
\n<p>Unser Hemd Oslo – damit machen Sie abends beim Feiern immer eine tolle Figur. Aber auch im Büro ein echter Hinschauer. Ein toller Popeline-Stoff, weiß/dunkelblau meliert mit feinen Karos. Natürlich 100% Baumwolle.</p>
\n<p>Perfekt für sehr große Männer - in Überlänge, und mit 72 cm langen Ärmeln.</p>
\n</div>
\n<p>In den Paßformen <span class=""a-text-bold"">Slim Fit</span> und in <span class=""a-text-bold"">Modern Fit</span> erhältlich.</p>";published;https://www.riesenhemd.com/wp-content/uploads/2018/11/Hemd-extra-langer-Arm-72-cm-Überlaenge-RIESENHEMD-Oslo-4.jpg;;;;;;;;;;;Tops;;true;;;;art_4260581270520;43;4260581270520;4260581270520;100;false;false;;;;;;;;;75;;Fit;Modern Fit;Size;43;https://www.riesenhemd.com/wp-content/uploads/2018/11/Hemd-extra-langer-Arm-72-cm-Überlaenge-RIESENHEMD-Oslo-4.jpg; https://www.riesenhemd.com/wp-content/uploads/2018/11/Hemd-extra-langer-Arm-72-cm-Überlaenge-RIESENHEMD-Oslo-3.jpg;"{""size"": 43, ""chest_cm"": 127, ""waist_cm"": 123, ""front_length_cm"": 86, ""back_length_cm"": 96, ""sleeve_length_cm"": 72}";43;127;123;86;96;72
prod_15508;hemd-oslo-72-cm-armlange;Hemd Oslo - 72 cm Armlänge;;"<div class=""woocommerce-product-details__short-description"">
\n<p>Unser Hemd Oslo – damit machen Sie abends beim Feiern immer eine tolle Figur. Aber auch im Büro ein echter Hinschauer. Ein toller Popeline-Stoff, weiß/dunkelblau meliert mit feinen Karos. Natürlich 100% Baumwolle.</p>
\n<p>Perfekt für sehr große Männer - in Überlänge, und mit 72 cm langen Ärmeln.</p>
\n</div>
\n<p>In den Paßformen <span class=""a-text-bold"">Slim Fit</span> und in <span class=""a-text-bold"">Modern Fit</span> erhältlich.</p>";published;https://www.riesenhemd.com/wp-content/uploads/2018/11/Hemd-extra-langer-Arm-72-cm-Überlaenge-RIESENHEMD-Oslo-4.jpg;;;;;;;;;;;Tops;;true;;;;art_4260581270537;44;4260581270537;4260581270537;100;false;false;;;;;;;;;75;;Fit;Modern Fit;Size;44;https://www.riesenhemd.com/wp-content/uploads/2018/11/Hemd-extra-langer-Arm-72-cm-Überlaenge-RIESENHEMD-Oslo-4.jpg; https://www.riesenhemd.com/wp-content/uploads/2018/11/Hemd-extra-langer-Arm-72-cm-Überlaenge-RIESENHEMD-Oslo-3.jpg;"{""size"": 44, ""chest_cm"": 129, ""waist_cm"": 125, ""front_length_cm"": 86, ""back_length_cm"": 96, ""sleeve_length_cm"": 72}";44;129;125;86;96;72
prod_15508;hemd-oslo-72-cm-armlange;Hemd Oslo - 72 cm Armlänge;;"<div class=""woocommerce-product-details__short-description"">
\n<p>Unser Hemd Oslo – damit machen Sie abends beim Feiern immer eine tolle Figur. Aber auch im Büro ein echter Hinschauer. Ein toller Popeline-Stoff, weiß/dunkelblau meliert mit feinen Karos. Natürlich 100% Baumwolle.</p>
\n<p>Perfekt für sehr große Männer - in Überlänge, und mit 72 cm langen Ärmeln.</p>
\n</div>
\n<p>In den Paßformen <span class=""a-text-bold"">Slim Fit</span> und in <span class=""a-text-bold"">Modern Fit</span> erhältlich.</p>";published;https://www.riesenhemd.com/wp-content/uploads/2018/11/Hemd-extra-langer-Arm-72-cm-Überlaenge-RIESENHEMD-Oslo-4.jpg;;;;;;;;;;;Tops;;true;;;;art_4260581270544;45;4260581270544;4260581270544;100;false;false;;;;;;;;;75;;Fit;Modern Fit;Size;45;https://www.riesenhemd.com/wp-content/uploads/2018/11/Hemd-extra-langer-Arm-72-cm-Überlaenge-RIESENHEMD-Oslo-4.jpg; https://www.riesenhemd.com/wp-content/uploads/2018/11/Hemd-extra-langer-Arm-72-cm-Überlaenge-RIESENHEMD-Oslo-3.jpg;"{""size"": 45, ""chest_cm"": 131, ""waist_cm"": 127, ""front_length_cm"": 87, ""back_length_cm"": 97, ""sleeve_length_cm"": 72}";45;131;127;87;97;72
prod_15508;hemd-oslo-72-cm-armlange;Hemd Oslo - 72 cm Armlänge;;"<div class=""woocommerce-product-details__short-description"">
\n<p>Unser Hemd Oslo – damit machen Sie abends beim Feiern immer eine tolle Figur. Aber auch im Büro ein echter Hinschauer. Ein toller Popeline-Stoff, weiß/dunkelblau meliert mit feinen Karos. Natürlich 100% Baumwolle.</p>
\n<p>Perfekt für sehr große Männer - in Überlänge, und mit 72 cm langen Ärmeln.</p>
\n</div>
\n<p>In den Paßformen <span class=""a-text-bold"">Slim Fit</span> und in <span class=""a-text-bold"">Modern Fit</span> erhältlich.</p>";published;https://www.riesenhemd.com/wp-content/uploads/2018/11/Hemd-extra-langer-Arm-72-cm-Überlaenge-RIESENHEMD-Oslo-4.jpg;;;;;;;;;;;Tops;;true;;;;art_4260581270551;46;4260581270551;4260581270551;0;false;false;;;;;;;;;75;;Fit;Modern Fit;Size;46;https://www.riesenhemd.com/wp-content/uploads/2018/11/Hemd-extra-langer-Arm-72-cm-Überlaenge-RIESENHEMD-Oslo-4.jpg; https://www.riesenhemd.com/wp-content/uploads/2018/11/Hemd-extra-langer-Arm-72-cm-Überlaenge-RIESENHEMD-Oslo-3.jpg;"{""size"": 46, ""chest_cm"": 133, ""waist_cm"": 129, ""front_length_cm"": 87, ""back_length_cm"": 97, ""sleeve_length_cm"": 72}";46;133;129;87;97;72
prod_15508;hemd-oslo-72-cm-armlange;Hemd Oslo - 72 cm Armlänge;;"<div class=""woocommerce-product-details__short-description"">
\n<p>Unser Hemd Oslo – damit machen Sie abends beim Feiern immer eine tolle Figur. Aber auch im Büro ein echter Hinschauer. Ein toller Popeline-Stoff, weiß/dunkelblau meliert mit feinen Karos. Natürlich 100% Baumwolle.</p>
\n<p>Perfekt für sehr große Männer - in Überlänge, und mit 72 cm langen Ärmeln.</p>
\n</div>
\n<p>In den Paßformen <span class=""a-text-bold"">Slim Fit</span> und in <span class=""a-text-bold"">Modern Fit</span> erhältlich.</p>";published;https://www.riesenhemd.com/wp-content/uploads/2018/11/Hemd-extra-langer-Arm-72-cm-Überlaenge-RIESENHEMD-Oslo-4.jpg;;;;;;;;;;;Tops;;true;;;;art_4260581271305;39;4260581271305;4260581271305;100;false;false;;;;;;;;;75;;Fit;Slim Fit;Size;39;https://www.riesenhemd.com/wp-content/uploads/2018/11/Hemd-extra-langer-Arm-72-cm-Überlaenge-RIESENHEMD-Oslo-4.jpg; https://www.riesenhemd.com/wp-content/uploads/2018/11/Hemd-extra-langer-Arm-72-cm-Überlaenge-RIESENHEMD-Oslo-3.jpg;"{""size"": 39, ""chest_cm"": 108, ""waist_cm"": 100, ""front_length_cm"": 85, ""back_length_cm"": 95, ""sleeve_length_cm"": 72}";39;108;100;85;95;72
prod_15508;hemd-oslo-72-cm-armlange;Hemd Oslo - 72 cm Armlänge;;"<div class=""woocommerce-product-details__short-description"">
\n<p>Unser Hemd Oslo – damit machen Sie abends beim Feiern immer eine tolle Figur. Aber auch im Büro ein echter Hinschauer. Ein toller Popeline-Stoff, weiß/dunkelblau meliert mit feinen Karos. Natürlich 100% Baumwolle.</p>
\n<p>Perfekt für sehr große Männer - in Überlänge, und mit 72 cm langen Ärmeln.</p>
\n</div>
\n<p>In den Paßformen <span class=""a-text-bold"">Slim Fit</span> und in <span class=""a-text-bold"">Modern Fit</span> erhältlich.</p>";published;https://www.riesenhemd.com/wp-content/uploads/2018/11/Hemd-extra-langer-Arm-72-cm-Überlaenge-RIESENHEMD-Oslo-4.jpg;;;;;;;;;;;Tops;;true;;;;art_4260581271312;40;4260581271312;4260581271312;100;false;false;;;;;;;;;75;;Fit;Slim Fit;Size;40;https://www.riesenhemd.com/wp-content/uploads/2018/11/Hemd-extra-langer-Arm-72-cm-Überlaenge-RIESENHEMD-Oslo-4.jpg; https://www.riesenhemd.com/wp-content/uploads/2018/11/Hemd-extra-langer-Arm-72-cm-Überlaenge-RIESENHEMD-Oslo-3.jpg;"{""size"": 40, ""chest_cm"": 111, ""waist_cm"": 103, ""front_length_cm"": 85, ""back_length_cm"": 95, ""sleeve_length_cm"": 72}";40;111;103;85;95;72
prod_15508;hemd-oslo-72-cm-armlange;Hemd Oslo - 72 cm Armlänge;;"<div class=""woocommerce-product-details__short-description"">
\n<p>Unser Hemd Oslo – damit machen Sie abends beim Feiern immer eine tolle Figur. Aber auch im Büro ein echter Hinschauer. Ein toller Popeline-Stoff, weiß/dunkelblau meliert mit feinen Karos. Natürlich 100% Baumwolle.</p>
\n<p>Perfekt für sehr große Männer - in Überlänge, und mit 72 cm langen Ärmeln.</p>
\n</div>
\n<p>In den Paßformen <span class=""a-text-bold"">Slim Fit</span> und in <span class=""a-text-bold"">Modern Fit</span> erhältlich.</p>";published;https://www.riesenhemd.com/wp-content/uploads/2018/11/Hemd-extra-langer-Arm-72-cm-Überlaenge-RIESENHEMD-Oslo-4.jpg;;;;;;;;;;;Tops;;true;;;;art_4260581271329;41;4260581271329;4260581271329;0;false;false;;;;;;;;;75;;Fit;Slim Fit;Size;41;https://www.riesenhemd.com/wp-content/uploads/2018/11/Hemd-extra-langer-Arm-72-cm-Überlaenge-RIESENHEMD-Oslo-4.jpg; https://www.riesenhemd.com/wp-content/uploads/2018/11/Hemd-extra-langer-Arm-72-cm-Überlaenge-RIESENHEMD-Oslo-3.jpg;"{""size"": 41, ""chest_cm"": 115, ""waist_cm"": 107, ""front_length_cm"": 85, ""back_length_cm"": 95, ""sleeve_length_cm"": 72}";41;115;107;85;95;72
prod_15508;hemd-oslo-72-cm-armlange;Hemd Oslo - 72 cm Armlänge;;"<div class=""woocommerce-product-details__short-description"">
\n<p>Unser Hemd Oslo – damit machen Sie abends beim Feiern immer eine tolle Figur. Aber auch im Büro ein echter Hinschauer. Ein toller Popeline-Stoff, weiß/dunkelblau meliert mit feinen Karos. Natürlich 100% Baumwolle.</p>
\n<p>Perfekt für sehr große Männer - in Überlänge, und mit 72 cm langen Ärmeln.</p>
\n</div>
\n<p>In den Paßformen <span class=""a-text-bold"">Slim Fit</span> und in <span class=""a-text-bold"">Modern Fit</span> erhältlich.</p>";published;https://www.riesenhemd.com/wp-content/uploads/2018/11/Hemd-extra-langer-Arm-72-cm-Überlaenge-RIESENHEMD-Oslo-4.jpg;;;;;;;;;;;Tops;;true;;;;art_4260581271336;42;4260581271336;4260581271336;0;false;false;;;;;;;;;75;;Fit;Slim Fit;Size;42;https://www.riesenhemd.com/wp-content/uploads/2018/11/Hemd-extra-langer-Arm-72-cm-Überlaenge-RIESENHEMD-Oslo-4.jpg; https://www.riesenhemd.com/wp-content/uploads/2018/11/Hemd-extra-langer-Arm-72-cm-Überlaenge-RIESENHEMD-Oslo-3.jpg;"{""size"": 42, ""chest_cm"": 118, ""waist_cm"": 110, ""front_length_cm"": 85, ""back_length_cm"": 95, ""sleeve_length_cm"": 72}";42;118;110;85;95;72
prod_15508;hemd-oslo-72-cm-armlange;Hemd Oslo - 72 cm Armlänge;;"<div class=""woocommerce-product-details__short-description"">
\n<p>Unser Hemd Oslo – damit machen Sie abends beim Feiern immer eine tolle Figur. Aber auch im Büro ein echter Hinschauer. Ein toller Popeline-Stoff, weiß/dunkelblau meliert mit feinen Karos. Natürlich 100% Baumwolle.</p>
\n<p>Perfekt für sehr große Männer - in Überlänge, und mit 72 cm langen Ärmeln.</p>
\n</div>
\n<p>In den Paßformen <span class=""a-text-bold"">Slim Fit</span> und in <span class=""a-text-bold"">Modern Fit</span> erhältlich.</p>";published;https://www.riesenhemd.com/wp-content/uploads/2018/11/Hemd-extra-langer-Arm-72-cm-Überlaenge-RIESENHEMD-Oslo-4.jpg;;;;;;;;;;;Tops;;true;;;;art_4260581271343;43;4260581271343;4260581271343;100;false;false;;;;;;;;;75;;Fit;Slim Fit;Size;43;https://www.riesenhemd.com/wp-content/uploads/2018/11/Hemd-extra-langer-Arm-72-cm-Überlaenge-RIESENHEMD-Oslo-4.jpg; https://www.riesenhemd.com/wp-content/uploads/2018/11/Hemd-extra-langer-Arm-72-cm-Überlaenge-RIESENHEMD-Oslo-3.jpg;"{""size"": 43, ""chest_cm"": 121, ""waist_cm"": 113, ""front_length_cm"": 86, ""back_length_cm"": 96, ""sleeve_length_cm"": 72}";43;121;113;86;96;72
prod_15558;hemd-monaco-72-cm-armlange;Hemd Monaco - 72 cm Armlänge;;"<div class=""woocommerce-product-details__short-description"">
\n<p>Unser Hemd Monaco – jetzt nur noch ein wenig Sonne, und man fühlt sich damit wie an der Côte d’Azur. Ein toller Stoff aus Baumwolle und Leinen. Sehr lässig, und zugleich elegant. Auf der Strandpromenade, an der Bar, aber auch im Büro und Home Office – dieses Hemd weiß zu begeistern. Kleine Details wie die farblich abstimmten Knöpfe und der “geheime” Steg zum Hochkrempeln der Ärmel geben diesem Hemd das gewisse Etwas.</p>
\n<p>Perfekt für sehr große Männer - in Überlänge, und mit 72 cm langen Ärmeln.</p>
\n</div>
\n<p>In den Paßformen <span class=""a-text-bold"">Slim Fit</span> und in <span class=""a-text-bold"">Modern Fit</span> erhältlich.</p>";published;https://www.riesenhemd.com/wp-content/uploads/2021/05/Hemd-extra-langer-Arm-72-cm-Ueberlaenge-RIESENHEMD-Monaco-4.jpg;;;;;;;;;;;Tops;;true;;;;art_4260581271800;41;4260581271800;4260581271800;100;false;false;;;;;;;;;75;;Fit;Modern Fit;Size;41;https://www.riesenhemd.com/wp-content/uploads/2021/05/Hemd-extra-langer-Arm-72-cm-Ueberlaenge-RIESENHEMD-Monaco-4.jpg; https://www.riesenhemd.com/wp-content/uploads/2021/05/Hemd-extra-langer-Arm-72-cm-Ueberlaenge-RIESENHEMD-Monaco-1.jpg;"{""size"": 41, ""chest_cm"": 122, ""waist_cm"": 118, ""front_length_cm"": 85, ""back_length_cm"": 95, ""sleeve_length_cm"": 72}";41;122;118;85;95;72
prod_15558;hemd-monaco-72-cm-armlange;Hemd Monaco - 72 cm Armlänge;;"<div class=""woocommerce-product-details__short-description"">
\n<p>Unser Hemd Monaco – jetzt nur noch ein wenig Sonne, und man fühlt sich damit wie an der Côte d’Azur. Ein toller Stoff aus Baumwolle und Leinen. Sehr lässig, und zugleich elegant. Auf der Strandpromenade, an der Bar, aber auch im Büro und Home Office – dieses Hemd weiß zu begeistern. Kleine Details wie die farblich abstimmten Knöpfe und der “geheime” Steg zum Hochkrempeln der Ärmel geben diesem Hemd das gewisse Etwas.</p>
\n<p>Perfekt für sehr große Männer - in Überlänge, und mit 72 cm langen Ärmeln.</p>
\n</div>
\n<p>In den Paßformen <span class=""a-text-bold"">Slim Fit</span> und in <span class=""a-text-bold"">Modern Fit</span> erhältlich.</p>";published;https://www.riesenhemd.com/wp-content/uploads/2021/05/Hemd-extra-langer-Arm-72-cm-Ueberlaenge-RIESENHEMD-Monaco-4.jpg;;;;;;;;;;;Tops;;true;;;;art_4260581271817;42;4260581271817;4260581271817;100;false;false;;;;;;;;;75;;Fit;Modern Fit;Size;42;https://www.riesenhemd.com/wp-content/uploads/2021/05/Hemd-extra-langer-Arm-72-cm-Ueberlaenge-RIESENHEMD-Monaco-4.jpg; https://www.riesenhemd.com/wp-content/uploads/2021/05/Hemd-extra-langer-Arm-72-cm-Ueberlaenge-RIESENHEMD-Monaco-1.jpg;"{""size"": 42, ""chest_cm"": 125, ""waist_cm"": 121, ""front_length_cm"": 85, ""back_length_cm"": 95, ""sleeve_length_cm"": 72}";42;125;121;85;95;72
prod_15558;hemd-monaco-72-cm-armlange;Hemd Monaco - 72 cm Armlänge;;"<div class=""woocommerce-product-details__short-description"">
\n<p>Unser Hemd Monaco – jetzt nur noch ein wenig Sonne, und man fühlt sich damit wie an der Côte d’Azur. Ein toller Stoff aus Baumwolle und Leinen. Sehr lässig, und zugleich elegant. Auf der Strandpromenade, an der Bar, aber auch im Büro und Home Office – dieses Hemd weiß zu begeistern. Kleine Details wie die farblich abstimmten Knöpfe und der “geheime” Steg zum Hochkrempeln der Ärmel geben diesem Hemd das gewisse Etwas.</p>
\n<p>Perfekt für sehr große Männer - in Überlänge, und mit 72 cm langen Ärmeln.</p>
\n</div>
\n<p>In den Paßformen <span class=""a-text-bold"">Slim Fit</span> und in <span class=""a-text-bold"">Modern Fit</span> erhältlich.</p>";published;https://www.riesenhemd.com/wp-content/uploads/2021/05/Hemd-extra-langer-Arm-72-cm-Ueberlaenge-RIESENHEMD-Monaco-4.jpg;;;;;;;;;;;Tops;;true;;;;art_4260581271824;43;4260581271824;4260581271824;100;false;false;;;;;;;;;75;;Fit;Modern Fit;Size;43;https://www.riesenhemd.com/wp-content/uploads/2021/05/Hemd-extra-langer-Arm-72-cm-Ueberlaenge-RIESENHEMD-Monaco-4.jpg; https://www.riesenhemd.com/wp-content/uploads/2021/05/Hemd-extra-langer-Arm-72-cm-Ueberlaenge-RIESENHEMD-Monaco-1.jpg;"{""size"": 43, ""chest_cm"": 127, ""waist_cm"": 123, ""front_length_cm"": 86, ""back_length_cm"": 96, ""sleeve_length_cm"": 72}";43;127;123;86;96;72
prod_15558;hemd-monaco-72-cm-armlange;Hemd Monaco - 72 cm Armlänge;;"<div class=""woocommerce-product-details__short-description"">
\n<p>Unser Hemd Monaco – jetzt nur noch ein wenig Sonne, und man fühlt sich damit wie an der Côte d’Azur. Ein toller Stoff aus Baumwolle und Leinen. Sehr lässig, und zugleich elegant. Auf der Strandpromenade, an der Bar, aber auch im Büro und Home Office – dieses Hemd weiß zu begeistern. Kleine Details wie die farblich abstimmten Knöpfe und der “geheime” Steg zum Hochkrempeln der Ärmel geben diesem Hemd das gewisse Etwas.</p>
\n<p>Perfekt für sehr große Männer - in Überlänge, und mit 72 cm langen Ärmeln.</p>
\n</div>
\n<p>In den Paßformen <span class=""a-text-bold"">Slim Fit</span> und in <span class=""a-text-bold"">Modern Fit</span> erhältlich.</p>";published;https://www.riesenhemd.com/wp-content/uploads/2021/05/Hemd-extra-langer-Arm-72-cm-Ueberlaenge-RIESENHEMD-Monaco-4.jpg;;;;;;;;;;;Tops;;true;;;;art_4260581271831;44;4260581271831;4260581271831;0;false;false;;;;;;;;;75;;Fit;Modern Fit;Size;44;https://www.riesenhemd.com/wp-content/uploads/2021/05/Hemd-extra-langer-Arm-72-cm-Ueberlaenge-RIESENHEMD-Monaco-4.jpg; https://www.riesenhemd.com/wp-content/uploads/2021/05/Hemd-extra-langer-Arm-72-cm-Ueberlaenge-RIESENHEMD-Monaco-1.jpg;"{""size"": 44, ""chest_cm"": 129, ""waist_cm"": 125, ""front_length_cm"": 86, ""back_length_cm"": 96, ""sleeve_length_cm"": 72}";44;129;125;86;96;72
prod_15558;hemd-monaco-72-cm-armlange;Hemd Monaco - 72 cm Armlänge;;"<div class=""woocommerce-product-details__short-description"">
\n<p>Unser Hemd Monaco – jetzt nur noch ein wenig Sonne, und man fühlt sich damit wie an der Côte d’Azur. Ein toller Stoff aus Baumwolle und Leinen. Sehr lässig, und zugleich elegant. Auf der Strandpromenade, an der Bar, aber auch im Büro und Home Office – dieses Hemd weiß zu begeistern. Kleine Details wie die farblich abstimmten Knöpfe und der “geheime” Steg zum Hochkrempeln der Ärmel geben diesem Hemd das gewisse Etwas.</p>
\n<p>Perfekt für sehr große Männer - in Überlänge, und mit 72 cm langen Ärmeln.</p>
\n</div>
\n<p>In den Paßformen <span class=""a-text-bold"">Slim Fit</span> und in <span class=""a-text-bold"">Modern Fit</span> erhältlich.</p>";published;https://www.riesenhemd.com/wp-content/uploads/2021/05/Hemd-extra-langer-Arm-72-cm-Ueberlaenge-RIESENHEMD-Monaco-4.jpg;;;;;;;;;;;Tops;;true;;;;art_4260581271909;39;4260581271909;4260581271909;100;false;false;;;;;;;;;75;;Fit;Slim Fit;Size;39;https://www.riesenhemd.com/wp-content/uploads/2021/05/Hemd-extra-langer-Arm-72-cm-Ueberlaenge-RIESENHEMD-Monaco-4.jpg; https://www.riesenhemd.com/wp-content/uploads/2021/05/Hemd-extra-langer-Arm-72-cm-Ueberlaenge-RIESENHEMD-Monaco-1.jpg;"{""size"": 39, ""chest_cm"": 108, ""waist_cm"": 100, ""front_length_cm"": 85, ""back_length_cm"": 95, ""sleeve_length_cm"": 72}";39;108;100;85;95;72
prod_15558;hemd-monaco-72-cm-armlange;Hemd Monaco - 72 cm Armlänge;;"<div class=""woocommerce-product-details__short-description"">
\n<p>Unser Hemd Monaco – jetzt nur noch ein wenig Sonne, und man fühlt sich damit wie an der Côte d’Azur. Ein toller Stoff aus Baumwolle und Leinen. Sehr lässig, und zugleich elegant. Auf der Strandpromenade, an der Bar, aber auch im Büro und Home Office – dieses Hemd weiß zu begeistern. Kleine Details wie die farblich abstimmten Knöpfe und der “geheime” Steg zum Hochkrempeln der Ärmel geben diesem Hemd das gewisse Etwas.</p>
\n<p>Perfekt für sehr große Männer - in Überlänge, und mit 72 cm langen Ärmeln.</p>
\n</div>
\n<p>In den Paßformen <span class=""a-text-bold"">Slim Fit</span> und in <span class=""a-text-bold"">Modern Fit</span> erhältlich.</p>";published;https://www.riesenhemd.com/wp-content/uploads/2021/05/Hemd-extra-langer-Arm-72-cm-Ueberlaenge-RIESENHEMD-Monaco-4.jpg;;;;;;;;;;;Tops;;true;;;;art_4260581271916;40;4260581271916;4260581271916;100;false;false;;;;;;;;;75;;Fit;Slim Fit;Size;40;https://www.riesenhemd.com/wp-content/uploads/2021/05/Hemd-extra-langer-Arm-72-cm-Ueberlaenge-RIESENHEMD-Monaco-4.jpg; https://www.riesenhemd.com/wp-content/uploads/2021/05/Hemd-extra-langer-Arm-72-cm-Ueberlaenge-RIESENHEMD-Monaco-1.jpg;"{""size"": 40, ""chest_cm"": 111, ""waist_cm"": 103, ""front_length_cm"": 85, ""back_length_cm"": 95, ""sleeve_length_cm"": 72}";40;111;103;85;95;72
prod_15558;hemd-monaco-72-cm-armlange;Hemd Monaco - 72 cm Armlänge;;"<div class=""woocommerce-product-details__short-description"">
\n<p>Unser Hemd Monaco – jetzt nur noch ein wenig Sonne, und man fühlt sich damit wie an der Côte d’Azur. Ein toller Stoff aus Baumwolle und Leinen. Sehr lässig, und zugleich elegant. Auf der Strandpromenade, an der Bar, aber auch im Büro und Home Office – dieses Hemd weiß zu begeistern. Kleine Details wie die farblich abstimmten Knöpfe und der “geheime” Steg zum Hochkrempeln der Ärmel geben diesem Hemd das gewisse Etwas.</p>
\n<p>Perfekt für sehr große Männer - in Überlänge, und mit 72 cm langen Ärmeln.</p>
\n</div>
\n<p>In den Paßformen <span class=""a-text-bold"">Slim Fit</span> und in <span class=""a-text-bold"">Modern Fit</span> erhältlich.</p>";published;https://www.riesenhemd.com/wp-content/uploads/2021/05/Hemd-extra-langer-Arm-72-cm-Ueberlaenge-RIESENHEMD-Monaco-4.jpg;;;;;;;;;;;Tops;;true;;;;art_4260581271923;41;4260581271923;4260581271923;0;false;false;;;;;;;;;75;;Fit;Slim Fit;Size;41;https://www.riesenhemd.com/wp-content/uploads/2021/05/Hemd-extra-langer-Arm-72-cm-Ueberlaenge-RIESENHEMD-Monaco-4.jpg; https://www.riesenhemd.com/wp-content/uploads/2021/05/Hemd-extra-langer-Arm-72-cm-Ueberlaenge-RIESENHEMD-Monaco-1.jpg;"{""size"": 41, ""chest_cm"": 115, ""waist_cm"": 107, ""front_length_cm"": 85, ""back_length_cm"": 95, ""sleeve_length_cm"": 72}";41;115;107;85;95;72
prod_15558;hemd-monaco-72-cm-armlange;Hemd Monaco - 72 cm Armlänge;;"<div class=""woocommerce-product-details__short-description"">
\n<p>Unser Hemd Monaco – jetzt nur noch ein wenig Sonne, und man fühlt sich damit wie an der Côte d’Azur. Ein toller Stoff aus Baumwolle und Leinen. Sehr lässig, und zugleich elegant. Auf der Strandpromenade, an der Bar, aber auch im Büro und Home Office – dieses Hemd weiß zu begeistern. Kleine Details wie die farblich abstimmten Knöpfe und der “geheime” Steg zum Hochkrempeln der Ärmel geben diesem Hemd das gewisse Etwas.</p>
\n<p>Perfekt für sehr große Männer - in Überlänge, und mit 72 cm langen Ärmeln.</p>
\n</div>
\n<p>In den Paßformen <span class=""a-text-bold"">Slim Fit</span> und in <span class=""a-text-bold"">Modern Fit</span> erhältlich.</p>";published;https://www.riesenhemd.com/wp-content/uploads/2021/05/Hemd-extra-langer-Arm-72-cm-Ueberlaenge-RIESENHEMD-Monaco-4.jpg;;;;;;;;;;;Tops;;true;;;;art_4260581271930;42;4260581271930;4260581271930;0;false;false;;;;;;;;;75;;Fit;Slim Fit;Size;42;https://www.riesenhemd.com/wp-content/uploads/2021/05/Hemd-extra-langer-Arm-72-cm-Ueberlaenge-RIESENHEMD-Monaco-4.jpg; https://www.riesenhemd.com/wp-content/uploads/2021/05/Hemd-extra-langer-Arm-72-cm-Ueberlaenge-RIESENHEMD-Monaco-1.jpg;"{""size"": 42, ""chest_cm"": 118, ""waist_cm"": 110, ""front_length_cm"": 85, ""back_length_cm"": 95, ""sleeve_length_cm"": 72}";42;118;110;85;95;72
prod_15558;hemd-monaco-72-cm-armlange;Hemd Monaco - 72 cm Armlänge;;"<div class=""woocommerce-product-details__short-description"">
\n<p>Unser Hemd Monaco – jetzt nur noch ein wenig Sonne, und man fühlt sich damit wie an der Côte d’Azur. Ein toller Stoff aus Baumwolle und Leinen. Sehr lässig, und zugleich elegant. Auf der Strandpromenade, an der Bar, aber auch im Büro und Home Office – dieses Hemd weiß zu begeistern. Kleine Details wie die farblich abstimmten Knöpfe und der “geheime” Steg zum Hochkrempeln der Ärmel geben diesem Hemd das gewisse Etwas.</p>
\n<p>Perfekt für sehr große Männer - in Überlänge, und mit 72 cm langen Ärmeln.</p>
\n</div>
\n<p>In den Paßformen <span class=""a-text-bold"">Slim Fit</span> und in <span class=""a-text-bold"">Modern Fit</span> erhältlich.</p>";published;https://www.riesenhemd.com/wp-content/uploads/2021/05/Hemd-extra-langer-Arm-72-cm-Ueberlaenge-RIESENHEMD-Monaco-4.jpg;;;;;;;;;;;Tops;;true;;;;art_4260581271947;43;4260581271947;4260581271947;0;false;false;;;;;;;;;75;;Fit;Slim Fit;Size;43;https://www.riesenhemd.com/wp-content/uploads/2021/05/Hemd-extra-langer-Arm-72-cm-Ueberlaenge-RIESENHEMD-Monaco-4.jpg; https://www.riesenhemd.com/wp-content/uploads/2021/05/Hemd-extra-langer-Arm-72-cm-Ueberlaenge-RIESENHEMD-Monaco-1.jpg;"{""size"": 43, ""chest_cm"": 121, ""waist_cm"": 113, ""front_length_cm"": 86, ""back_length_cm"": 96, ""sleeve_length_cm"": 72}";43;121;113;86;96;72
prod_15608;hemd-prag-72-cm-armlange;Hemd Prag - 72 cm Armlänge;;"<div class=""woocommerce-product-details__short-description"">
\n<p>Unser Hemd Prag – in einem elegant-lässigem Hellgrau. In der Freizeit ein echter Hingucker, lässt sich wunderbar mit Jeans oder Chinos kombinieren. Aber auch im Büro oder Home Office ist man mit diesem Modell perfekt gekleidet. Kleine Details wie die tollen Perlmutt-Knöpfe geben diesem Hemd das gewisse Etwas.</p>
\n<p>Perfekt für sehr große Männer - in Überlänge, und mit 72 cm langen Ärmeln.</p>
\n</div>
\n<p>In den Paßformen <span class=""a-text-bold"">Slim Fit</span> und in <span class=""a-text-bold"">Modern Fit</span> erhältlich.</p>";published;https://www.riesenhemd.com/wp-content/uploads/2021/05/Hemd-extra-langer-Arm-72-cm-Ueberlaenge-RIESENHEMD-Prag-4.jpg;;;;;;;;;;;Tops;;true;;;;art_4260581272203;41;4260581272203;4260581272203;100;false;false;;;;;;;;;75;;Fit;Modern Fit;Size;41;https://www.riesenhemd.com/wp-content/uploads/2021/05/Hemd-extra-langer-Arm-72-cm-Ueberlaenge-RIESENHEMD-Prag-4.jpg; https://www.riesenhemd.com/wp-content/uploads/2021/05/Hemd-extra-langer-Arm-72-cm-Ueberlaenge-RIESENHEMD-Prag-1.jpg;"{""size"": 41, ""chest_cm"": 122, ""waist_cm"": 118, ""front_length_cm"": 85, ""back_length_cm"": 95, ""sleeve_length_cm"": 72}";41;122;118;85;95;72
prod_15608;hemd-prag-72-cm-armlange;Hemd Prag - 72 cm Armlänge;;"<div class=""woocommerce-product-details__short-description"">
\n<p>Unser Hemd Prag – in einem elegant-lässigem Hellgrau. In der Freizeit ein echter Hingucker, lässt sich wunderbar mit Jeans oder Chinos kombinieren. Aber auch im Büro oder Home Office ist man mit diesem Modell perfekt gekleidet. Kleine Details wie die tollen Perlmutt-Knöpfe geben diesem Hemd das gewisse Etwas.</p>
\n<p>Perfekt für sehr große Männer - in Überlänge, und mit 72 cm langen Ärmeln.</p>
\n</div>
\n<p>In den Paßformen <span class=""a-text-bold"">Slim Fit</span> und in <span class=""a-text-bold"">Modern Fit</span> erhältlich.</p>";published;https://www.riesenhemd.com/wp-content/uploads/2021/05/Hemd-extra-langer-Arm-72-cm-Ueberlaenge-RIESENHEMD-Prag-4.jpg;;;;;;;;;;;Tops;;true;;;;art_4260581272210;42;4260581272210;4260581272210;100;false;false;;;;;;;;;75;;Fit;Modern Fit;Size;42;https://www.riesenhemd.com/wp-content/uploads/2021/05/Hemd-extra-langer-Arm-72-cm-Ueberlaenge-RIESENHEMD-Prag-4.jpg; https://www.riesenhemd.com/wp-content/uploads/2021/05/Hemd-extra-langer-Arm-72-cm-Ueberlaenge-RIESENHEMD-Prag-1.jpg;"{""size"": 42, ""chest_cm"": 125, ""waist_cm"": 121, ""front_length_cm"": 85, ""back_length_cm"": 95, ""sleeve_length_cm"": 72}";42;125;121;85;95;72
prod_15608;hemd-prag-72-cm-armlange;Hemd Prag - 72 cm Armlänge;;"<div class=""woocommerce-product-details__short-description"">
\n<p>Unser Hemd Prag – in einem elegant-lässigem Hellgrau. In der Freizeit ein echter Hingucker, lässt sich wunderbar mit Jeans oder Chinos kombinieren. Aber auch im Büro oder Home Office ist man mit diesem Modell perfekt gekleidet. Kleine Details wie die tollen Perlmutt-Knöpfe geben diesem Hemd das gewisse Etwas.</p>
\n<p>Perfekt für sehr große Männer - in Überlänge, und mit 72 cm langen Ärmeln.</p>
\n</div>
\n<p>In den Paßformen <span class=""a-text-bold"">Slim Fit</span> und in <span class=""a-text-bold"">Modern Fit</span> erhältlich.</p>";published;https://www.riesenhemd.com/wp-content/uploads/2021/05/Hemd-extra-langer-Arm-72-cm-Ueberlaenge-RIESENHEMD-Prag-4.jpg;;;;;;;;;;;Tops;;true;;;;art_4260581272227;43;4260581272227;4260581272227;100;false;false;;;;;;;;;75;;Fit;Modern Fit;Size;43;https://www.riesenhemd.com/wp-content/uploads/2021/05/Hemd-extra-langer-Arm-72-cm-Ueberlaenge-RIESENHEMD-Prag-4.jpg; https://www.riesenhemd.com/wp-content/uploads/2021/05/Hemd-extra-langer-Arm-72-cm-Ueberlaenge-RIESENHEMD-Prag-1.jpg;"{""size"": 43, ""chest_cm"": 127, ""waist_cm"": 123, ""front_length_cm"": 86, ""back_length_cm"": 96, ""sleeve_length_cm"": 72}";43;127;123;86;96;72
prod_15608;hemd-prag-72-cm-armlange;Hemd Prag - 72 cm Armlänge;;"<div class=""woocommerce-product-details__short-description"">
\n<p>Unser Hemd Prag – in einem elegant-lässigem Hellgrau. In der Freizeit ein echter Hingucker, lässt sich wunderbar mit Jeans oder Chinos kombinieren. Aber auch im Büro oder Home Office ist man mit diesem Modell perfekt gekleidet. Kleine Details wie die tollen Perlmutt-Knöpfe geben diesem Hemd das gewisse Etwas.</p>
\n<p>Perfekt für sehr große Männer - in Überlänge, und mit 72 cm langen Ärmeln.</p>
\n</div>
\n<p>In den Paßformen <span class=""a-text-bold"">Slim Fit</span> und in <span class=""a-text-bold"">Modern Fit</span> erhältlich.</p>";published;https://www.riesenhemd.com/wp-content/uploads/2021/05/Hemd-extra-langer-Arm-72-cm-Ueberlaenge-RIESENHEMD-Prag-4.jpg;;;;;;;;;;;Tops;;true;;;;art_4260581272234;44;4260581272234;4260581272234;100;false;false;;;;;;;;;75;;Fit;Modern Fit;Size;44;https://www.riesenhemd.com/wp-content/uploads/2021/05/Hemd-extra-langer-Arm-72-cm-Ueberlaenge-RIESENHEMD-Prag-4.jpg; https://www.riesenhemd.com/wp-content/uploads/2021/05/Hemd-extra-langer-Arm-72-cm-Ueberlaenge-RIESENHEMD-Prag-1.jpg;"{""size"": 44, ""chest_cm"": 129, ""waist_cm"": 125, ""front_length_cm"": 86, ""back_length_cm"": 96, ""sleeve_length_cm"": 72}";44;129;125;86;96;72
prod_15608;hemd-prag-72-cm-armlange;Hemd Prag - 72 cm Armlänge;;"<div class=""woocommerce-product-details__short-description"">
\n<p>Unser Hemd Prag – in einem elegant-lässigem Hellgrau. In der Freizeit ein echter Hingucker, lässt sich wunderbar mit Jeans oder Chinos kombinieren. Aber auch im Büro oder Home Office ist man mit diesem Modell perfekt gekleidet. Kleine Details wie die tollen Perlmutt-Knöpfe geben diesem Hemd das gewisse Etwas.</p>
\n<p>Perfekt für sehr große Männer - in Überlänge, und mit 72 cm langen Ärmeln.</p>
\n</div>
\n<p>In den Paßformen <span class=""a-text-bold"">Slim Fit</span> und in <span class=""a-text-bold"">Modern Fit</span> erhältlich.</p>";published;https://www.riesenhemd.com/wp-content/uploads/2021/05/Hemd-extra-langer-Arm-72-cm-Ueberlaenge-RIESENHEMD-Prag-4.jpg;;;;;;;;;;;Tops;;true;;;;art_4260581272302;39;4260581272302;4260581272302;100;false;false;;;;;;;;;75;;Fit;Slim Fit;Size;39;https://www.riesenhemd.com/wp-content/uploads/2021/05/Hemd-extra-langer-Arm-72-cm-Ueberlaenge-RIESENHEMD-Prag-4.jpg; https://www.riesenhemd.com/wp-content/uploads/2021/05/Hemd-extra-langer-Arm-72-cm-Ueberlaenge-RIESENHEMD-Prag-1.jpg;"{""size"": 39, ""chest_cm"": 108, ""waist_cm"": 100, ""front_length_cm"": 85, ""back_length_cm"": 95, ""sleeve_length_cm"": 72}";39;108;100;85;95;72
prod_15608;hemd-prag-72-cm-armlange;Hemd Prag - 72 cm Armlänge;;"<div class=""woocommerce-product-details__short-description"">
\n<p>Unser Hemd Prag – in einem elegant-lässigem Hellgrau. In der Freizeit ein echter Hingucker, lässt sich wunderbar mit Jeans oder Chinos kombinieren. Aber auch im Büro oder Home Office ist man mit diesem Modell perfekt gekleidet. Kleine Details wie die tollen Perlmutt-Knöpfe geben diesem Hemd das gewisse Etwas.</p>
\n<p>Perfekt für sehr große Männer - in Überlänge, und mit 72 cm langen Ärmeln.</p>
\n</div>
\n<p>In den Paßformen <span class=""a-text-bold"">Slim Fit</span> und in <span class=""a-text-bold"">Modern Fit</span> erhältlich.</p>";published;https://www.riesenhemd.com/wp-content/uploads/2021/05/Hemd-extra-langer-Arm-72-cm-Ueberlaenge-RIESENHEMD-Prag-4.jpg;;;;;;;;;;;Tops;;true;;;;art_4260581272319;40;4260581272319;4260581272319;100;false;false;;;;;;;;;75;;Fit;Slim Fit;Size;40;https://www.riesenhemd.com/wp-content/uploads/2021/05/Hemd-extra-langer-Arm-72-cm-Ueberlaenge-RIESENHEMD-Prag-4.jpg; https://www.riesenhemd.com/wp-content/uploads/2021/05/Hemd-extra-langer-Arm-72-cm-Ueberlaenge-RIESENHEMD-Prag-1.jpg;"{""size"": 40, ""chest_cm"": 111, ""waist_cm"": 103, ""front_length_cm"": 85, ""back_length_cm"": 95, ""sleeve_length_cm"": 72}";40;111;103;85;95;72
prod_15608;hemd-prag-72-cm-armlange;Hemd Prag - 72 cm Armlänge;;"<div class=""woocommerce-product-details__short-description"">
\n<p>Unser Hemd Prag – in einem elegant-lässigem Hellgrau. In der Freizeit ein echter Hingucker, lässt sich wunderbar mit Jeans oder Chinos kombinieren. Aber auch im Büro oder Home Office ist man mit diesem Modell perfekt gekleidet. Kleine Details wie die tollen Perlmutt-Knöpfe geben diesem Hemd das gewisse Etwas.</p>
\n<p>Perfekt für sehr große Männer - in Überlänge, und mit 72 cm langen Ärmeln.</p>
\n</div>
\n<p>In den Paßformen <span class=""a-text-bold"">Slim Fit</span> und in <span class=""a-text-bold"">Modern Fit</span> erhältlich.</p>";published;https://www.riesenhemd.com/wp-content/uploads/2021/05/Hemd-extra-langer-Arm-72-cm-Ueberlaenge-RIESENHEMD-Prag-4.jpg;;;;;;;;;;;Tops;;true;;;;art_4260581272326;41;4260581272326;4260581272326;0;false;false;;;;;;;;;75;;Fit;Slim Fit;Size;41;https://www.riesenhemd.com/wp-content/uploads/2021/05/Hemd-extra-langer-Arm-72-cm-Ueberlaenge-RIESENHEMD-Prag-4.jpg; https://www.riesenhemd.com/wp-content/uploads/2021/05/Hemd-extra-langer-Arm-72-cm-Ueberlaenge-RIESENHEMD-Prag-1.jpg;"{""size"": 41, ""chest_cm"": 115, ""waist_cm"": 107, ""front_length_cm"": 85, ""back_length_cm"": 95, ""sleeve_length_cm"": 72}";41;115;107;85;95;72
prod_15608;hemd-prag-72-cm-armlange;Hemd Prag - 72 cm Armlänge;;"<div class=""woocommerce-product-details__short-description"">
\n<p>Unser Hemd Prag – in einem elegant-lässigem Hellgrau. In der Freizeit ein echter Hingucker, lässt sich wunderbar mit Jeans oder Chinos kombinieren. Aber auch im Büro oder Home Office ist man mit diesem Modell perfekt gekleidet. Kleine Details wie die tollen Perlmutt-Knöpfe geben diesem Hemd das gewisse Etwas.</p>
\n<p>Perfekt für sehr große Männer - in Überlänge, und mit 72 cm langen Ärmeln.</p>
\n</div>
\n<p>In den Paßformen <span class=""a-text-bold"">Slim Fit</span> und in <span class=""a-text-bold"">Modern Fit</span> erhältlich.</p>";published;https://www.riesenhemd.com/wp-content/uploads/2021/05/Hemd-extra-langer-Arm-72-cm-Ueberlaenge-RIESENHEMD-Prag-4.jpg;;;;;;;;;;;Tops;;true;;;;art_4260581272333;42;4260581272333;4260581272333;0;false;false;;;;;;;;;75;;Fit;Slim Fit;Size;42;https://www.riesenhemd.com/wp-content/uploads/2021/05/Hemd-extra-langer-Arm-72-cm-Ueberlaenge-RIESENHEMD-Prag-4.jpg; https://www.riesenhemd.com/wp-content/uploads/2021/05/Hemd-extra-langer-Arm-72-cm-Ueberlaenge-RIESENHEMD-Prag-1.jpg;"{""size"": 42, ""chest_cm"": 118, ""waist_cm"": 110, ""front_length_cm"": 85, ""back_length_cm"": 95, ""sleeve_length_cm"": 72}";42;118;110;85;95;72
prod_15608;hemd-prag-72-cm-armlange;Hemd Prag - 72 cm Armlänge;;"<div class=""woocommerce-product-details__short-description"">
\n<p>Unser Hemd Prag – in einem elegant-lässigem Hellgrau. In der Freizeit ein echter Hingucker, lässt sich wunderbar mit Jeans oder Chinos kombinieren. Aber auch im Büro oder Home Office ist man mit diesem Modell perfekt gekleidet. Kleine Details wie die tollen Perlmutt-Knöpfe geben diesem Hemd das gewisse Etwas.</p>
\n<p>Perfekt für sehr große Männer - in Überlänge, und mit 72 cm langen Ärmeln.</p>
\n</div>
\n<p>In den Paßformen <span class=""a-text-bold"">Slim Fit</span> und in <span class=""a-text-bold"">Modern Fit</span> erhältlich.</p>";published;https://www.riesenhemd.com/wp-content/uploads/2021/05/Hemd-extra-langer-Arm-72-cm-Ueberlaenge-RIESENHEMD-Prag-4.jpg;;;;;;;;;;;Tops;;true;;;;art_4260581272340;43;4260581272340;4260581272340;0;false;false;;;;;;;;;75;;Fit;Slim Fit;Size;43;https://www.riesenhemd.com/wp-content/uploads/2021/05/Hemd-extra-langer-Arm-72-cm-Ueberlaenge-RIESENHEMD-Prag-4.jpg; https://www.riesenhemd.com/wp-content/uploads/2021/05/Hemd-extra-langer-Arm-72-cm-Ueberlaenge-RIESENHEMD-Prag-1.jpg;"{""size"": 43, ""chest_cm"": 121, ""waist_cm"": 113, ""front_length_cm"": 86, ""back_length_cm"": 96, ""sleeve_length_cm"": 72}";43;121;113;86;96;72
prod_15658;hemd-berlin-72-cm-armlange;Hemd Berlin - 72 cm Armlänge;;"<div class=""woocommerce-product-details__short-description"">
\n<p>Unser Hemd Berlin – ein super Hemd zum Ausgehen abends, das lässig auch im Büro getragen werden kann. Aus einem tollem Popeline-Stoff, dunkelblau-meliert, mit feinen Karos, aus 100% Baumwolle.</p>
\n<p>Perfekt für sehr große Männer - in Überlänge, und mit 72 cm langen Ärmeln.</p>
\n</div>
\n<p>In den Paßformen <span class=""a-text-bold"">Slim Fit</span> und in <span class=""a-text-bold"">Modern Fit</span> erhältlich.</p>";published;https://www.riesenhemd.com/wp-content/uploads/2018/11/Hemd-extra-langer-Arm-72-cm-Überlaenge-RIESENHEMD-Berlin-4.jpg;;;;;;;;;;;Tops;;true;;;;art_4260581270605;41;4260581270605;4260581270605;100;false;false;;;;;;;;;75;;Fit;Modern Fit;Size;41;https://www.riesenhemd.com/wp-content/uploads/2018/11/Hemd-extra-langer-Arm-72-cm-Überlaenge-RIESENHEMD-Berlin-4.jpg; https://www.riesenhemd.com/wp-content/uploads/2018/11/Hemd-extra-langer-Arm-72-cm-Überlaenge-RIESENHEMD-Berlin-3.jpg;"{""size"": 41, ""chest_cm"": 122, ""waist_cm"": 118, ""front_length_cm"": 85, ""back_length_cm"": 95, ""sleeve_length_cm"": 72}";41;122;118;85;95;72
prod_15658;hemd-berlin-72-cm-armlange;Hemd Berlin - 72 cm Armlänge;;"<div class=""woocommerce-product-details__short-description"">
\n<p>Unser Hemd Berlin – ein super Hemd zum Ausgehen abends, das lässig auch im Büro getragen werden kann. Aus einem tollem Popeline-Stoff, dunkelblau-meliert, mit feinen Karos, aus 100% Baumwolle.</p>
\n<p>Perfekt für sehr große Männer - in Überlänge, und mit 72 cm langen Ärmeln.</p>
\n</div>
\n<p>In den Paßformen <span class=""a-text-bold"">Slim Fit</span> und in <span class=""a-text-bold"">Modern Fit</span> erhältlich.</p>";published;https://www.riesenhemd.com/wp-content/uploads/2018/11/Hemd-extra-langer-Arm-72-cm-Überlaenge-RIESENHEMD-Berlin-4.jpg;;;;;;;;;;;Tops;;true;;;;art_4260581270612;42;4260581270612;4260581270612;0;false;false;;;;;;;;;75;;Fit;Modern Fit;Size;42;https://www.riesenhemd.com/wp-content/uploads/2018/11/Hemd-extra-langer-Arm-72-cm-Überlaenge-RIESENHEMD-Berlin-4.jpg; https://www.riesenhemd.com/wp-content/uploads/2018/11/Hemd-extra-langer-Arm-72-cm-Überlaenge-RIESENHEMD-Berlin-3.jpg;"{""size"": 42, ""chest_cm"": 125, ""waist_cm"": 121, ""front_length_cm"": 85, ""back_length_cm"": 95, ""sleeve_length_cm"": 72}";42;125;121;85;95;72
prod_15658;hemd-berlin-72-cm-armlange;Hemd Berlin - 72 cm Armlänge;;"<div class=""woocommerce-product-details__short-description"">
\n<p>Unser Hemd Berlin – ein super Hemd zum Ausgehen abends, das lässig auch im Büro getragen werden kann. Aus einem tollem Popeline-Stoff, dunkelblau-meliert, mit feinen Karos, aus 100% Baumwolle.</p>
\n<p>Perfekt für sehr große Männer - in Überlänge, und mit 72 cm langen Ärmeln.</p>
\n</div>
\n<p>In den Paßformen <span class=""a-text-bold"">Slim Fit</span> und in <span class=""a-text-bold"">Modern Fit</span> erhältlich.</p>";published;https://www.riesenhemd.com/wp-content/uploads/2018/11/Hemd-extra-langer-Arm-72-cm-Überlaenge-RIESENHEMD-Berlin-4.jpg;;;;;;;;;;;Tops;;true;;;;art_4260581270629;43;4260581270629;4260581270629;0;false;false;;;;;;;;;75;;Fit;Modern Fit;Size;43;https://www.riesenhemd.com/wp-content/uploads/2018/11/Hemd-extra-langer-Arm-72-cm-Überlaenge-RIESENHEMD-Berlin-4.jpg; https://www.riesenhemd.com/wp-content/uploads/2018/11/Hemd-extra-langer-Arm-72-cm-Überlaenge-RIESENHEMD-Berlin-3.jpg;"{""size"": 43, ""chest_cm"": 127, ""waist_cm"": 123, ""front_length_cm"": 86, ""back_length_cm"": 96, ""sleeve_length_cm"": 72}";43;127;123;86;96;72
prod_15658;hemd-berlin-72-cm-armlange;Hemd Berlin - 72 cm Armlänge;;"<div class=""woocommerce-product-details__short-description"">
\n<p>Unser Hemd Berlin – ein super Hemd zum Ausgehen abends, das lässig auch im Büro getragen werden kann. Aus einem tollem Popeline-Stoff, dunkelblau-meliert, mit feinen Karos, aus 100% Baumwolle.</p>
\n<p>Perfekt für sehr große Männer - in Überlänge, und mit 72 cm langen Ärmeln.</p>
\n</div>
\n<p>In den Paßformen <span class=""a-text-bold"">Slim Fit</span> und in <span class=""a-text-bold"">Modern Fit</span> erhältlich.</p>";published;https://www.riesenhemd.com/wp-content/uploads/2018/11/Hemd-extra-langer-Arm-72-cm-Überlaenge-RIESENHEMD-Berlin-4.jpg;;;;;;;;;;;Tops;;true;;;;art_4260581270636;44;4260581270636;4260581270636;0;false;false;;;;;;;;;75;;Fit;Modern Fit;Size;44;https://www.riesenhemd.com/wp-content/uploads/2018/11/Hemd-extra-langer-Arm-72-cm-Überlaenge-RIESENHEMD-Berlin-4.jpg; https://www.riesenhemd.com/wp-content/uploads/2018/11/Hemd-extra-langer-Arm-72-cm-Überlaenge-RIESENHEMD-Berlin-3.jpg;"{""size"": 44, ""chest_cm"": 129, ""waist_cm"": 125, ""front_length_cm"": 86, ""back_length_cm"": 96, ""sleeve_length_cm"": 72}";44;129;125;86;96;72
prod_15658;hemd-berlin-72-cm-armlange;Hemd Berlin - 72 cm Armlänge;;"<div class=""woocommerce-product-details__short-description"">
\n<p>Unser Hemd Berlin – ein super Hemd zum Ausgehen abends, das lässig auch im Büro getragen werden kann. Aus einem tollem Popeline-Stoff, dunkelblau-meliert, mit feinen Karos, aus 100% Baumwolle.</p>
\n<p>Perfekt für sehr große Männer - in Überlänge, und mit 72 cm langen Ärmeln.</p>
\n</div>
\n<p>In den Paßformen <span class=""a-text-bold"">Slim Fit</span> und in <span class=""a-text-bold"">Modern Fit</span> erhältlich.</p>";published;https://www.riesenhemd.com/wp-content/uploads/2018/11/Hemd-extra-langer-Arm-72-cm-Überlaenge-RIESENHEMD-Berlin-4.jpg;;;;;;;;;;;Tops;;true;;;;art_4260581271107;39;4260581271107;4260581271107;100;false;false;;;;;;;;;75;;Fit;Slim Fit;Size;39;https://www.riesenhemd.com/wp-content/uploads/2018/11/Hemd-extra-langer-Arm-72-cm-Überlaenge-RIESENHEMD-Berlin-4.jpg; https://www.riesenhemd.com/wp-content/uploads/2018/11/Hemd-extra-langer-Arm-72-cm-Überlaenge-RIESENHEMD-Berlin-3.jpg;"{""size"": 39, ""chest_cm"": 108, ""waist_cm"": 100, ""front_length_cm"": 85, ""back_length_cm"": 95, ""sleeve_length_cm"": 72}";39;108;100;85;95;72
prod_15658;hemd-berlin-72-cm-armlange;Hemd Berlin - 72 cm Armlänge;;"<div class=""woocommerce-product-details__short-description"">
\n<p>Unser Hemd Berlin – ein super Hemd zum Ausgehen abends, das lässig auch im Büro getragen werden kann. Aus einem tollem Popeline-Stoff, dunkelblau-meliert, mit feinen Karos, aus 100% Baumwolle.</p>
\n<p>Perfekt für sehr große Männer - in Überlänge, und mit 72 cm langen Ärmeln.</p>
\n</div>
\n<p>In den Paßformen <span class=""a-text-bold"">Slim Fit</span> und in <span class=""a-text-bold"">Modern Fit</span> erhältlich.</p>";published;https://www.riesenhemd.com/wp-content/uploads/2018/11/Hemd-extra-langer-Arm-72-cm-Überlaenge-RIESENHEMD-Berlin-4.jpg;;;;;;;;;;;Tops;;true;;;;art_4260581271114;40;4260581271114;4260581271114;0;false;false;;;;;;;;;75;;Fit;Slim Fit;Size;40;https://www.riesenhemd.com/wp-content/uploads/2018/11/Hemd-extra-langer-Arm-72-cm-Überlaenge-RIESENHEMD-Berlin-4.jpg; https://www.riesenhemd.com/wp-content/uploads/2018/11/Hemd-extra-langer-Arm-72-cm-Überlaenge-RIESENHEMD-Berlin-3.jpg;"{""size"": 40, ""chest_cm"": 111, ""waist_cm"": 103, ""front_length_cm"": 85, ""back_length_cm"": 95, ""sleeve_length_cm"": 72}";40;111;103;85;95;72
prod_15658;hemd-berlin-72-cm-armlange;Hemd Berlin - 72 cm Armlänge;;"<div class=""woocommerce-product-details__short-description"">
\n<p>Unser Hemd Berlin – ein super Hemd zum Ausgehen abends, das lässig auch im Büro getragen werden kann. Aus einem tollem Popeline-Stoff, dunkelblau-meliert, mit feinen Karos, aus 100% Baumwolle.</p>
\n<p>Perfekt für sehr große Männer - in Überlänge, und mit 72 cm langen Ärmeln.</p>
\n</div>
\n<p>In den Paßformen <span class=""a-text-bold"">Slim Fit</span> und in <span class=""a-text-bold"">Modern Fit</span> erhältlich.</p>";published;https://www.riesenhemd.com/wp-content/uploads/2018/11/Hemd-extra-langer-Arm-72-cm-Überlaenge-RIESENHEMD-Berlin-4.jpg;;;;;;;;;;;Tops;;true;;;;art_4260581271121;41;4260581271121;4260581271121;0;false;false;;;;;;;;;75;;Fit;Slim Fit;Size;41;https://www.riesenhemd.com/wp-content/uploads/2018/11/Hemd-extra-langer-Arm-72-cm-Überlaenge-RIESENHEMD-Berlin-4.jpg; https://www.riesenhemd.com/wp-content/uploads/2018/11/Hemd-extra-langer-Arm-72-cm-Überlaenge-RIESENHEMD-Berlin-3.jpg;"{""size"": 41, ""chest_cm"": 115, ""waist_cm"": 107, ""front_length_cm"": 85, ""back_length_cm"": 95, ""sleeve_length_cm"": 72}";41;115;107;85;95;72
prod_15658;hemd-berlin-72-cm-armlange;Hemd Berlin - 72 cm Armlänge;;"<div class=""woocommerce-product-details__short-description"">
\n<p>Unser Hemd Berlin – ein super Hemd zum Ausgehen abends, das lässig auch im Büro getragen werden kann. Aus einem tollem Popeline-Stoff, dunkelblau-meliert, mit feinen Karos, aus 100% Baumwolle.</p>
\n<p>Perfekt für sehr große Männer - in Überlänge, und mit 72 cm langen Ärmeln.</p>
\n</div>
\n<p>In den Paßformen <span class=""a-text-bold"">Slim Fit</span> und in <span class=""a-text-bold"">Modern Fit</span> erhältlich.</p>";published;https://www.riesenhemd.com/wp-content/uploads/2018/11/Hemd-extra-langer-Arm-72-cm-Überlaenge-RIESENHEMD-Berlin-4.jpg;;;;;;;;;;;Tops;;true;;;;art_4260581271138;42;4260581271138;4260581271138;0;false;false;;;;;;;;;75;;Fit;Slim Fit;Size;42;https://www.riesenhemd.com/wp-content/uploads/2018/11/Hemd-extra-langer-Arm-72-cm-Überlaenge-RIESENHEMD-Berlin-4.jpg; https://www.riesenhemd.com/wp-content/uploads/2018/11/Hemd-extra-langer-Arm-72-cm-Überlaenge-RIESENHEMD-Berlin-3.jpg;"{""size"": 42, ""chest_cm"": 118, ""waist_cm"": 110, ""front_length_cm"": 85, ""back_length_cm"": 95, ""sleeve_length_cm"": 72}";42;118;110;85;95;72
prod_15658;hemd-berlin-72-cm-armlange;Hemd Berlin - 72 cm Armlänge;;"<div class=""woocommerce-product-details__short-description"">
\n<p>Unser Hemd Berlin – ein super Hemd zum Ausgehen abends, das lässig auch im Büro getragen werden kann. Aus einem tollem Popeline-Stoff, dunkelblau-meliert, mit feinen Karos, aus 100% Baumwolle.</p>
\n<p>Perfekt für sehr große Männer - in Überlänge, und mit 72 cm langen Ärmeln.</p>
\n</div>
\n<p>In den Paßformen <span class=""a-text-bold"">Slim Fit</span> und in <span class=""a-text-bold"">Modern Fit</span> erhältlich.</p>";published;https://www.riesenhemd.com/wp-content/uploads/2018/11/Hemd-extra-langer-Arm-72-cm-Überlaenge-RIESENHEMD-Berlin-4.jpg;;;;;;;;;;;Tops;;true;;;;art_4260581271145;43;4260581271145;4260581271145;0;false;false;;;;;;;;;75;;Fit;Slim Fit;Size;43;https://www.riesenhemd.com/wp-content/uploads/2018/11/Hemd-extra-langer-Arm-72-cm-Überlaenge-RIESENHEMD-Berlin-4.jpg; https://www.riesenhemd.com/wp-content/uploads/2018/11/Hemd-extra-langer-Arm-72-cm-Überlaenge-RIESENHEMD-Berlin-3.jpg;"{""size"": 43, ""chest_cm"": 121, ""waist_cm"": 113, ""front_length_cm"": 86, ""back_length_cm"": 96, ""sleeve_length_cm"": 72}";43;121;113;86;96;72
prod_15708;hemd-stockholm-72-cm-armlange;Hemd Stockholm - 72 cm Armlänge;;"<div class=""woocommerce-product-details__short-description"">
\n<p>Unser Hemd Stockholm – für den “Man in Black.” Ein super Hemd zum Ausgehen abends, das lässig auch im Büro getragen werden kann. Aus einem tollem Popeline-Stoff, schwarz-dunkelgrau meliert, mit feinen Karos, aus 100% Baumwolle.</p>
\n<p>Perfekt für sehr große Männer - in Überlänge, und mit 72 cm langen Ärmeln.</p>
\n</div>
\n<p>In den Paßformen <span class=""a-text-bold"">Slim Fit</span> und in <span class=""a-text-bold"">Modern Fit</span> erhältlich.</p>";published;https://www.riesenhemd.com/wp-content/uploads/2019/06/Hemd-extra-langer-Arm-72-Ueberlaenge-Stockholm-5.jpg;;;;;;;;;;;Tops;;true;;;;art_4260581270704;41;4260581270704;4260581270704;0;false;false;;;;;;;;;75;;Fit;Modern Fit;Size;41;https://www.riesenhemd.com/wp-content/uploads/2019/06/Hemd-extra-langer-Arm-72-Ueberlaenge-Stockholm-5.jpg; https://www.riesenhemd.com/wp-content/uploads/2019/06/Hemd-extra-langer-Arm-72-cm-Ueberlaenge-RIESENHEMD-Stockholm-2.jpg;"{""size"": 41, ""chest_cm"": 122, ""waist_cm"": 118, ""front_length_cm"": 85, ""back_length_cm"": 95, ""sleeve_length_cm"": 72}";41;122;118;85;95;72
prod_15708;hemd-stockholm-72-cm-armlange;Hemd Stockholm - 72 cm Armlänge;;"<div class=""woocommerce-product-details__short-description"">
\n<p>Unser Hemd Stockholm – für den “Man in Black.” Ein super Hemd zum Ausgehen abends, das lässig auch im Büro getragen werden kann. Aus einem tollem Popeline-Stoff, schwarz-dunkelgrau meliert, mit feinen Karos, aus 100% Baumwolle.</p>
\n<p>Perfekt für sehr große Männer - in Überlänge, und mit 72 cm langen Ärmeln.</p>
\n</div>
\n<p>In den Paßformen <span class=""a-text-bold"">Slim Fit</span> und in <span class=""a-text-bold"">Modern Fit</span> erhältlich.</p>";published;https://www.riesenhemd.com/wp-content/uploads/2019/06/Hemd-extra-langer-Arm-72-Ueberlaenge-Stockholm-5.jpg;;;;;;;;;;;Tops;;true;;;;art_4260581270711;42;4260581270711;4260581270711;0;false;false;;;;;;;;;75;;Fit;Modern Fit;Size;42;https://www.riesenhemd.com/wp-content/uploads/2019/06/Hemd-extra-langer-Arm-72-Ueberlaenge-Stockholm-5.jpg; https://www.riesenhemd.com/wp-content/uploads/2019/06/Hemd-extra-langer-Arm-72-cm-Ueberlaenge-RIESENHEMD-Stockholm-2.jpg;"{""size"": 42, ""chest_cm"": 125, ""waist_cm"": 121, ""front_length_cm"": 85, ""back_length_cm"": 95, ""sleeve_length_cm"": 72}";42;125;121;85;95;72
prod_15708;hemd-stockholm-72-cm-armlange;Hemd Stockholm - 72 cm Armlänge;;"<div class=""woocommerce-product-details__short-description"">
\n<p>Unser Hemd Stockholm – für den “Man in Black.” Ein super Hemd zum Ausgehen abends, das lässig auch im Büro getragen werden kann. Aus einem tollem Popeline-Stoff, schwarz-dunkelgrau meliert, mit feinen Karos, aus 100% Baumwolle.</p>
\n<p>Perfekt für sehr große Männer - in Überlänge, und mit 72 cm langen Ärmeln.</p>
\n</div>
\n<p>In den Paßformen <span class=""a-text-bold"">Slim Fit</span> und in <span class=""a-text-bold"">Modern Fit</span> erhältlich.</p>";published;https://www.riesenhemd.com/wp-content/uploads/2019/06/Hemd-extra-langer-Arm-72-Ueberlaenge-Stockholm-5.jpg;;;;;;;;;;;Tops;;true;;;;art_4260581270728;43;4260581270728;4260581270728;0;false;false;;;;;;;;;75;;Fit;Modern Fit;Size;43;https://www.riesenhemd.com/wp-content/uploads/2019/06/Hemd-extra-langer-Arm-72-Ueberlaenge-Stockholm-5.jpg; https://www.riesenhemd.com/wp-content/uploads/2019/06/Hemd-extra-langer-Arm-72-cm-Ueberlaenge-RIESENHEMD-Stockholm-2.jpg;"{""size"": 43, ""chest_cm"": 127, ""waist_cm"": 123, ""front_length_cm"": 86, ""back_length_cm"": 96, ""sleeve_length_cm"": 72}";43;127;123;86;96;72
prod_15708;hemd-stockholm-72-cm-armlange;Hemd Stockholm - 72 cm Armlänge;;"<div class=""woocommerce-product-details__short-description"">
\n<p>Unser Hemd Stockholm – für den “Man in Black.” Ein super Hemd zum Ausgehen abends, das lässig auch im Büro getragen werden kann. Aus einem tollem Popeline-Stoff, schwarz-dunkelgrau meliert, mit feinen Karos, aus 100% Baumwolle.</p>
\n<p>Perfekt für sehr große Männer - in Überlänge, und mit 72 cm langen Ärmeln.</p>
\n</div>
\n<p>In den Paßformen <span class=""a-text-bold"">Slim Fit</span> und in <span class=""a-text-bold"">Modern Fit</span> erhältlich.</p>";published;https://www.riesenhemd.com/wp-content/uploads/2019/06/Hemd-extra-langer-Arm-72-Ueberlaenge-Stockholm-5.jpg;;;;;;;;;;;Tops;;true;;;;art_4260581270735;44;4260581270735;4260581270735;100;false;false;;;;;;;;;75;;Fit;Modern Fit;Size;44;https://www.riesenhemd.com/wp-content/uploads/2019/06/Hemd-extra-langer-Arm-72-Ueberlaenge-Stockholm-5.jpg; https://www.riesenhemd.com/wp-content/uploads/2019/06/Hemd-extra-langer-Arm-72-cm-Ueberlaenge-RIESENHEMD-Stockholm-2.jpg;"{""size"": 44, ""chest_cm"": 129, ""waist_cm"": 125, ""front_length_cm"": 86, ""back_length_cm"": 96, ""sleeve_length_cm"": 72}";44;129;125;86;96;72
prod_15708;hemd-stockholm-72-cm-armlange;Hemd Stockholm - 72 cm Armlänge;;"<div class=""woocommerce-product-details__short-description"">
\n<p>Unser Hemd Stockholm – für den “Man in Black.” Ein super Hemd zum Ausgehen abends, das lässig auch im Büro getragen werden kann. Aus einem tollem Popeline-Stoff, schwarz-dunkelgrau meliert, mit feinen Karos, aus 100% Baumwolle.</p>
\n<p>Perfekt für sehr große Männer - in Überlänge, und mit 72 cm langen Ärmeln.</p>
\n</div>
\n<p>In den Paßformen <span class=""a-text-bold"">Slim Fit</span> und in <span class=""a-text-bold"">Modern Fit</span> erhältlich.</p>";published;https://www.riesenhemd.com/wp-content/uploads/2019/06/Hemd-extra-langer-Arm-72-Ueberlaenge-Stockholm-5.jpg;;;;;;;;;;;Tops;;true;;;;art_4260581272401;39;4260581272401;4260581272401;100;false;false;;;;;;;;;75;;Fit;Slim Fit;Size;39;https://www.riesenhemd.com/wp-content/uploads/2019/06/Hemd-extra-langer-Arm-72-Ueberlaenge-Stockholm-5.jpg; https://www.riesenhemd.com/wp-content/uploads/2019/06/Hemd-extra-langer-Arm-72-cm-Ueberlaenge-RIESENHEMD-Stockholm-2.jpg;"{""size"": 39, ""chest_cm"": 108, ""waist_cm"": 100, ""front_length_cm"": 85, ""back_length_cm"": 95, ""sleeve_length_cm"": 72}";39;108;100;85;95;72
prod_15708;hemd-stockholm-72-cm-armlange;Hemd Stockholm - 72 cm Armlänge;;"<div class=""woocommerce-product-details__short-description"">
\n<p>Unser Hemd Stockholm – für den “Man in Black.” Ein super Hemd zum Ausgehen abends, das lässig auch im Büro getragen werden kann. Aus einem tollem Popeline-Stoff, schwarz-dunkelgrau meliert, mit feinen Karos, aus 100% Baumwolle.</p>
\n<p>Perfekt für sehr große Männer - in Überlänge, und mit 72 cm langen Ärmeln.</p>
\n</div>
\n<p>In den Paßformen <span class=""a-text-bold"">Slim Fit</span> und in <span class=""a-text-bold"">Modern Fit</span> erhältlich.</p>";published;https://www.riesenhemd.com/wp-content/uploads/2019/06/Hemd-extra-langer-Arm-72-Ueberlaenge-Stockholm-5.jpg;;;;;;;;;;;Tops;;true;;;;art_4260581272418;40;4260581272418;4260581272418;100;false;false;;;;;;;;;75;;Fit;Slim Fit;Size;40;https://www.riesenhemd.com/wp-content/uploads/2019/06/Hemd-extra-langer-Arm-72-Ueberlaenge-Stockholm-5.jpg; https://www.riesenhemd.com/wp-content/uploads/2019/06/Hemd-extra-langer-Arm-72-cm-Ueberlaenge-RIESENHEMD-Stockholm-2.jpg;"{""size"": 40, ""chest_cm"": 111, ""waist_cm"": 103, ""front_length_cm"": 85, ""back_length_cm"": 95, ""sleeve_length_cm"": 72}";40;111;103;85;95;72
prod_15708;hemd-stockholm-72-cm-armlange;Hemd Stockholm - 72 cm Armlänge;;"<div class=""woocommerce-product-details__short-description"">
\n<p>Unser Hemd Stockholm – für den “Man in Black.” Ein super Hemd zum Ausgehen abends, das lässig auch im Büro getragen werden kann. Aus einem tollem Popeline-Stoff, schwarz-dunkelgrau meliert, mit feinen Karos, aus 100% Baumwolle.</p>
\n<p>Perfekt für sehr große Männer - in Überlänge, und mit 72 cm langen Ärmeln.</p>
\n</div>
\n<p>In den Paßformen <span class=""a-text-bold"">Slim Fit</span> und in <span class=""a-text-bold"">Modern Fit</span> erhältlich.</p>";published;https://www.riesenhemd.com/wp-content/uploads/2019/06/Hemd-extra-langer-Arm-72-Ueberlaenge-Stockholm-5.jpg;;;;;;;;;;;Tops;;true;;;;art_4260581272425;41;4260581272425;4260581272425;0;false;false;;;;;;;;;75;;Fit;Slim Fit;Size;41;https://www.riesenhemd.com/wp-content/uploads/2019/06/Hemd-extra-langer-Arm-72-Ueberlaenge-Stockholm-5.jpg; https://www.riesenhemd.com/wp-content/uploads/2019/06/Hemd-extra-langer-Arm-72-cm-Ueberlaenge-RIESENHEMD-Stockholm-2.jpg;"{""size"": 41, ""chest_cm"": 115, ""waist_cm"": 107, ""front_length_cm"": 85, ""back_length_cm"": 95, ""sleeve_length_cm"": 72}";41;115;107;85;95;72
prod_15708;hemd-stockholm-72-cm-armlange;Hemd Stockholm - 72 cm Armlänge;;"<div class=""woocommerce-product-details__short-description"">
\n<p>Unser Hemd Stockholm – für den “Man in Black.” Ein super Hemd zum Ausgehen abends, das lässig auch im Büro getragen werden kann. Aus einem tollem Popeline-Stoff, schwarz-dunkelgrau meliert, mit feinen Karos, aus 100% Baumwolle.</p>
\n<p>Perfekt für sehr große Männer - in Überlänge, und mit 72 cm langen Ärmeln.</p>
\n</div>
\n<p>In den Paßformen <span class=""a-text-bold"">Slim Fit</span> und in <span class=""a-text-bold"">Modern Fit</span> erhältlich.</p>";published;https://www.riesenhemd.com/wp-content/uploads/2019/06/Hemd-extra-langer-Arm-72-Ueberlaenge-Stockholm-5.jpg;;;;;;;;;;;Tops;;true;;;;art_4260581272432;42;4260581272432;4260581272432;0;false;false;;;;;;;;;75;;Fit;Slim Fit;Size;42;https://www.riesenhemd.com/wp-content/uploads/2019/06/Hemd-extra-langer-Arm-72-Ueberlaenge-Stockholm-5.jpg; https://www.riesenhemd.com/wp-content/uploads/2019/06/Hemd-extra-langer-Arm-72-cm-Ueberlaenge-RIESENHEMD-Stockholm-2.jpg;"{""size"": 42, ""chest_cm"": 118, ""waist_cm"": 110, ""front_length_cm"": 85, ""back_length_cm"": 95, ""sleeve_length_cm"": 72}";42;118;110;85;95;72
prod_15708;hemd-stockholm-72-cm-armlange;Hemd Stockholm - 72 cm Armlänge;;"<div class=""woocommerce-product-details__short-description"">
\n<p>Unser Hemd Stockholm – für den “Man in Black.” Ein super Hemd zum Ausgehen abends, das lässig auch im Büro getragen werden kann. Aus einem tollem Popeline-Stoff, schwarz-dunkelgrau meliert, mit feinen Karos, aus 100% Baumwolle.</p>
\n<p>Perfekt für sehr große Männer - in Überlänge, und mit 72 cm langen Ärmeln.</p>
\n</div>
\n<p>In den Paßformen <span class=""a-text-bold"">Slim Fit</span> und in <span class=""a-text-bold"">Modern Fit</span> erhältlich.</p>";published;https://www.riesenhemd.com/wp-content/uploads/2019/06/Hemd-extra-langer-Arm-72-Ueberlaenge-Stockholm-5.jpg;;;;;;;;;;;Tops;;true;;;;art_4260581272449;43;4260581272449;4260581272449;0;false;false;;;;;;;;;75;;Fit;Slim Fit;Size;43;https://www.riesenhemd.com/wp-content/uploads/2019/06/Hemd-extra-langer-Arm-72-Ueberlaenge-Stockholm-5.jpg; https://www.riesenhemd.com/wp-content/uploads/2019/06/Hemd-extra-langer-Arm-72-cm-Ueberlaenge-RIESENHEMD-Stockholm-2.jpg;"{""size"": 43, ""chest_cm"": 121, ""waist_cm"": 113, ""front_length_cm"": 86, ""back_length_cm"": 96, ""sleeve_length_cm"": 72}";43;121;113;86;96;72
prod_15708;hemd-stockholm-72-cm-armlange;Hemd Stockholm - 72 cm Armlänge;;"<div class=""woocommerce-product-details__short-description"">
\n<p>Unser Hemd Stockholm – für den “Man in Black.” Ein super Hemd zum Ausgehen abends, das lässig auch im Büro getragen werden kann. Aus einem tollem Popeline-Stoff, schwarz-dunkelgrau meliert, mit feinen Karos, aus 100% Baumwolle.</p>
\n<p>Perfekt für sehr große Männer - in Überlänge, und mit 72 cm langen Ärmeln.</p>
\n</div>
\n<p>In den Paßformen <span class=""a-text-bold"">Slim Fit</span> und in <span class=""a-text-bold"">Modern Fit</span> erhältlich.</p>";published;https://www.riesenhemd.com/wp-content/uploads/2019/06/Hemd-extra-langer-Arm-72-Ueberlaenge-Stockholm-5.jpg;;;;;;;;;;;Tops;;true;;;;art_4260581270247;45;4260581270247;4260581270247;100;false;false;;;;;;;;;75;;Fit;Modern Fit;Size;45;https://www.riesenhemd.com/wp-content/uploads/2019/06/Hemd-extra-langer-Arm-72-Ueberlaenge-Stockholm-5.jpg; https://www.riesenhemd.com/wp-content/uploads/2019/06/Hemd-extra-langer-Arm-72-cm-Ueberlaenge-RIESENHEMD-Stockholm-2.jpg;"{""size"": 45, ""chest_cm"": 131, ""waist_cm"": 127, ""front_length_cm"": 87, ""back_length_cm"": 97, ""sleeve_length_cm"": 72}";45;131;127;87;97;72
prod_15708;hemd-stockholm-72-cm-armlange;Hemd Stockholm - 72 cm Armlänge;;"<div class=""woocommerce-product-details__short-description"">
\n<p>Unser Hemd Stockholm – für den “Man in Black.” Ein super Hemd zum Ausgehen abends, das lässig auch im Büro getragen werden kann. Aus einem tollem Popeline-Stoff, schwarz-dunkelgrau meliert, mit feinen Karos, aus 100% Baumwolle.</p>
\n<p>Perfekt für sehr große Männer - in Überlänge, und mit 72 cm langen Ärmeln.</p>
\n</div>
\n<p>In den Paßformen <span class=""a-text-bold"">Slim Fit</span> und in <span class=""a-text-bold"">Modern Fit</span> erhältlich.</p>";published;https://www.riesenhemd.com/wp-content/uploads/2019/06/Hemd-extra-langer-Arm-72-Ueberlaenge-Stockholm-5.jpg;;;;;;;;;;;Tops;;true;;;;art_4260581270254;46;4260581270254;4260581270254;100;false;false;;;;;;;;;75;;Fit;Modern Fit;Size;46;https://www.riesenhemd.com/wp-content/uploads/2019/06/Hemd-extra-langer-Arm-72-Ueberlaenge-Stockholm-5.jpg; https://www.riesenhemd.com/wp-content/uploads/2019/06/Hemd-extra-langer-Arm-72-cm-Ueberlaenge-RIESENHEMD-Stockholm-2.jpg;"{""size"": 46, ""chest_cm"": 133, ""waist_cm"": 129, ""front_length_cm"": 87, ""back_length_cm"": 97, ""sleeve_length_cm"": 72}";46;133;129;87;97;72
prod_15708;hemd-stockholm-72-cm-armlange;Hemd Stockholm - 72 cm Armlänge;;"<div class=""woocommerce-product-details__short-description"">
\n<p>Unser Hemd Stockholm – für den “Man in Black.” Ein super Hemd zum Ausgehen abends, das lässig auch im Büro getragen werden kann. Aus einem tollem Popeline-Stoff, schwarz-dunkelgrau meliert, mit feinen Karos, aus 100% Baumwolle.</p>
\n<p>Perfekt für sehr große Männer - in Überlänge, und mit 72 cm langen Ärmeln.</p>
\n</div>
\n<p>In den Paßformen <span class=""a-text-bold"">Slim Fit</span> und in <span class=""a-text-bold"">Modern Fit</span> erhältlich.</p>";published;https://www.riesenhemd.com/wp-content/uploads/2019/06/Hemd-extra-langer-Arm-72-Ueberlaenge-Stockholm-5.jpg;;;;;;;;;;;Tops;;true;;;;art_4260581272531;42;4260581272531;4260581272531;0;false;false;;;;;;;;;75;;Fit;Slim Fit;Size;42;https://www.riesenhemd.com/wp-content/uploads/2019/06/Hemd-extra-langer-Arm-72-Ueberlaenge-Stockholm-5.jpg; https://www.riesenhemd.com/wp-content/uploads/2019/06/Hemd-extra-langer-Arm-72-cm-Ueberlaenge-RIESENHEMD-Stockholm-2.jpg;"{""size"": 42, ""chest_cm"": 118, ""waist_cm"": 110, ""front_length_cm"": 85, ""back_length_cm"": 95, ""sleeve_length_cm"": 72}";42;118;110;85;95;72
prod_15708;hemd-stockholm-72-cm-armlange;Hemd Stockholm - 72 cm Armlänge;;"<div class=""woocommerce-product-details__short-description"">
\n<p>Unser Hemd Stockholm – für den “Man in Black.” Ein super Hemd zum Ausgehen abends, das lässig auch im Büro getragen werden kann. Aus einem tollem Popeline-Stoff, schwarz-dunkelgrau meliert, mit feinen Karos, aus 100% Baumwolle.</p>
\n<p>Perfekt für sehr große Männer - in Überlänge, und mit 72 cm langen Ärmeln.</p>
\n</div>
\n<p>In den Paßformen <span class=""a-text-bold"">Slim Fit</span> und in <span class=""a-text-bold"">Modern Fit</span> erhältlich.</p>";published;https://www.riesenhemd.com/wp-content/uploads/2019/06/Hemd-extra-langer-Arm-72-Ueberlaenge-Stockholm-5.jpg;;;;;;;;;;;Tops;;true;;;;art_4260581272548;43;4260581272548;4260581272548;0;false;false;;;;;;;;;75;;Fit;Slim Fit;Size;43;https://www.riesenhemd.com/wp-content/uploads/2019/06/Hemd-extra-langer-Arm-72-Ueberlaenge-Stockholm-5.jpg; https://www.riesenhemd.com/wp-content/uploads/2019/06/Hemd-extra-langer-Arm-72-cm-Ueberlaenge-RIESENHEMD-Stockholm-2.jpg;"{""size"": 43, ""chest_cm"": 121, ""waist_cm"": 113, ""front_length_cm"": 86, ""back_length_cm"": 96, ""sleeve_length_cm"": 72}";43;121;113;86;96;72
prod_15708;hemd-stockholm-72-cm-armlange;Hemd Stockholm - 72 cm Armlänge;;"<div class=""woocommerce-product-details__short-description"">
\n<p>Unser Hemd Stockholm – für den “Man in Black.” Ein super Hemd zum Ausgehen abends, das lässig auch im Büro getragen werden kann. Aus einem tollem Popeline-Stoff, schwarz-dunkelgrau meliert, mit feinen Karos, aus 100% Baumwolle.</p>
\n<p>Perfekt für sehr große Männer - in Überlänge, und mit 72 cm langen Ärmeln.</p>
\n</div>
\n<p>In den Paßformen <span class=""a-text-bold"">Slim Fit</span> und in <span class=""a-text-bold"">Modern Fit</span> erhältlich.</p>";published;https://www.riesenhemd.com/wp-content/uploads/2019/06/Hemd-extra-langer-Arm-72-Ueberlaenge-Stockholm-5.jpg;;;;;;;;;;;Tops;;true;;;;art_4260581272159;44;4260581272159;4260581272159;100;false;false;;;;;;;;;75;;Fit;Slim Fit;Size;44;https://www.riesenhemd.com/wp-content/uploads/2019/06/Hemd-extra-langer-Arm-72-Ueberlaenge-Stockholm-5.jpg; https://www.riesenhemd.com/wp-content/uploads/2019/06/Hemd-extra-langer-Arm-72-cm-Ueberlaenge-RIESENHEMD-Stockholm-2.jpg;{};;;;;;
