Product Id;Product Handle;Product Title;Product Subtitle;Product Description;Product Status;Product Thumbnail;Product Weight;Product Length;Product Width;Product Height;Product HS Code;Product Origin Country;Product MID Code;Product Material;Product Collection Title;Product Collection Handle;Product Type;Product Tags;Product Discountable;Product External Id;Product Profile Name;Product Profile Type;Variant Id;Variant Title;Variant SKU;Variant Barcode;Variant Inventory Quantity;Variant Allow Backorder;Variant Manage Inventory;Variant Weight;Variant Length;Variant Width;Variant Height;Variant HS Code;Variant Origin Country;Variant MID Code;Variant Material;Price EUR;Price USD;Option 1 Name;Option 1 Value;Option 2 Name;Option 2 Value;Image 1 Url;Image 2 Url;Image 3 Url;Image 4 Url;Image 5 Url;Image 6 Url;Image 7 Url;Variant Metadata;Variant Metadata.Fits Chest;Variant Metadata.chest_cm;Variant Metadata.front_length_cm;Variant Metadata.sleeve_length_cm
prod_8022205464772;2t-hamish-tall-heavyweight-regular-fit-sweatshirt-dusky-blue;2t Hamish Tall Heavyweight Regular Fit Sweatshirt (dusky blue);;"<div><ul>
<li>Our extra long Hamish Heavyweight Regular Fit Sweatshirts are made exclusively for 2tall.com.</li>
<li>Designed by us to specifically cater to tall, slim and athletic build guys.</li>
<li>Made with extra length in the body and arms.</li>
<li>Heavyweight sweatshirt.</li>
<li>Available in sizes MT to 3XLT. </li>
</ul></div>";published;;;;;;;;;;;;Sweat Shirts;;true;;;;44095738314948;MT;2t Hamish Tall Heavyweight Sweatshirt (dusky blue)-MT;;0;false;false;;;;;;;;;35.00;;Fit;MT;;;https://cdn.shopify.com/s/files/1/0618/4045/7924/files/Sweatshirt_202T_20Hamish_20Reg_20Dusky_20Blue_20front_20cropped.jpg?v=1737046481;https://cdn.shopify.com/s/files/1/0618/4045/7924/files/Sweatshirt_202T_20Hamish_20Reg_20Dusky_20Blue_20front_20rear.jpg?v=1737046481;https://cdn.shopify.com/s/files/1/0618/4045/7924/files/Sweatshirt_202T_20Hamish_20Reg_20Dusky_20Blue_20detail_2001.jpg?v=1737046481;https://cdn.shopify.com/s/files/1/0618/4045/7924/files/Sweatshirt_202T_20Hamish_20Reg_20Dusky_20Blue_20detail_2002.jpg?v=1737046481;https://cdn.shopify.com/s/files/1/0618/4045/7924/files/Sweatshirt_202T_20Hamish_20Reg_20Dusky_20Blue_20front_2001.jpg?v=1737046481;;;"{""Fits Chest"": ""38-40\"""", ""chest_cm"": 104, ""front_length_cm"": 78, ""sleeve_length_cm"": 73}";"38-40""";104;78;73
prod_8022205464772;2t-hamish-tall-heavyweight-regular-fit-sweatshirt-dusky-blue;2t Hamish Tall Heavyweight Regular Fit Sweatshirt (dusky blue);;"<div><ul>
<li>Our extra long Hamish Heavyweight Regular Fit Sweatshirts are made exclusively for 2tall.com.</li>
<li>Designed by us to specifically cater to tall, slim and athletic build guys.</li>
<li>Made with extra length in the body and arms.</li>
<li>Heavyweight sweatshirt.</li>
<li>Available in sizes MT to 3XLT. </li>
</ul></div>";published;;;;;;;;;;;;Sweat Shirts;;true;;;;44095738347716;LT;2t Hamish Tall Heavyweight Sweatshirt (dusky blue)-LT;;0;false;false;;;;;;;;;35.00;;Fit;LT;;;https://cdn.shopify.com/s/files/1/0618/4045/7924/files/Sweatshirt_202T_20Hamish_20Reg_20Dusky_20Blue_20front_20cropped.jpg?v=1737046481;https://cdn.shopify.com/s/files/1/0618/4045/7924/files/Sweatshirt_202T_20Hamish_20Reg_20Dusky_20Blue_20front_20rear.jpg?v=1737046481;https://cdn.shopify.com/s/files/1/0618/4045/7924/files/Sweatshirt_202T_20Hamish_20Reg_20Dusky_20Blue_20detail_2001.jpg?v=1737046481;https://cdn.shopify.com/s/files/1/0618/4045/7924/files/Sweatshirt_202T_20Hamish_20Reg_20Dusky_20Blue_20detail_2002.jpg?v=1737046481;https://cdn.shopify.com/s/files/1/0618/4045/7924/files/Sweatshirt_202T_20Hamish_20Reg_20Dusky_20Blue_20front_2001.jpg?v=1737046481;;;"{""Fits Chest"": ""40-42\"""", ""chest_cm"": 110, ""front_length_cm"": 79, ""sleeve_length_cm"": 74}";"40-42""";110;79;74
prod_8022205464772;2t-hamish-tall-heavyweight-regular-fit-sweatshirt-dusky-blue;2t Hamish Tall Heavyweight Regular Fit Sweatshirt (dusky blue);;"<div><ul>
<li>Our extra long Hamish Heavyweight Regular Fit Sweatshirts are made exclusively for 2tall.com.</li>
<li>Designed by us to specifically cater to tall, slim and athletic build guys.</li>
<li>Made with extra length in the body and arms.</li>
<li>Heavyweight sweatshirt.</li>
<li>Available in sizes MT to 3XLT. </li>
</ul></div>";published;;;;;;;;;;;;Sweat Shirts;;true;;;;44095738380484;XLT;2t Hamish Tall Heavyweight Sweatshirt (dusky blue)-XLT;;0;false;false;;;;;;;;;35.00;;Fit;XLT;;;https://cdn.shopify.com/s/files/1/0618/4045/7924/files/Sweatshirt_202T_20Hamish_20Reg_20Dusky_20Blue_20front_20cropped.jpg?v=1737046481;https://cdn.shopify.com/s/files/1/0618/4045/7924/files/Sweatshirt_202T_20Hamish_20Reg_20Dusky_20Blue_20front_20rear.jpg?v=1737046481;https://cdn.shopify.com/s/files/1/0618/4045/7924/files/Sweatshirt_202T_20Hamish_20Reg_20Dusky_20Blue_20detail_2001.jpg?v=1737046481;https://cdn.shopify.com/s/files/1/0618/4045/7924/files/Sweatshirt_202T_20Hamish_20Reg_20Dusky_20Blue_20detail_2002.jpg?v=1737046481;https://cdn.shopify.com/s/files/1/0618/4045/7924/files/Sweatshirt_202T_20Hamish_20Reg_20Dusky_20Blue_20front_2001.jpg?v=1737046481;;;"{""Fits Chest"": ""42-44\"""", ""chest_cm"": 114, ""front_length_cm"": 81, ""sleeve_length_cm"": 75}";"42-44""";114;81;75
prod_8022205464772;2t-hamish-tall-heavyweight-regular-fit-sweatshirt-dusky-blue;2t Hamish Tall Heavyweight Regular Fit Sweatshirt (dusky blue);;"<div><ul>
<li>Our extra long Hamish Heavyweight Regular Fit Sweatshirts are made exclusively for 2tall.com.</li>
<li>Designed by us to specifically cater to tall, slim and athletic build guys.</li>
<li>Made with extra length in the body and arms.</li>
<li>Heavyweight sweatshirt.</li>
<li>Available in sizes MT to 3XLT. </li>
</ul></div>";published;;;;;;;;;;;;Sweat Shirts;;true;;;;44095738413252;2XLT;2t Hamish Tall Heavyweight Sweatshirt (dusky blue)-2XLT;;0;false;false;;;;;;;;;35.00;;Fit;2XLT;;;https://cdn.shopify.com/s/files/1/0618/4045/7924/files/Sweatshirt_202T_20Hamish_20Reg_20Dusky_20Blue_20front_20cropped.jpg?v=1737046481;https://cdn.shopify.com/s/files/1/0618/4045/7924/files/Sweatshirt_202T_20Hamish_20Reg_20Dusky_20Blue_20front_20rear.jpg?v=1737046481;https://cdn.shopify.com/s/files/1/0618/4045/7924/files/Sweatshirt_202T_20Hamish_20Reg_20Dusky_20Blue_20detail_2001.jpg?v=1737046481;https://cdn.shopify.com/s/files/1/0618/4045/7924/files/Sweatshirt_202T_20Hamish_20Reg_20Dusky_20Blue_20detail_2002.jpg?v=1737046481;https://cdn.shopify.com/s/files/1/0618/4045/7924/files/Sweatshirt_202T_20Hamish_20Reg_20Dusky_20Blue_20front_2001.jpg?v=1737046481;;;"{""Fits Chest"": ""44-46\"""", ""chest_cm"": 122, ""front_length_cm"": 81, ""sleeve_length_cm"": 75}";"44-46""";122;81;75
prod_8022205464772;2t-hamish-tall-heavyweight-regular-fit-sweatshirt-dusky-blue;2t Hamish Tall Heavyweight Regular Fit Sweatshirt (dusky blue);;"<div><ul>
<li>Our extra long Hamish Heavyweight Regular Fit Sweatshirts are made exclusively for 2tall.com.</li>
<li>Designed by us to specifically cater to tall, slim and athletic build guys.</li>
<li>Made with extra length in the body and arms.</li>
<li>Heavyweight sweatshirt.</li>
<li>Available in sizes MT to 3XLT. </li>
</ul></div>";published;;;;;;;;;;;;Sweat Shirts;;true;;;;44095738446020;3XLT;2t Hamish Tall Heavyweight Sweatshirt (dusky blue)-3XLT;;0;false;false;;;;;;;;;35.00;;Fit;3XLT;;;https://cdn.shopify.com/s/files/1/0618/4045/7924/files/Sweatshirt_202T_20Hamish_20Reg_20Dusky_20Blue_20front_20cropped.jpg?v=1737046481;https://cdn.shopify.com/s/files/1/0618/4045/7924/files/Sweatshirt_202T_20Hamish_20Reg_20Dusky_20Blue_20front_20rear.jpg?v=1737046481;https://cdn.shopify.com/s/files/1/0618/4045/7924/files/Sweatshirt_202T_20Hamish_20Reg_20Dusky_20Blue_20detail_2001.jpg?v=1737046481;https://cdn.shopify.com/s/files/1/0618/4045/7924/files/Sweatshirt_202T_20Hamish_20Reg_20Dusky_20Blue_20detail_2002.jpg?v=1737046481;https://cdn.shopify.com/s/files/1/0618/4045/7924/files/Sweatshirt_202T_20Hamish_20Reg_20Dusky_20Blue_20front_2001.jpg?v=1737046481;;;"{""Fits Chest"": ""46-48\"""", ""chest_cm"": 126, ""front_length_cm"": 82, ""sleeve_length_cm"": 75}";"46-48""";126;82;75
prod_7961435308228;parell-evolve-tall-quarter-zip-training-top-navy;Parell Evolve Tall Quarter Zip Training Top (navy);;"<div><li>Parell Evolve Long Sleeve Quarter-Zip Training Top for tall men.</li>
<li>The added body length and slight taper of the garment make them ideal for tall men who are 6'4"" and over.</li>
<li>4 inches (10cm) longer than the high street.</li>
<li>UV Protection - tested up to UPF 50+.</li>
<li>Reflective Parell logo.</li>
<li>Perfect for running, training and the gym.</li>
<li>Polyester composition helps  keeps the sweat away from the skin as you exercise, which helps you stay nice and cool.</li>
<li>Available in sizes MT to 3XLT.</li></div>";published;;;;;;;;;;;;T-Shirts;;true;;;;43897733218500;MT;Parell Evolve Tall Quarter Zip Training Top (navy)-MT;;0;false;false;;;;;;;;;35.00;;Fit;MT;;;https://cdn.shopify.com/s/files/1/0618/4045/7924/files/Evolve-Quarter-Zip-Navy-1.jpg?v=1737048335;https://cdn.shopify.com/s/files/1/0618/4045/7924/files/Evolve-Quarter-Zip-Navy-2.jpg?v=1737048335;https://cdn.shopify.com/s/files/1/0618/4045/7924/files/Evolve-Quarter-Zip-Navy-3.jpg?v=1737048335;https://cdn.shopify.com/s/files/1/0618/4045/7924/files/Evolve-Quarter-Zip-Navy-5.jpg?v=1737048335;https://cdn.shopify.com/s/files/1/0618/4045/7924/files/Evolve-Quarter-Zip-Navy-6.jpg?v=1737048335;https://cdn.shopify.com/s/files/1/0618/4045/7924/files/Evolve-Quarter-Zip-Navy-4.jpg?v=1737048335;;"{""Fits Chest"": ""38-40\"""", ""chest_cm"": 104, ""front_length_cm"": 78, ""sleeve_length_cm"": 73}";"38-40""";104;78;73
prod_7961435308228;parell-evolve-tall-quarter-zip-training-top-navy;Parell Evolve Tall Quarter Zip Training Top (navy);;"<div><li>Parell Evolve Long Sleeve Quarter-Zip Training Top for tall men.</li>
<li>The added body length and slight taper of the garment make them ideal for tall men who are 6'4"" and over.</li>
<li>4 inches (10cm) longer than the high street.</li>
<li>UV Protection - tested up to UPF 50+.</li>
<li>Reflective Parell logo.</li>
<li>Perfect for running, training and the gym.</li>
<li>Polyester composition helps  keeps the sweat away from the skin as you exercise, which helps you stay nice and cool.</li>
<li>Available in sizes MT to 3XLT.</li></div>";published;;;;;;;;;;;;T-Shirts;;true;;;;43897733251268;LT;Parell Evolve Tall Quarter Zip Training Top (navy)-LT;;0;false;false;;;;;;;;;35.00;;Fit;LT;;;https://cdn.shopify.com/s/files/1/0618/4045/7924/files/Evolve-Quarter-Zip-Navy-1.jpg?v=1737048335;https://cdn.shopify.com/s/files/1/0618/4045/7924/files/Evolve-Quarter-Zip-Navy-2.jpg?v=1737048335;https://cdn.shopify.com/s/files/1/0618/4045/7924/files/Evolve-Quarter-Zip-Navy-3.jpg?v=1737048335;https://cdn.shopify.com/s/files/1/0618/4045/7924/files/Evolve-Quarter-Zip-Navy-5.jpg?v=1737048335;https://cdn.shopify.com/s/files/1/0618/4045/7924/files/Evolve-Quarter-Zip-Navy-6.jpg?v=1737048335;https://cdn.shopify.com/s/files/1/0618/4045/7924/files/Evolve-Quarter-Zip-Navy-4.jpg?v=1737048335;;"{""Fits Chest"": ""40-42\"""", ""chest_cm"": 110, ""front_length_cm"": 79, ""sleeve_length_cm"": 74}";"40-42""";110;79;74
prod_7961435308228;parell-evolve-tall-quarter-zip-training-top-navy;Parell Evolve Tall Quarter Zip Training Top (navy);;"<div><li>Parell Evolve Long Sleeve Quarter-Zip Training Top for tall men.</li>
<li>The added body length and slight taper of the garment make them ideal for tall men who are 6'4"" and over.</li>
<li>4 inches (10cm) longer than the high street.</li>
<li>UV Protection - tested up to UPF 50+.</li>
<li>Reflective Parell logo.</li>
<li>Perfect for running, training and the gym.</li>
<li>Polyester composition helps  keeps the sweat away from the skin as you exercise, which helps you stay nice and cool.</li>
<li>Available in sizes MT to 3XLT.</li></div>";published;;;;;;;;;;;;T-Shirts;;true;;;;43897733284036;XLT;Parell Evolve Tall Quarter Zip Training Top (navy)-XLT;;0;false;false;;;;;;;;;35.00;;Fit;XLT;;;https://cdn.shopify.com/s/files/1/0618/4045/7924/files/Evolve-Quarter-Zip-Navy-1.jpg?v=1737048335;https://cdn.shopify.com/s/files/1/0618/4045/7924/files/Evolve-Quarter-Zip-Navy-2.jpg?v=1737048335;https://cdn.shopify.com/s/files/1/0618/4045/7924/files/Evolve-Quarter-Zip-Navy-3.jpg?v=1737048335;https://cdn.shopify.com/s/files/1/0618/4045/7924/files/Evolve-Quarter-Zip-Navy-5.jpg?v=1737048335;https://cdn.shopify.com/s/files/1/0618/4045/7924/files/Evolve-Quarter-Zip-Navy-6.jpg?v=1737048335;https://cdn.shopify.com/s/files/1/0618/4045/7924/files/Evolve-Quarter-Zip-Navy-4.jpg?v=1737048335;;"{""Fits Chest"": ""42-44\"""", ""chest_cm"": 114, ""front_length_cm"": 81, ""sleeve_length_cm"": 75}";"42-44""";114;81;75
prod_7961435308228;parell-evolve-tall-quarter-zip-training-top-navy;Parell Evolve Tall Quarter Zip Training Top (navy);;"<div><li>Parell Evolve Long Sleeve Quarter-Zip Training Top for tall men.</li>
<li>The added body length and slight taper of the garment make them ideal for tall men who are 6'4"" and over.</li>
<li>4 inches (10cm) longer than the high street.</li>
<li>UV Protection - tested up to UPF 50+.</li>
<li>Reflective Parell logo.</li>
<li>Perfect for running, training and the gym.</li>
<li>Polyester composition helps  keeps the sweat away from the skin as you exercise, which helps you stay nice and cool.</li>
<li>Available in sizes MT to 3XLT.</li></div>";published;;;;;;;;;;;;T-Shirts;;true;;;;43897733316804;2XLT;Parell Evolve Tall Quarter Zip Training Top (navy)-2XLT;;0;false;false;;;;;;;;;35.00;;Fit;2XLT;;;https://cdn.shopify.com/s/files/1/0618/4045/7924/files/Evolve-Quarter-Zip-Navy-1.jpg?v=1737048335;https://cdn.shopify.com/s/files/1/0618/4045/7924/files/Evolve-Quarter-Zip-Navy-2.jpg?v=1737048335;https://cdn.shopify.com/s/files/1/0618/4045/7924/files/Evolve-Quarter-Zip-Navy-3.jpg?v=1737048335;https://cdn.shopify.com/s/files/1/0618/4045/7924/files/Evolve-Quarter-Zip-Navy-5.jpg?v=1737048335;https://cdn.shopify.com/s/files/1/0618/4045/7924/files/Evolve-Quarter-Zip-Navy-6.jpg?v=1737048335;https://cdn.shopify.com/s/files/1/0618/4045/7924/files/Evolve-Quarter-Zip-Navy-4.jpg?v=1737048335;;"{""Fits Chest"": ""44-46\"""", ""chest_cm"": 122, ""front_length_cm"": 81, ""sleeve_length_cm"": 75}";"44-46""";122;81;75
prod_7961435308228;parell-evolve-tall-quarter-zip-training-top-navy;Parell Evolve Tall Quarter Zip Training Top (navy);;"<div><li>Parell Evolve Long Sleeve Quarter-Zip Training Top for tall men.</li>
<li>The added body length and slight taper of the garment make them ideal for tall men who are 6'4"" and over.</li>
<li>4 inches (10cm) longer than the high street.</li>
<li>UV Protection - tested up to UPF 50+.</li>
<li>Reflective Parell logo.</li>
<li>Perfect for running, training and the gym.</li>
<li>Polyester composition helps  keeps the sweat away from the skin as you exercise, which helps you stay nice and cool.</li>
<li>Available in sizes MT to 3XLT.</li></div>";published;;;;;;;;;;;;T-Shirts;;true;;;;43897733349572;3XLT;Parell Evolve Tall Quarter Zip Training Top (navy)-3XLT;;0;false;false;;;;;;;;;35.00;;Fit;3XLT;;;https://cdn.shopify.com/s/files/1/0618/4045/7924/files/Evolve-Quarter-Zip-Navy-1.jpg?v=1737048335;https://cdn.shopify.com/s/files/1/0618/4045/7924/files/Evolve-Quarter-Zip-Navy-2.jpg?v=1737048335;https://cdn.shopify.com/s/files/1/0618/4045/7924/files/Evolve-Quarter-Zip-Navy-3.jpg?v=1737048335;https://cdn.shopify.com/s/files/1/0618/4045/7924/files/Evolve-Quarter-Zip-Navy-5.jpg?v=1737048335;https://cdn.shopify.com/s/files/1/0618/4045/7924/files/Evolve-Quarter-Zip-Navy-6.jpg?v=1737048335;https://cdn.shopify.com/s/files/1/0618/4045/7924/files/Evolve-Quarter-Zip-Navy-4.jpg?v=1737048335;;"{""Fits Chest"": ""46-48\"""", ""chest_cm"": 126, ""front_length_cm"": 82, ""sleeve_length_cm"": 75}";"46-48""";126;82;75
prod_7404761088196;2t-zip-up-tall-active-hoodie-black;2t Zip Up Tall Active Hoodie (black);;"<div><ul>
<li>Our extra long Active Hoodies are designed by us to specifically cater to tall, slim and athletic build guys.</li>
<li>Made with extra length in the body and arms.</li>
<li>Zip up fastening.</li>
<li>Available in sizes MT to 3XLT. </li>
</ul></div>";published;;;;;;;;;;;;Hoodies;;true;;;;42326906372292;MT;2t Zip Up Tall Active Hoodie (black)-MT;;0;false;false;;;;;;;;;49.00;;Fit;MT;;;https://cdn.shopify.com/s/files/1/0618/4045/7924/files/hoodie_black_front.jpg?v=1698201150;https://cdn.shopify.com/s/files/1/0618/4045/7924/files/hoodie_black_front_zip.jpg?v=1698201150;https://cdn.shopify.com/s/files/1/0618/4045/7924/files/hoodie_black_front_detail.jpg?v=1698201150;https://cdn.shopify.com/s/files/1/0618/4045/7924/files/hoodie_black_rear.jpg?v=1698201150;;;;"{""Fits Chest"": ""38-40\"""", ""chest_cm"": 104, ""front_length_cm"": 78, ""sleeve_length_cm"": 73}";"38-40""";104;78;73
prod_7404761088196;2t-zip-up-tall-active-hoodie-black;2t Zip Up Tall Active Hoodie (black);;"<div><ul>
<li>Our extra long Active Hoodies are designed by us to specifically cater to tall, slim and athletic build guys.</li>
<li>Made with extra length in the body and arms.</li>
<li>Zip up fastening.</li>
<li>Available in sizes MT to 3XLT. </li>
</ul></div>";published;;;;;;;;;;;;Hoodies;;true;;;;42326906405060;LT;2t Zip Up Tall Active Hoodie (black)-LT;;0;false;false;;;;;;;;;49.00;;Fit;LT;;;https://cdn.shopify.com/s/files/1/0618/4045/7924/files/hoodie_black_front.jpg?v=1698201150;https://cdn.shopify.com/s/files/1/0618/4045/7924/files/hoodie_black_front_zip.jpg?v=1698201150;https://cdn.shopify.com/s/files/1/0618/4045/7924/files/hoodie_black_front_detail.jpg?v=1698201150;https://cdn.shopify.com/s/files/1/0618/4045/7924/files/hoodie_black_rear.jpg?v=1698201150;;;;"{""Fits Chest"": ""40-42\"""", ""chest_cm"": 110, ""front_length_cm"": 79, ""sleeve_length_cm"": 74}";"40-42""";110;79;74
prod_7404761088196;2t-zip-up-tall-active-hoodie-black;2t Zip Up Tall Active Hoodie (black);;"<div><ul>
<li>Our extra long Active Hoodies are designed by us to specifically cater to tall, slim and athletic build guys.</li>
<li>Made with extra length in the body and arms.</li>
<li>Zip up fastening.</li>
<li>Available in sizes MT to 3XLT. </li>
</ul></div>";published;;;;;;;;;;;;Hoodies;;true;;;;42326906437828;XLT;2t Zip Up Tall Active Hoodie (black)-XLT;;0;false;false;;;;;;;;;49.00;;Fit;XLT;;;https://cdn.shopify.com/s/files/1/0618/4045/7924/files/hoodie_black_front.jpg?v=1698201150;https://cdn.shopify.com/s/files/1/0618/4045/7924/files/hoodie_black_front_zip.jpg?v=1698201150;https://cdn.shopify.com/s/files/1/0618/4045/7924/files/hoodie_black_front_detail.jpg?v=1698201150;https://cdn.shopify.com/s/files/1/0618/4045/7924/files/hoodie_black_rear.jpg?v=1698201150;;;;"{""Fits Chest"": ""42-44\"""", ""chest_cm"": 114, ""front_length_cm"": 81, ""sleeve_length_cm"": 75}";"42-44""";114;81;75
prod_7404761088196;2t-zip-up-tall-active-hoodie-black;2t Zip Up Tall Active Hoodie (black);;"<div><ul>
<li>Our extra long Active Hoodies are designed by us to specifically cater to tall, slim and athletic build guys.</li>
<li>Made with extra length in the body and arms.</li>
<li>Zip up fastening.</li>
<li>Available in sizes MT to 3XLT. </li>
</ul></div>";published;;;;;;;;;;;;Hoodies;;true;;;;42326906470596;2XLT;2t Zip Up Tall Active Hoodie (black)-2XLT;;0;false;false;;;;;;;;;49.00;;Fit;2XLT;;;https://cdn.shopify.com/s/files/1/0618/4045/7924/files/hoodie_black_front.jpg?v=1698201150;https://cdn.shopify.com/s/files/1/0618/4045/7924/files/hoodie_black_front_zip.jpg?v=1698201150;https://cdn.shopify.com/s/files/1/0618/4045/7924/files/hoodie_black_front_detail.jpg?v=1698201150;https://cdn.shopify.com/s/files/1/0618/4045/7924/files/hoodie_black_rear.jpg?v=1698201150;;;;"{""Fits Chest"": ""44-46\"""", ""chest_cm"": 122, ""front_length_cm"": 81, ""sleeve_length_cm"": 75}";"44-46""";122;81;75
prod_7404761088196;2t-zip-up-tall-active-hoodie-black;2t Zip Up Tall Active Hoodie (black);;"<div><ul>
<li>Our extra long Active Hoodies are designed by us to specifically cater to tall, slim and athletic build guys.</li>
<li>Made with extra length in the body and arms.</li>
<li>Zip up fastening.</li>
<li>Available in sizes MT to 3XLT. </li>
</ul></div>";published;;;;;;;;;;;;Hoodies;;true;;;;42326906503364;3XLT;2t Zip Up Tall Active Hoodie (black)-3XLT;;0;false;false;;;;;;;;;49.00;;Fit;3XLT;;;https://cdn.shopify.com/s/files/1/0618/4045/7924/files/hoodie_black_front.jpg?v=1698201150;https://cdn.shopify.com/s/files/1/0618/4045/7924/files/hoodie_black_front_zip.jpg?v=1698201150;https://cdn.shopify.com/s/files/1/0618/4045/7924/files/hoodie_black_front_detail.jpg?v=1698201150;https://cdn.shopify.com/s/files/1/0618/4045/7924/files/hoodie_black_rear.jpg?v=1698201150;;;;"{""Fits Chest"": ""46-48\"""", ""chest_cm"": 126, ""front_length_cm"": 82, ""sleeve_length_cm"": 75}";"46-48""";126;82;75
prod_7404727337156;2t-tall-t-shirt-navy;2t Tall T-Shirt (navy);;"<div><li>Our extra long T-Shirts are designed specifically to cater for tall, slim and athletic built guys.</li>
<li>4 inches (10cm) longer than regular t-shirts.</li></div>";published;;;;;;;;;;;;T-Shirts;;true;;;;42326801219780;MT;2t Tall T-Shirt (navy 125)-MT;;0;false;false;;;;;;;;;10.00;;Fit;MT;;;https://cdn.shopify.com/s/files/1/0618/4045/7924/files/newt_shirt_navy_front1.jpg?v=1698195050;https://cdn.shopify.com/s/files/1/0618/4045/7924/files/newt_shirt_navy_back.jpg?v=1698195050;https://cdn.shopify.com/s/files/1/0618/4045/7924/files/newt_shirt_navy_front.jpg?v=1698195050;https://cdn.shopify.com/s/files/1/0618/4045/7924/files/newt_shirt_navy_back1.jpg?v=1698195050;;;;"{""Fits Chest"": ""38-40\"""", ""chest_cm"": 104, ""front_length_cm"": 78, ""sleeve_length_cm"": 73}";"38-40""";104;78;73
prod_7404727337156;2t-tall-t-shirt-navy;2t Tall T-Shirt (navy);;"<div><li>Our extra long T-Shirts are designed specifically to cater for tall, slim and athletic built guys.</li>
<li>4 inches (10cm) longer than regular t-shirts.</li></div>";published;;;;;;;;;;;;T-Shirts;;true;;;;42326801252548;LT;2t Tall T-Shirt (navy 125)-LT;;0;false;false;;;;;;;;;10.00;;Fit;LT;;;https://cdn.shopify.com/s/files/1/0618/4045/7924/files/newt_shirt_navy_front1.jpg?v=1698195050;https://cdn.shopify.com/s/files/1/0618/4045/7924/files/newt_shirt_navy_back.jpg?v=1698195050;https://cdn.shopify.com/s/files/1/0618/4045/7924/files/newt_shirt_navy_front.jpg?v=1698195050;https://cdn.shopify.com/s/files/1/0618/4045/7924/files/newt_shirt_navy_back1.jpg?v=1698195050;;;;"{""Fits Chest"": ""40-42\"""", ""chest_cm"": 110, ""front_length_cm"": 79, ""sleeve_length_cm"": 74}";"40-42""";110;79;74
prod_7404727337156;2t-tall-t-shirt-navy;2t Tall T-Shirt (navy);;"<div><li>Our extra long T-Shirts are designed specifically to cater for tall, slim and athletic built guys.</li>
<li>4 inches (10cm) longer than regular t-shirts.</li></div>";published;;;;;;;;;;;;T-Shirts;;true;;;;42326801285316;XLT;2t Tall T-Shirt (navy 125)-XLT;;0;false;false;;;;;;;;;10.00;;Fit;XLT;;;https://cdn.shopify.com/s/files/1/0618/4045/7924/files/newt_shirt_navy_front1.jpg?v=1698195050;https://cdn.shopify.com/s/files/1/0618/4045/7924/files/newt_shirt_navy_back.jpg?v=1698195050;https://cdn.shopify.com/s/files/1/0618/4045/7924/files/newt_shirt_navy_front.jpg?v=1698195050;https://cdn.shopify.com/s/files/1/0618/4045/7924/files/newt_shirt_navy_back1.jpg?v=1698195050;;;;"{""Fits Chest"": ""42-44\"""", ""chest_cm"": 114, ""front_length_cm"": 81, ""sleeve_length_cm"": 75}";"42-44""";114;81;75
prod_7404727337156;2t-tall-t-shirt-navy;2t Tall T-Shirt (navy);;"<div><li>Our extra long T-Shirts are designed specifically to cater for tall, slim and athletic built guys.</li>
<li>4 inches (10cm) longer than regular t-shirts.</li></div>";published;;;;;;;;;;;;T-Shirts;;true;;;;42326801318084;2XLT;2t Tall T-Shirt (navy 125)-2XLT;;0;false;false;;;;;;;;;10.00;;Fit;2XLT;;;https://cdn.shopify.com/s/files/1/0618/4045/7924/files/newt_shirt_navy_front1.jpg?v=1698195050;https://cdn.shopify.com/s/files/1/0618/4045/7924/files/newt_shirt_navy_back.jpg?v=1698195050;https://cdn.shopify.com/s/files/1/0618/4045/7924/files/newt_shirt_navy_front.jpg?v=1698195050;https://cdn.shopify.com/s/files/1/0618/4045/7924/files/newt_shirt_navy_back1.jpg?v=1698195050;;;;"{""Fits Chest"": ""44-46\"""", ""chest_cm"": 122, ""front_length_cm"": 81, ""sleeve_length_cm"": 75}";"44-46""";122;81;75
prod_7404727337156;2t-tall-t-shirt-navy;2t Tall T-Shirt (navy);;"<div><li>Our extra long T-Shirts are designed specifically to cater for tall, slim and athletic built guys.</li>
<li>4 inches (10cm) longer than regular t-shirts.</li></div>";published;;;;;;;;;;;;T-Shirts;;true;;;;42326801350852;3XLT;2t Tall T-Shirt (navy 125)-3XLT;;0;false;false;;;;;;;;;10.00;;Fit;3XLT;;;https://cdn.shopify.com/s/files/1/0618/4045/7924/files/newt_shirt_navy_front1.jpg?v=1698195050;https://cdn.shopify.com/s/files/1/0618/4045/7924/files/newt_shirt_navy_back.jpg?v=1698195050;https://cdn.shopify.com/s/files/1/0618/4045/7924/files/newt_shirt_navy_front.jpg?v=1698195050;https://cdn.shopify.com/s/files/1/0618/4045/7924/files/newt_shirt_navy_back1.jpg?v=1698195050;;;;"{""Fits Chest"": ""46-48\"""", ""chest_cm"": 126, ""front_length_cm"": 82, ""sleeve_length_cm"": 75}";"46-48""";126;82;75
prod_7404730122436;2t-tall-t-shirt-black;2t Tall T-Shirt (black);;"<div><li>Our extra long T-Shirts are designed specifically to cater for tall, slim and athletic built guys.</li>
<li>4 inches (10cm) longer than regular t-shirts.</li></div>";published;;;;;;;;;;;;T-Shirts;;true;;;;42326815998148;MT;2t Tall T-Shirt (black 141)-MT;;0;false;false;;;;;;;;;10.00;;Fit;MT;;;https://cdn.shopify.com/s/files/1/0618/4045/7924/files/t_shirt_black_front.jpg?v=1698195911;https://cdn.shopify.com/s/files/1/0618/4045/7924/files/t_shirt_black_back_1.jpg?v=1698195911;;;;;;"{""Fits Chest"": ""38-40\"""", ""chest_cm"": 104, ""front_length_cm"": 78, ""sleeve_length_cm"": 73}";"38-40""";104;78;73
prod_7404730122436;2t-tall-t-shirt-black;2t Tall T-Shirt (black);;"<div><li>Our extra long T-Shirts are designed specifically to cater for tall, slim and athletic built guys.</li>
<li>4 inches (10cm) longer than regular t-shirts.</li></div>";published;;;;;;;;;;;;T-Shirts;;true;;;;42326816030916;LT;2t Tall T-Shirt (black 141)-LT;;0;false;false;;;;;;;;;10.00;;Fit;LT;;;https://cdn.shopify.com/s/files/1/0618/4045/7924/files/t_shirt_black_front.jpg?v=1698195911;https://cdn.shopify.com/s/files/1/0618/4045/7924/files/t_shirt_black_back_1.jpg?v=1698195911;;;;;;"{""Fits Chest"": ""40-42\"""", ""chest_cm"": 110, ""front_length_cm"": 79, ""sleeve_length_cm"": 74}";"40-42""";110;79;74
prod_7404730122436;2t-tall-t-shirt-black;2t Tall T-Shirt (black);;"<div><li>Our extra long T-Shirts are designed specifically to cater for tall, slim and athletic built guys.</li>
<li>4 inches (10cm) longer than regular t-shirts.</li></div>";published;;;;;;;;;;;;T-Shirts;;true;;;;42326816063684;XLT;2t Tall T-Shirt (black 141)-XLT;;0;false;false;;;;;;;;;10.00;;Fit;XLT;;;https://cdn.shopify.com/s/files/1/0618/4045/7924/files/t_shirt_black_front.jpg?v=1698195911;https://cdn.shopify.com/s/files/1/0618/4045/7924/files/t_shirt_black_back_1.jpg?v=1698195911;;;;;;"{""Fits Chest"": ""42-44\"""", ""chest_cm"": 114, ""front_length_cm"": 81, ""sleeve_length_cm"": 75}";"42-44""";114;81;75
prod_7404730122436;2t-tall-t-shirt-black;2t Tall T-Shirt (black);;"<div><li>Our extra long T-Shirts are designed specifically to cater for tall, slim and athletic built guys.</li>
<li>4 inches (10cm) longer than regular t-shirts.</li></div>";published;;;;;;;;;;;;T-Shirts;;true;;;;42326816096452;2XLT;2t Tall T-Shirt (black 141)-2XLT;;0;false;false;;;;;;;;;10.00;;Fit;2XLT;;;https://cdn.shopify.com/s/files/1/0618/4045/7924/files/t_shirt_black_front.jpg?v=1698195911;https://cdn.shopify.com/s/files/1/0618/4045/7924/files/t_shirt_black_back_1.jpg?v=1698195911;;;;;;"{""Fits Chest"": ""44-46\"""", ""chest_cm"": 122, ""front_length_cm"": 81, ""sleeve_length_cm"": 75}";"44-46""";122;81;75
prod_7404730122436;2t-tall-t-shirt-black;2t Tall T-Shirt (black);;"<div><li>Our extra long T-Shirts are designed specifically to cater for tall, slim and athletic built guys.</li>
<li>4 inches (10cm) longer than regular t-shirts.</li></div>";published;;;;;;;;;;;;T-Shirts;;true;;;;42326816129220;3XLT;2t Tall T-Shirt (black 141)-3XLT;;0;false;false;;;;;;;;;10.00;;Fit;3XLT;;;https://cdn.shopify.com/s/files/1/0618/4045/7924/files/t_shirt_black_front.jpg?v=1698195911;https://cdn.shopify.com/s/files/1/0618/4045/7924/files/t_shirt_black_back_1.jpg?v=1698195911;;;;;;"{""Fits Chest"": ""46-48\"""", ""chest_cm"": 126, ""front_length_cm"": 82, ""sleeve_length_cm"": 75}";"46-48""";126;82;75
prod_8125894197444;2t-jackson-extra-tall-oxford-shirt-ecru-blue-check;2t Jackson Extra Tall Oxford Shirt (ecru/blue check);;"<div><ul>
<li>Our Jackson Extra Tall Oxford Shirt is made exclusively for 2tall.com.</li>
<li>Designed by tall men to create the perfect fit.</li>
<li>Slim fit shirt with a fitted torso.</li>
<li>Longer length in the body and sleeves.</li>
<li>Button placket.</li>
<li>Chest pocket.</li>
<li>Available in sizes MXT to 3XLXT.</li>
<li><b>This shirt has a new sizing system, please refer to the product size guide before ordering, especially if you already own a shirt from us.</b></li>
</ul></div>";published;;;;;;;;;;;;Shirts;;true;;;;44433253204164;MXT;2t Jackson Extra Tall Oxford Shirt (ecru/blue check)-MXT;;0;false;false;;;;;;;;;45.00;;Fit;MXT;;;https://cdn.shopify.com/s/files/1/0618/4045/7924/files/Shirt_202T_20Jackson_20XT_20Oxford_20check_20Ecru_20Blue_20front_2002_20crop.jpg?v=1736813692;https://cdn.shopify.com/s/files/1/0618/4045/7924/files/Shirt_202T_20Jackson_20XT_20Oxford_20check_20Ecru_20Blue_20rear.jpg?v=1736813692;https://cdn.shopify.com/s/files/1/0618/4045/7924/files/Shirt_202T_20Jackson_20XT_20Oxford_20check_20Ecru_20Blue_20detail_2001.jpg?v=1736813692;https://cdn.shopify.com/s/files/1/0618/4045/7924/files/Shirt_202T_20Jackson_20XT_20Oxford_20check_20Ecru_20Blue_20detail_2002.jpg?v=1736813692;https://cdn.shopify.com/s/files/1/0618/4045/7924/files/Shirt_202T_20Jackson_20XT_20Oxford_20check_20Ecru_20Blue_20front_2002.jpg?v=1736813692;;;{};;;;
prod_8125894197444;2t-jackson-extra-tall-oxford-shirt-ecru-blue-check;2t Jackson Extra Tall Oxford Shirt (ecru/blue check);;"<div><ul>
<li>Our Jackson Extra Tall Oxford Shirt is made exclusively for 2tall.com.</li>
<li>Designed by tall men to create the perfect fit.</li>
<li>Slim fit shirt with a fitted torso.</li>
<li>Longer length in the body and sleeves.</li>
<li>Button placket.</li>
<li>Chest pocket.</li>
<li>Available in sizes MXT to 3XLXT.</li>
<li><b>This shirt has a new sizing system, please refer to the product size guide before ordering, especially if you already own a shirt from us.</b></li>
</ul></div>";published;;;;;;;;;;;;Shirts;;true;;;;44433253236932;LXT;2t Jackson Extra Tall Oxford Shirt (ecru/blue check)-LXT;;0;false;false;;;;;;;;;45.00;;Fit;LXT;;;https://cdn.shopify.com/s/files/1/0618/4045/7924/files/Shirt_202T_20Jackson_20XT_20Oxford_20check_20Ecru_20Blue_20front_2002_20crop.jpg?v=1736813692;https://cdn.shopify.com/s/files/1/0618/4045/7924/files/Shirt_202T_20Jackson_20XT_20Oxford_20check_20Ecru_20Blue_20rear.jpg?v=1736813692;https://cdn.shopify.com/s/files/1/0618/4045/7924/files/Shirt_202T_20Jackson_20XT_20Oxford_20check_20Ecru_20Blue_20detail_2001.jpg?v=1736813692;https://cdn.shopify.com/s/files/1/0618/4045/7924/files/Shirt_202T_20Jackson_20XT_20Oxford_20check_20Ecru_20Blue_20detail_2002.jpg?v=1736813692;https://cdn.shopify.com/s/files/1/0618/4045/7924/files/Shirt_202T_20Jackson_20XT_20Oxford_20check_20Ecru_20Blue_20front_2002.jpg?v=1736813692;;;{};;;;
prod_8125894197444;2t-jackson-extra-tall-oxford-shirt-ecru-blue-check;2t Jackson Extra Tall Oxford Shirt (ecru/blue check);;"<div><ul>
<li>Our Jackson Extra Tall Oxford Shirt is made exclusively for 2tall.com.</li>
<li>Designed by tall men to create the perfect fit.</li>
<li>Slim fit shirt with a fitted torso.</li>
<li>Longer length in the body and sleeves.</li>
<li>Button placket.</li>
<li>Chest pocket.</li>
<li>Available in sizes MXT to 3XLXT.</li>
<li><b>This shirt has a new sizing system, please refer to the product size guide before ordering, especially if you already own a shirt from us.</b></li>
</ul></div>";published;;;;;;;;;;;;Shirts;;true;;;;44433253269700;XLXT;2t Jackson Extra Tall Oxford Shirt (ecru/blue check)-XLXT;;0;false;false;;;;;;;;;45.00;;Fit;XLXT;;;https://cdn.shopify.com/s/files/1/0618/4045/7924/files/Shirt_202T_20Jackson_20XT_20Oxford_20check_20Ecru_20Blue_20front_2002_20crop.jpg?v=1736813692;https://cdn.shopify.com/s/files/1/0618/4045/7924/files/Shirt_202T_20Jackson_20XT_20Oxford_20check_20Ecru_20Blue_20rear.jpg?v=1736813692;https://cdn.shopify.com/s/files/1/0618/4045/7924/files/Shirt_202T_20Jackson_20XT_20Oxford_20check_20Ecru_20Blue_20detail_2001.jpg?v=1736813692;https://cdn.shopify.com/s/files/1/0618/4045/7924/files/Shirt_202T_20Jackson_20XT_20Oxford_20check_20Ecru_20Blue_20detail_2002.jpg?v=1736813692;https://cdn.shopify.com/s/files/1/0618/4045/7924/files/Shirt_202T_20Jackson_20XT_20Oxford_20check_20Ecru_20Blue_20front_2002.jpg?v=1736813692;;;{};;;;
prod_8125894197444;2t-jackson-extra-tall-oxford-shirt-ecru-blue-check;2t Jackson Extra Tall Oxford Shirt (ecru/blue check);;"<div><ul>
<li>Our Jackson Extra Tall Oxford Shirt is made exclusively for 2tall.com.</li>
<li>Designed by tall men to create the perfect fit.</li>
<li>Slim fit shirt with a fitted torso.</li>
<li>Longer length in the body and sleeves.</li>
<li>Button placket.</li>
<li>Chest pocket.</li>
<li>Available in sizes MXT to 3XLXT.</li>
<li><b>This shirt has a new sizing system, please refer to the product size guide before ordering, especially if you already own a shirt from us.</b></li>
</ul></div>";published;;;;;;;;;;;;Shirts;;true;;;;44433253302468;2XLXT;2t Jackson Extra Tall Oxford Shirt (ecru/blue check)-2XLXT;;0;false;false;;;;;;;;;45.00;;Fit;2XLXT;;;https://cdn.shopify.com/s/files/1/0618/4045/7924/files/Shirt_202T_20Jackson_20XT_20Oxford_20check_20Ecru_20Blue_20front_2002_20crop.jpg?v=1736813692;https://cdn.shopify.com/s/files/1/0618/4045/7924/files/Shirt_202T_20Jackson_20XT_20Oxford_20check_20Ecru_20Blue_20rear.jpg?v=1736813692;https://cdn.shopify.com/s/files/1/0618/4045/7924/files/Shirt_202T_20Jackson_20XT_20Oxford_20check_20Ecru_20Blue_20detail_2001.jpg?v=1736813692;https://cdn.shopify.com/s/files/1/0618/4045/7924/files/Shirt_202T_20Jackson_20XT_20Oxford_20check_20Ecru_20Blue_20detail_2002.jpg?v=1736813692;https://cdn.shopify.com/s/files/1/0618/4045/7924/files/Shirt_202T_20Jackson_20XT_20Oxford_20check_20Ecru_20Blue_20front_2002.jpg?v=1736813692;;;{};;;;
prod_8125894197444;2t-jackson-extra-tall-oxford-shirt-ecru-blue-check;2t Jackson Extra Tall Oxford Shirt (ecru/blue check);;"<div><ul>
<li>Our Jackson Extra Tall Oxford Shirt is made exclusively for 2tall.com.</li>
<li>Designed by tall men to create the perfect fit.</li>
<li>Slim fit shirt with a fitted torso.</li>
<li>Longer length in the body and sleeves.</li>
<li>Button placket.</li>
<li>Chest pocket.</li>
<li>Available in sizes MXT to 3XLXT.</li>
<li><b>This shirt has a new sizing system, please refer to the product size guide before ordering, especially if you already own a shirt from us.</b></li>
</ul></div>";published;;;;;;;;;;;;Shirts;;true;;;;44433253335236;3XLXT;2t Jackson Extra Tall Oxford Shirt (ecru/blue check)-3XLXT;;0;false;false;;;;;;;;;45.00;;Fit;3XLXT;;;https://cdn.shopify.com/s/files/1/0618/4045/7924/files/Shirt_202T_20Jackson_20XT_20Oxford_20check_20Ecru_20Blue_20front_2002_20crop.jpg?v=1736813692;https://cdn.shopify.com/s/files/1/0618/4045/7924/files/Shirt_202T_20Jackson_20XT_20Oxford_20check_20Ecru_20Blue_20rear.jpg?v=1736813692;https://cdn.shopify.com/s/files/1/0618/4045/7924/files/Shirt_202T_20Jackson_20XT_20Oxford_20check_20Ecru_20Blue_20detail_2001.jpg?v=1736813692;https://cdn.shopify.com/s/files/1/0618/4045/7924/files/Shirt_202T_20Jackson_20XT_20Oxford_20check_20Ecru_20Blue_20detail_2002.jpg?v=1736813692;https://cdn.shopify.com/s/files/1/0618/4045/7924/files/Shirt_202T_20Jackson_20XT_20Oxford_20check_20Ecru_20Blue_20front_2002.jpg?v=1736813692;;;{};;;;
prod_8141027836100;2t-arran-tall-geometric-swim-shorts-blue;2t Arran Tall Geometric Swim Shorts (blue);;"<div><ul>
<li>Our 2t Arran Swim Shorts are designed to specifically cater to tall, slim and athletic build guys.</li>
<li>Elasticated waistband.</li>
<li>Drawstring fastening.</li>
<li>Mesh lining.</li>
<li>Side slit open pockets.</li>
<li>Open rear pocket</li>
<li>Relaxed fit.</li>
</ul></div>";published;;;;;;;;;;;;Shorts;;true;;;;44472295915716;MT;2t Arran Tall Geometric Swim Shorts (blue)-MT;;0;false;false;;;;;;;;;25.00;;Fit;MT;;;https://cdn.shopify.com/s/files/1/0618/4045/7924/files/Swimshorts-Arran-geometric-blue-front.jpg?v=1738152254;https://cdn.shopify.com/s/files/1/0618/4045/7924/files/Swimshorts-Arran-geometric-blue-rear.jpg?v=1738152254;https://cdn.shopify.com/s/files/1/0618/4045/7924/files/Swimshorts-Arran-geometric-blue-detail-02.jpg?v=1738152254;https://cdn.shopify.com/s/files/1/0618/4045/7924/files/Swimshorts-Arran-geometric-blue_20detail_2001.jpg?v=1738152254;;;;"{""Fits Chest"": ""38-40\"""", ""chest_cm"": 104, ""front_length_cm"": 78, ""sleeve_length_cm"": 73}";"38-40""";104;78;73
prod_8141027836100;2t-arran-tall-geometric-swim-shorts-blue;2t Arran Tall Geometric Swim Shorts (blue);;"<div><ul>
<li>Our 2t Arran Swim Shorts are designed to specifically cater to tall, slim and athletic build guys.</li>
<li>Elasticated waistband.</li>
<li>Drawstring fastening.</li>
<li>Mesh lining.</li>
<li>Side slit open pockets.</li>
<li>Open rear pocket</li>
<li>Relaxed fit.</li>
</ul></div>";published;;;;;;;;;;;;Shorts;;true;;;;44472295948484;LT;2t Arran Tall Geometric Swim Shorts (blue)-LT;;0;false;false;;;;;;;;;25.00;;Fit;LT;;;https://cdn.shopify.com/s/files/1/0618/4045/7924/files/Swimshorts-Arran-geometric-blue-front.jpg?v=1738152254;https://cdn.shopify.com/s/files/1/0618/4045/7924/files/Swimshorts-Arran-geometric-blue-rear.jpg?v=1738152254;https://cdn.shopify.com/s/files/1/0618/4045/7924/files/Swimshorts-Arran-geometric-blue-detail-02.jpg?v=1738152254;https://cdn.shopify.com/s/files/1/0618/4045/7924/files/Swimshorts-Arran-geometric-blue_20detail_2001.jpg?v=1738152254;;;;"{""Fits Chest"": ""40-42\"""", ""chest_cm"": 110, ""front_length_cm"": 79, ""sleeve_length_cm"": 74}";"40-42""";110;79;74
prod_8141027836100;2t-arran-tall-geometric-swim-shorts-blue;2t Arran Tall Geometric Swim Shorts (blue);;"<div><ul>
<li>Our 2t Arran Swim Shorts are designed to specifically cater to tall, slim and athletic build guys.</li>
<li>Elasticated waistband.</li>
<li>Drawstring fastening.</li>
<li>Mesh lining.</li>
<li>Side slit open pockets.</li>
<li>Open rear pocket</li>
<li>Relaxed fit.</li>
</ul></div>";published;;;;;;;;;;;;Shorts;;true;;;;44472295981252;XLT;2t Arran Tall Geometric Swim Shorts (blue)-XLT;;0;false;false;;;;;;;;;25.00;;Fit;XLT;;;https://cdn.shopify.com/s/files/1/0618/4045/7924/files/Swimshorts-Arran-geometric-blue-front.jpg?v=1738152254;https://cdn.shopify.com/s/files/1/0618/4045/7924/files/Swimshorts-Arran-geometric-blue-rear.jpg?v=1738152254;https://cdn.shopify.com/s/files/1/0618/4045/7924/files/Swimshorts-Arran-geometric-blue-detail-02.jpg?v=1738152254;https://cdn.shopify.com/s/files/1/0618/4045/7924/files/Swimshorts-Arran-geometric-blue_20detail_2001.jpg?v=1738152254;;;;"{""Fits Chest"": ""42-44\"""", ""chest_cm"": 114, ""front_length_cm"": 81, ""sleeve_length_cm"": 75}";"42-44""";114;81;75
prod_8141027836100;2t-arran-tall-geometric-swim-shorts-blue;2t Arran Tall Geometric Swim Shorts (blue);;"<div><ul>
<li>Our 2t Arran Swim Shorts are designed to specifically cater to tall, slim and athletic build guys.</li>
<li>Elasticated waistband.</li>
<li>Drawstring fastening.</li>
<li>Mesh lining.</li>
<li>Side slit open pockets.</li>
<li>Open rear pocket</li>
<li>Relaxed fit.</li>
</ul></div>";published;;;;;;;;;;;;Shorts;;true;;;;44472296014020;2XLT;2t Arran Tall Geometric Swim Shorts (blue)-2XLT;;0;false;false;;;;;;;;;25.00;;Fit;2XLT;;;https://cdn.shopify.com/s/files/1/0618/4045/7924/files/Swimshorts-Arran-geometric-blue-front.jpg?v=1738152254;https://cdn.shopify.com/s/files/1/0618/4045/7924/files/Swimshorts-Arran-geometric-blue-rear.jpg?v=1738152254;https://cdn.shopify.com/s/files/1/0618/4045/7924/files/Swimshorts-Arran-geometric-blue-detail-02.jpg?v=1738152254;https://cdn.shopify.com/s/files/1/0618/4045/7924/files/Swimshorts-Arran-geometric-blue_20detail_2001.jpg?v=1738152254;;;;"{""Fits Chest"": ""44-46\"""", ""chest_cm"": 122, ""front_length_cm"": 81, ""sleeve_length_cm"": 75}";"44-46""";122;81;75
prod_8141018759364;2t-arran-tall-striped-swim-shorts-navy-white;2t Arran Tall Striped Swim Shorts (navy/white);;"<div><ul>
<li>Our 2t Arran Swim Shorts are designed to specifically cater to tall, slim and athletic build guys.</li>
<li>Elasticated waistband.</li>
<li>Drawstring fastening.</li>
<li>Mesh lining.</li>
<li>Side slit open pockets.</li>
<li>Open rear pocket</li>
<li>Relaxed fit.</li>
</ul></div>";published;;;;;;;;;;;;Shorts;;true;;;;44472259412164;MT;2t Arran Tall Striped Swim Shorts (navy/white)-MT;;0;false;false;;;;;;;;;25.00;;Fit;MT;;;https://cdn.shopify.com/s/files/1/0618/4045/7924/files/Swimshorts-Arran-Stripped-Navy-front.jpg?v=1738151762;https://cdn.shopify.com/s/files/1/0618/4045/7924/files/Swimshorts-Arran-Stripped-Navy-rear.jpg?v=1738151762;https://cdn.shopify.com/s/files/1/0618/4045/7924/files/Swimshorts-Arran-Stripped-Navy-detail-02.jpg?v=1738151762;https://cdn.shopify.com/s/files/1/0618/4045/7924/files/Swimshorts-Arran-Stripped-Navy_20detail_2001.jpg?v=1738151762;;;;"{""Fits Chest"": ""38-40\"""", ""chest_cm"": 104, ""front_length_cm"": 78, ""sleeve_length_cm"": 73}";"38-40""";104;78;73
prod_8141018759364;2t-arran-tall-striped-swim-shorts-navy-white;2t Arran Tall Striped Swim Shorts (navy/white);;"<div><ul>
<li>Our 2t Arran Swim Shorts are designed to specifically cater to tall, slim and athletic build guys.</li>
<li>Elasticated waistband.</li>
<li>Drawstring fastening.</li>
<li>Mesh lining.</li>
<li>Side slit open pockets.</li>
<li>Open rear pocket</li>
<li>Relaxed fit.</li>
</ul></div>";published;;;;;;;;;;;;Shorts;;true;;;;44472259444932;LT;2t Arran Tall Striped Swim Shorts (navy/white)-LT;;0;false;false;;;;;;;;;25.00;;Fit;LT;;;https://cdn.shopify.com/s/files/1/0618/4045/7924/files/Swimshorts-Arran-Stripped-Navy-front.jpg?v=1738151762;https://cdn.shopify.com/s/files/1/0618/4045/7924/files/Swimshorts-Arran-Stripped-Navy-rear.jpg?v=1738151762;https://cdn.shopify.com/s/files/1/0618/4045/7924/files/Swimshorts-Arran-Stripped-Navy-detail-02.jpg?v=1738151762;https://cdn.shopify.com/s/files/1/0618/4045/7924/files/Swimshorts-Arran-Stripped-Navy_20detail_2001.jpg?v=1738151762;;;;"{""Fits Chest"": ""40-42\"""", ""chest_cm"": 110, ""front_length_cm"": 79, ""sleeve_length_cm"": 74}";"40-42""";110;79;74
prod_8141018759364;2t-arran-tall-striped-swim-shorts-navy-white;2t Arran Tall Striped Swim Shorts (navy/white);;"<div><ul>
<li>Our 2t Arran Swim Shorts are designed to specifically cater to tall, slim and athletic build guys.</li>
<li>Elasticated waistband.</li>
<li>Drawstring fastening.</li>
<li>Mesh lining.</li>
<li>Side slit open pockets.</li>
<li>Open rear pocket</li>
<li>Relaxed fit.</li>
</ul></div>";published;;;;;;;;;;;;Shorts;;true;;;;44472259477700;XLT;2t Arran Tall Striped Swim Shorts (navy/white)-XLT;;0;false;false;;;;;;;;;25.00;;Fit;XLT;;;https://cdn.shopify.com/s/files/1/0618/4045/7924/files/Swimshorts-Arran-Stripped-Navy-front.jpg?v=1738151762;https://cdn.shopify.com/s/files/1/0618/4045/7924/files/Swimshorts-Arran-Stripped-Navy-rear.jpg?v=1738151762;https://cdn.shopify.com/s/files/1/0618/4045/7924/files/Swimshorts-Arran-Stripped-Navy-detail-02.jpg?v=1738151762;https://cdn.shopify.com/s/files/1/0618/4045/7924/files/Swimshorts-Arran-Stripped-Navy_20detail_2001.jpg?v=1738151762;;;;"{""Fits Chest"": ""42-44\"""", ""chest_cm"": 114, ""front_length_cm"": 81, ""sleeve_length_cm"": 75}";"42-44""";114;81;75
prod_8141018759364;2t-arran-tall-striped-swim-shorts-navy-white;2t Arran Tall Striped Swim Shorts (navy/white);;"<div><ul>
<li>Our 2t Arran Swim Shorts are designed to specifically cater to tall, slim and athletic build guys.</li>
<li>Elasticated waistband.</li>
<li>Drawstring fastening.</li>
<li>Mesh lining.</li>
<li>Side slit open pockets.</li>
<li>Open rear pocket</li>
<li>Relaxed fit.</li>
</ul></div>";published;;;;;;;;;;;;Shorts;;true;;;;44472259510468;2XLT;2t Arran Tall Striped Swim Shorts (navy/white)-2XLT;;0;false;false;;;;;;;;;25.00;;Fit;2XLT;;;https://cdn.shopify.com/s/files/1/0618/4045/7924/files/Swimshorts-Arran-Stripped-Navy-front.jpg?v=1738151762;https://cdn.shopify.com/s/files/1/0618/4045/7924/files/Swimshorts-Arran-Stripped-Navy-rear.jpg?v=1738151762;https://cdn.shopify.com/s/files/1/0618/4045/7924/files/Swimshorts-Arran-Stripped-Navy-detail-02.jpg?v=1738151762;https://cdn.shopify.com/s/files/1/0618/4045/7924/files/Swimshorts-Arran-Stripped-Navy_20detail_2001.jpg?v=1738151762;;;;"{""Fits Chest"": ""44-46\"""", ""chest_cm"": 122, ""front_length_cm"": 81, ""sleeve_length_cm"": 75}";"44-46""";122;81;75
prod_8141030359236;2t-arran-tall-embroidered-palm-swim-shorts-khaki;2t Arran Tall Embroidered Palm Swim Shorts (khaki);;"<div><ul>
<li>Our 2t Arran Swim Shorts are designed to specifically cater to tall, slim and athletic build guys.</li>
<li>Elasticated waistband.</li>
<li>Drawstring fastening.</li>
<li>Mesh lining.</li>
<li>Side slit open pockets.</li>
<li>Open rear pocket</li>
<li>Relaxed fit.</li>
</ul></div>";published;;;;;;;;;;;;Shorts;;true;;;;44472304664772;MT;2t Arran Tall Embroidered Palm Swim Shorts (khaki)-MT;;0;false;false;;;;;;;;;25.00;;Fit;MT;;;https://cdn.shopify.com/s/files/1/0618/4045/7924/files/Swimshorts-Arran-Stripped-Geometric-Khaki-Palm-front.jpg?v=1738151608;https://cdn.shopify.com/s/files/1/0618/4045/7924/files/Swimshorts-Arran-Stripped-Geometric-Khaki-Palm-rear.jpg?v=1738151608;https://cdn.shopify.com/s/files/1/0618/4045/7924/files/Swimshorts-Arran-Stripped-Geometric-Khaki-Palm-detail.jpg?v=1738151608;https://cdn.shopify.com/s/files/1/0618/4045/7924/files/Swimshorts-Arran-Stripped_20Geometric_20Khaki_20Palm_20detail_2001.jpg?v=1738151608;;;;"{""Fits Chest"": ""38-40\"""", ""chest_cm"": 104, ""front_length_cm"": 78, ""sleeve_length_cm"": 73}";"38-40""";104;78;73
prod_8141030359236;2t-arran-tall-embroidered-palm-swim-shorts-khaki;2t Arran Tall Embroidered Palm Swim Shorts (khaki);;"<div><ul>
<li>Our 2t Arran Swim Shorts are designed to specifically cater to tall, slim and athletic build guys.</li>
<li>Elasticated waistband.</li>
<li>Drawstring fastening.</li>
<li>Mesh lining.</li>
<li>Side slit open pockets.</li>
<li>Open rear pocket</li>
<li>Relaxed fit.</li>
</ul></div>";published;;;;;;;;;;;;Shorts;;true;;;;44472304697540;LT;2t Arran Tall Embroidered Palm Swim Shorts (khaki)-LT;;0;false;false;;;;;;;;;25.00;;Fit;LT;;;https://cdn.shopify.com/s/files/1/0618/4045/7924/files/Swimshorts-Arran-Stripped-Geometric-Khaki-Palm-front.jpg?v=1738151608;https://cdn.shopify.com/s/files/1/0618/4045/7924/files/Swimshorts-Arran-Stripped-Geometric-Khaki-Palm-rear.jpg?v=1738151608;https://cdn.shopify.com/s/files/1/0618/4045/7924/files/Swimshorts-Arran-Stripped-Geometric-Khaki-Palm-detail.jpg?v=1738151608;https://cdn.shopify.com/s/files/1/0618/4045/7924/files/Swimshorts-Arran-Stripped_20Geometric_20Khaki_20Palm_20detail_2001.jpg?v=1738151608;;;;"{""Fits Chest"": ""40-42\"""", ""chest_cm"": 110, ""front_length_cm"": 79, ""sleeve_length_cm"": 74}";"40-42""";110;79;74
prod_8141030359236;2t-arran-tall-embroidered-palm-swim-shorts-khaki;2t Arran Tall Embroidered Palm Swim Shorts (khaki);;"<div><ul>
<li>Our 2t Arran Swim Shorts are designed to specifically cater to tall, slim and athletic build guys.</li>
<li>Elasticated waistband.</li>
<li>Drawstring fastening.</li>
<li>Mesh lining.</li>
<li>Side slit open pockets.</li>
<li>Open rear pocket</li>
<li>Relaxed fit.</li>
</ul></div>";published;;;;;;;;;;;;Shorts;;true;;;;44472304730308;XLT;2t Arran Tall Embroidered Palm Swim Shorts (khaki)-XLT;;0;false;false;;;;;;;;;25.00;;Fit;XLT;;;https://cdn.shopify.com/s/files/1/0618/4045/7924/files/Swimshorts-Arran-Stripped-Geometric-Khaki-Palm-front.jpg?v=1738151608;https://cdn.shopify.com/s/files/1/0618/4045/7924/files/Swimshorts-Arran-Stripped-Geometric-Khaki-Palm-rear.jpg?v=1738151608;https://cdn.shopify.com/s/files/1/0618/4045/7924/files/Swimshorts-Arran-Stripped-Geometric-Khaki-Palm-detail.jpg?v=1738151608;https://cdn.shopify.com/s/files/1/0618/4045/7924/files/Swimshorts-Arran-Stripped_20Geometric_20Khaki_20Palm_20detail_2001.jpg?v=1738151608;;;;"{""Fits Chest"": ""42-44\"""", ""chest_cm"": 114, ""front_length_cm"": 81, ""sleeve_length_cm"": 75}";"42-44""";114;81;75
prod_8141030359236;2t-arran-tall-embroidered-palm-swim-shorts-khaki;2t Arran Tall Embroidered Palm Swim Shorts (khaki);;"<div><ul>
<li>Our 2t Arran Swim Shorts are designed to specifically cater to tall, slim and athletic build guys.</li>
<li>Elasticated waistband.</li>
<li>Drawstring fastening.</li>
<li>Mesh lining.</li>
<li>Side slit open pockets.</li>
<li>Open rear pocket</li>
<li>Relaxed fit.</li>
</ul></div>";published;;;;;;;;;;;;Shorts;;true;;;;44472304763076;2XLT;2t Arran Tall Embroidered Palm Swim Shorts (khaki)-2XLT;;0;false;false;;;;;;;;;25.00;;Fit;2XLT;;;https://cdn.shopify.com/s/files/1/0618/4045/7924/files/Swimshorts-Arran-Stripped-Geometric-Khaki-Palm-front.jpg?v=1738151608;https://cdn.shopify.com/s/files/1/0618/4045/7924/files/Swimshorts-Arran-Stripped-Geometric-Khaki-Palm-rear.jpg?v=1738151608;https://cdn.shopify.com/s/files/1/0618/4045/7924/files/Swimshorts-Arran-Stripped-Geometric-Khaki-Palm-detail.jpg?v=1738151608;https://cdn.shopify.com/s/files/1/0618/4045/7924/files/Swimshorts-Arran-Stripped_20Geometric_20Khaki_20Palm_20detail_2001.jpg?v=1738151608;;;;"{""Fits Chest"": ""44-46\"""", ""chest_cm"": 122, ""front_length_cm"": 81, ""sleeve_length_cm"": 75}";"44-46""";122;81;75
prod_8141029310660;2t-arran-tall-geometric-swim-shorts-black-white;2t Arran Tall Geometric Swim Shorts (black/white);;"<div><ul>
<li>Our 2t Arran Swim Shorts are designed to specifically cater to tall, slim and athletic build guys.</li>
<li>Elasticated waistband.</li>
<li>Drawstring fastening.</li>
<li>Mesh lining.</li>
<li>Side slit open pockets.</li>
<li>Open rear pocket</li>
<li>Relaxed fit.</li>
</ul></div>";published;;;;;;;;;;;;Shorts;;true;;;;44472301224132;MT;2t Arran Tall Geometric Swim Shorts (black/white)-MT;;0;false;false;;;;;;;;;25.00;;Fit;MT;;;https://cdn.shopify.com/s/files/1/0618/4045/7924/files/Swimshorts-Arran-Geometric-Black-front.jpg?v=1738151378;https://cdn.shopify.com/s/files/1/0618/4045/7924/files/Swimshorts-Arran-Geometric-Black-rear.jpg?v=1738151378;https://cdn.shopify.com/s/files/1/0618/4045/7924/files/Swimshorts-Arran-Geometric-Black-detail-02.jpg?v=1738151378;https://cdn.shopify.com/s/files/1/0618/4045/7924/files/Swimshorts-Arran-Geometric_20Black_20detail_2001.jpg?v=1738151378;;;;"{""Fits Chest"": ""38-40\"""", ""chest_cm"": 104, ""front_length_cm"": 78, ""sleeve_length_cm"": 73}";"38-40""";104;78;73
prod_8141029310660;2t-arran-tall-geometric-swim-shorts-black-white;2t Arran Tall Geometric Swim Shorts (black/white);;"<div><ul>
<li>Our 2t Arran Swim Shorts are designed to specifically cater to tall, slim and athletic build guys.</li>
<li>Elasticated waistband.</li>
<li>Drawstring fastening.</li>
<li>Mesh lining.</li>
<li>Side slit open pockets.</li>
<li>Open rear pocket</li>
<li>Relaxed fit.</li>
</ul></div>";published;;;;;;;;;;;;Shorts;;true;;;;44472301256900;LT;2t Arran Tall Geometric Swim Shorts (black/white)-LT;;0;false;false;;;;;;;;;25.00;;Fit;LT;;;https://cdn.shopify.com/s/files/1/0618/4045/7924/files/Swimshorts-Arran-Geometric-Black-front.jpg?v=1738151378;https://cdn.shopify.com/s/files/1/0618/4045/7924/files/Swimshorts-Arran-Geometric-Black-rear.jpg?v=1738151378;https://cdn.shopify.com/s/files/1/0618/4045/7924/files/Swimshorts-Arran-Geometric-Black-detail-02.jpg?v=1738151378;https://cdn.shopify.com/s/files/1/0618/4045/7924/files/Swimshorts-Arran-Geometric_20Black_20detail_2001.jpg?v=1738151378;;;;"{""Fits Chest"": ""40-42\"""", ""chest_cm"": 110, ""front_length_cm"": 79, ""sleeve_length_cm"": 74}";"40-42""";110;79;74
prod_8141029310660;2t-arran-tall-geometric-swim-shorts-black-white;2t Arran Tall Geometric Swim Shorts (black/white);;"<div><ul>
<li>Our 2t Arran Swim Shorts are designed to specifically cater to tall, slim and athletic build guys.</li>
<li>Elasticated waistband.</li>
<li>Drawstring fastening.</li>
<li>Mesh lining.</li>
<li>Side slit open pockets.</li>
<li>Open rear pocket</li>
<li>Relaxed fit.</li>
</ul></div>";published;;;;;;;;;;;;Shorts;;true;;;;44472301289668;XLT;2t Arran Tall Geometric Swim Shorts (black/white)-XLT;;0;false;false;;;;;;;;;25.00;;Fit;XLT;;;https://cdn.shopify.com/s/files/1/0618/4045/7924/files/Swimshorts-Arran-Geometric-Black-front.jpg?v=1738151378;https://cdn.shopify.com/s/files/1/0618/4045/7924/files/Swimshorts-Arran-Geometric-Black-rear.jpg?v=1738151378;https://cdn.shopify.com/s/files/1/0618/4045/7924/files/Swimshorts-Arran-Geometric-Black-detail-02.jpg?v=1738151378;https://cdn.shopify.com/s/files/1/0618/4045/7924/files/Swimshorts-Arran-Geometric_20Black_20detail_2001.jpg?v=1738151378;;;;"{""Fits Chest"": ""42-44\"""", ""chest_cm"": 114, ""front_length_cm"": 81, ""sleeve_length_cm"": 75}";"42-44""";114;81;75
prod_8141029310660;2t-arran-tall-geometric-swim-shorts-black-white;2t Arran Tall Geometric Swim Shorts (black/white);;"<div><ul>
<li>Our 2t Arran Swim Shorts are designed to specifically cater to tall, slim and athletic build guys.</li>
<li>Elasticated waistband.</li>
<li>Drawstring fastening.</li>
<li>Mesh lining.</li>
<li>Side slit open pockets.</li>
<li>Open rear pocket</li>
<li>Relaxed fit.</li>
</ul></div>";published;;;;;;;;;;;;Shorts;;true;;;;44472301322436;2XLT;2t Arran Tall Geometric Swim Shorts (black/white)-2XLT;;0;false;false;;;;;;;;;25.00;;Fit;2XLT;;;https://cdn.shopify.com/s/files/1/0618/4045/7924/files/Swimshorts-Arran-Geometric-Black-front.jpg?v=1738151378;https://cdn.shopify.com/s/files/1/0618/4045/7924/files/Swimshorts-Arran-Geometric-Black-rear.jpg?v=1738151378;https://cdn.shopify.com/s/files/1/0618/4045/7924/files/Swimshorts-Arran-Geometric-Black-detail-02.jpg?v=1738151378;https://cdn.shopify.com/s/files/1/0618/4045/7924/files/Swimshorts-Arran-Geometric_20Black_20detail_2001.jpg?v=1738151378;;;;"{""Fits Chest"": ""44-46\"""", ""chest_cm"": 122, ""front_length_cm"": 81, ""sleeve_length_cm"": 75}";"44-46""";122;81;75
prod_8141032161476;2t-arran-tall-swim-shorts-light-blue;2t Arran Tall Swim Shorts (light blue);;"<div><ul>
<li>Our 2t Arran Swim Shorts are designed to specifically cater to tall, slim and athletic build guys.</li>
<li>Elasticated waistband.</li>
<li>Drawstring fastening.</li>
<li>Mesh lining.</li>
<li>Side slit open pockets.</li>
<li>Open rear pocket</li>
<li>Relaxed fit.</li>
</ul></div>";published;;;;;;;;;;;;Shorts;;true;;;;44472308695236;MT;2t Arran Tall Swim Shorts (light blue)-MT;;0;false;false;;;;;;;;;25.00;;Fit;MT;;;https://cdn.shopify.com/s/files/1/0618/4045/7924/files/Swimshorts-Arran-light-blue-front.jpg?v=1738151045;https://cdn.shopify.com/s/files/1/0618/4045/7924/files/Swimshorts-Arran-light-blue-rear.jpg?v=1738151045;https://cdn.shopify.com/s/files/1/0618/4045/7924/files/Swimshorts-Arran-light-blue-detail-02.jpg?v=1738151045;https://cdn.shopify.com/s/files/1/0618/4045/7924/files/Swimshorts-Arran-light_20blue_20detail_2001.jpg?v=1738151045;;;;"{""Fits Chest"": ""38-40\"""", ""chest_cm"": 104, ""front_length_cm"": 78, ""sleeve_length_cm"": 73}";"38-40""";104;78;73
prod_8141032161476;2t-arran-tall-swim-shorts-light-blue;2t Arran Tall Swim Shorts (light blue);;"<div><ul>
<li>Our 2t Arran Swim Shorts are designed to specifically cater to tall, slim and athletic build guys.</li>
<li>Elasticated waistband.</li>
<li>Drawstring fastening.</li>
<li>Mesh lining.</li>
<li>Side slit open pockets.</li>
<li>Open rear pocket</li>
<li>Relaxed fit.</li>
</ul></div>";published;;;;;;;;;;;;Shorts;;true;;;;44472308728004;LT;2t Arran Tall Swim Shorts (light blue)-LT;;0;false;false;;;;;;;;;25.00;;Fit;LT;;;https://cdn.shopify.com/s/files/1/0618/4045/7924/files/Swimshorts-Arran-light-blue-front.jpg?v=1738151045;https://cdn.shopify.com/s/files/1/0618/4045/7924/files/Swimshorts-Arran-light-blue-rear.jpg?v=1738151045;https://cdn.shopify.com/s/files/1/0618/4045/7924/files/Swimshorts-Arran-light-blue-detail-02.jpg?v=1738151045;https://cdn.shopify.com/s/files/1/0618/4045/7924/files/Swimshorts-Arran-light_20blue_20detail_2001.jpg?v=1738151045;;;;"{""Fits Chest"": ""40-42\"""", ""chest_cm"": 110, ""front_length_cm"": 79, ""sleeve_length_cm"": 74}";"40-42""";110;79;74
prod_8141032161476;2t-arran-tall-swim-shorts-light-blue;2t Arran Tall Swim Shorts (light blue);;"<div><ul>
<li>Our 2t Arran Swim Shorts are designed to specifically cater to tall, slim and athletic build guys.</li>
<li>Elasticated waistband.</li>
<li>Drawstring fastening.</li>
<li>Mesh lining.</li>
<li>Side slit open pockets.</li>
<li>Open rear pocket</li>
<li>Relaxed fit.</li>
</ul></div>";published;;;;;;;;;;;;Shorts;;true;;;;44472308760772;XLT;2t Arran Tall Swim Shorts (light blue)-XLT;;0;false;false;;;;;;;;;25.00;;Fit;XLT;;;https://cdn.shopify.com/s/files/1/0618/4045/7924/files/Swimshorts-Arran-light-blue-front.jpg?v=1738151045;https://cdn.shopify.com/s/files/1/0618/4045/7924/files/Swimshorts-Arran-light-blue-rear.jpg?v=1738151045;https://cdn.shopify.com/s/files/1/0618/4045/7924/files/Swimshorts-Arran-light-blue-detail-02.jpg?v=1738151045;https://cdn.shopify.com/s/files/1/0618/4045/7924/files/Swimshorts-Arran-light_20blue_20detail_2001.jpg?v=1738151045;;;;"{""Fits Chest"": ""42-44\"""", ""chest_cm"": 114, ""front_length_cm"": 81, ""sleeve_length_cm"": 75}";"42-44""";114;81;75
prod_8141032161476;2t-arran-tall-swim-shorts-light-blue;2t Arran Tall Swim Shorts (light blue);;"<div><ul>
<li>Our 2t Arran Swim Shorts are designed to specifically cater to tall, slim and athletic build guys.</li>
<li>Elasticated waistband.</li>
<li>Drawstring fastening.</li>
<li>Mesh lining.</li>
<li>Side slit open pockets.</li>
<li>Open rear pocket</li>
<li>Relaxed fit.</li>
</ul></div>";published;;;;;;;;;;;;Shorts;;true;;;;44472308793540;2XLT;2t Arran Tall Swim Shorts (light blue)-2XLT;;0;false;false;;;;;;;;;25.00;;Fit;2XLT;;;https://cdn.shopify.com/s/files/1/0618/4045/7924/files/Swimshorts-Arran-light-blue-front.jpg?v=1738151045;https://cdn.shopify.com/s/files/1/0618/4045/7924/files/Swimshorts-Arran-light-blue-rear.jpg?v=1738151045;https://cdn.shopify.com/s/files/1/0618/4045/7924/files/Swimshorts-Arran-light-blue-detail-02.jpg?v=1738151045;https://cdn.shopify.com/s/files/1/0618/4045/7924/files/Swimshorts-Arran-light_20blue_20detail_2001.jpg?v=1738151045;;;;"{""Fits Chest"": ""44-46\"""", ""chest_cm"": 122, ""front_length_cm"": 81, ""sleeve_length_cm"": 75}";"44-46""";122;81;75
prod_8141027606724;2t-arran-tall-swim-shorts-black;2t Arran Tall Swim Shorts (black);;"<div><ul>
<li>Our 2t Arran Swim Shorts are designed to specifically cater to tall, slim and athletic build guys.</li>
<li>Elasticated waistband.</li>
<li>Drawstring fastening.</li>
<li>Mesh lining.</li>
<li>Side slit open pockets.</li>
<li>Open rear pocket</li>
<li>Relaxed fit.</li>
</ul></div>";published;;;;;;;;;;;;Shorts;;true;;;;44472294277316;MT;2t Arran Tall Swim Shorts (black)-MT;;0;false;false;;;;;;;;;25.00;;Fit;MT;;;https://cdn.shopify.com/s/files/1/0618/4045/7924/files/Swimshorts-Arran-Black-front.jpg?v=1738151030;https://cdn.shopify.com/s/files/1/0618/4045/7924/files/Swimshorts-Arran-Black.jpg?v=1738151030;https://cdn.shopify.com/s/files/1/0618/4045/7924/files/Swimshorts-Arran-Black-detail-02.jpg?v=1738151030;https://cdn.shopify.com/s/files/1/0618/4045/7924/files/Swimshorts-Arran-Black-detail-01.jpg?v=1738151030;;;;"{""Fits Chest"": ""38-40\"""", ""chest_cm"": 104, ""front_length_cm"": 78, ""sleeve_length_cm"": 73}";"38-40""";104;78;73
prod_8141027606724;2t-arran-tall-swim-shorts-black;2t Arran Tall Swim Shorts (black);;"<div><ul>
<li>Our 2t Arran Swim Shorts are designed to specifically cater to tall, slim and athletic build guys.</li>
<li>Elasticated waistband.</li>
<li>Drawstring fastening.</li>
<li>Mesh lining.</li>
<li>Side slit open pockets.</li>
<li>Open rear pocket</li>
<li>Relaxed fit.</li>
</ul></div>";published;;;;;;;;;;;;Shorts;;true;;;;44472294310084;LT;2t Arran Tall Swim Shorts (black)-LT;;0;false;false;;;;;;;;;25.00;;Fit;LT;;;https://cdn.shopify.com/s/files/1/0618/4045/7924/files/Swimshorts-Arran-Black-front.jpg?v=1738151030;https://cdn.shopify.com/s/files/1/0618/4045/7924/files/Swimshorts-Arran-Black.jpg?v=1738151030;https://cdn.shopify.com/s/files/1/0618/4045/7924/files/Swimshorts-Arran-Black-detail-02.jpg?v=1738151030;https://cdn.shopify.com/s/files/1/0618/4045/7924/files/Swimshorts-Arran-Black-detail-01.jpg?v=1738151030;;;;"{""Fits Chest"": ""40-42\"""", ""chest_cm"": 110, ""front_length_cm"": 79, ""sleeve_length_cm"": 74}";"40-42""";110;79;74
prod_8141027606724;2t-arran-tall-swim-shorts-black;2t Arran Tall Swim Shorts (black);;"<div><ul>
<li>Our 2t Arran Swim Shorts are designed to specifically cater to tall, slim and athletic build guys.</li>
<li>Elasticated waistband.</li>
<li>Drawstring fastening.</li>
<li>Mesh lining.</li>
<li>Side slit open pockets.</li>
<li>Open rear pocket</li>
<li>Relaxed fit.</li>
</ul></div>";published;;;;;;;;;;;;Shorts;;true;;;;44472294342852;XLT;2t Arran Tall Swim Shorts (black)-XLT;;0;false;false;;;;;;;;;25.00;;Fit;XLT;;;https://cdn.shopify.com/s/files/1/0618/4045/7924/files/Swimshorts-Arran-Black-front.jpg?v=1738151030;https://cdn.shopify.com/s/files/1/0618/4045/7924/files/Swimshorts-Arran-Black.jpg?v=1738151030;https://cdn.shopify.com/s/files/1/0618/4045/7924/files/Swimshorts-Arran-Black-detail-02.jpg?v=1738151030;https://cdn.shopify.com/s/files/1/0618/4045/7924/files/Swimshorts-Arran-Black-detail-01.jpg?v=1738151030;;;;"{""Fits Chest"": ""42-44\"""", ""chest_cm"": 114, ""front_length_cm"": 81, ""sleeve_length_cm"": 75}";"42-44""";114;81;75
prod_8141027606724;2t-arran-tall-swim-shorts-black;2t Arran Tall Swim Shorts (black);;"<div><ul>
<li>Our 2t Arran Swim Shorts are designed to specifically cater to tall, slim and athletic build guys.</li>
<li>Elasticated waistband.</li>
<li>Drawstring fastening.</li>
<li>Mesh lining.</li>
<li>Side slit open pockets.</li>
<li>Open rear pocket</li>
<li>Relaxed fit.</li>
</ul></div>";published;;;;;;;;;;;;Shorts;;true;;;;44472294375620;2XLT;2t Arran Tall Swim Shorts (black)-2XLT;;0;false;false;;;;;;;;;25.00;;Fit;2XLT;;;https://cdn.shopify.com/s/files/1/0618/4045/7924/files/Swimshorts-Arran-Black-front.jpg?v=1738151030;https://cdn.shopify.com/s/files/1/0618/4045/7924/files/Swimshorts-Arran-Black.jpg?v=1738151030;https://cdn.shopify.com/s/files/1/0618/4045/7924/files/Swimshorts-Arran-Black-detail-02.jpg?v=1738151030;https://cdn.shopify.com/s/files/1/0618/4045/7924/files/Swimshorts-Arran-Black-detail-01.jpg?v=1738151030;;;;"{""Fits Chest"": ""44-46\"""", ""chest_cm"": 122, ""front_length_cm"": 81, ""sleeve_length_cm"": 75}";"44-46""";122;81;75
prod_8141015580868;2t-arran-tall-swim-shorts-navy;2t Arran Tall Swim Shorts (navy);;"<div><ul>
<li>Our 2t Arran Swim Shorts are designed to specifically cater to tall, slim and athletic build guys.</li>
<li>Elasticated waistband.</li>
<li>Drawstring fastening.</li>
<li>Mesh lining.</li>
<li>Side slit open pockets.</li>
<li>Open rear pocket</li>
<li>Relaxed fit.</li>
</ul></div>";published;;;;;;;;;;;;Shorts;;true;;;;44472251678916;MT;2t Arran Tall Swim Shorts (navy)-MT;;0;false;false;;;;;;;;;25.00;;Fit;MT;;;https://cdn.shopify.com/s/files/1/0618/4045/7924/files/Swimshorts-Arran-navy-front.jpg?v=1738150846;https://cdn.shopify.com/s/files/1/0618/4045/7924/files/Swimshorts-Arran-navy-rear.jpg?v=1738150846;https://cdn.shopify.com/s/files/1/0618/4045/7924/files/Swimshorts-Arran-navy-detail-02.jpg?v=1738150846;https://cdn.shopify.com/s/files/1/0618/4045/7924/files/Swimshorts-Arran-navy_20detail_2001.jpg?v=1738150846;;;;"{""Fits Chest"": ""38-40\"""", ""chest_cm"": 104, ""front_length_cm"": 78, ""sleeve_length_cm"": 73}";"38-40""";104;78;73
prod_8141015580868;2t-arran-tall-swim-shorts-navy;2t Arran Tall Swim Shorts (navy);;"<div><ul>
<li>Our 2t Arran Swim Shorts are designed to specifically cater to tall, slim and athletic build guys.</li>
<li>Elasticated waistband.</li>
<li>Drawstring fastening.</li>
<li>Mesh lining.</li>
<li>Side slit open pockets.</li>
<li>Open rear pocket</li>
<li>Relaxed fit.</li>
</ul></div>";published;;;;;;;;;;;;Shorts;;true;;;;44472251711684;LT;2t Arran Tall Swim Shorts (navy)-LT;;0;false;false;;;;;;;;;25.00;;Fit;LT;;;https://cdn.shopify.com/s/files/1/0618/4045/7924/files/Swimshorts-Arran-navy-front.jpg?v=1738150846;https://cdn.shopify.com/s/files/1/0618/4045/7924/files/Swimshorts-Arran-navy-rear.jpg?v=1738150846;https://cdn.shopify.com/s/files/1/0618/4045/7924/files/Swimshorts-Arran-navy-detail-02.jpg?v=1738150846;https://cdn.shopify.com/s/files/1/0618/4045/7924/files/Swimshorts-Arran-navy_20detail_2001.jpg?v=1738150846;;;;"{""Fits Chest"": ""40-42\"""", ""chest_cm"": 110, ""front_length_cm"": 79, ""sleeve_length_cm"": 74}";"40-42""";110;79;74
prod_8141015580868;2t-arran-tall-swim-shorts-navy;2t Arran Tall Swim Shorts (navy);;"<div><ul>
<li>Our 2t Arran Swim Shorts are designed to specifically cater to tall, slim and athletic build guys.</li>
<li>Elasticated waistband.</li>
<li>Drawstring fastening.</li>
<li>Mesh lining.</li>
<li>Side slit open pockets.</li>
<li>Open rear pocket</li>
<li>Relaxed fit.</li>
</ul></div>";published;;;;;;;;;;;;Shorts;;true;;;;44472251744452;XLT;2t Arran Tall Swim Shorts (navy)-XLT;;0;false;false;;;;;;;;;25.00;;Fit;XLT;;;https://cdn.shopify.com/s/files/1/0618/4045/7924/files/Swimshorts-Arran-navy-front.jpg?v=1738150846;https://cdn.shopify.com/s/files/1/0618/4045/7924/files/Swimshorts-Arran-navy-rear.jpg?v=1738150846;https://cdn.shopify.com/s/files/1/0618/4045/7924/files/Swimshorts-Arran-navy-detail-02.jpg?v=1738150846;https://cdn.shopify.com/s/files/1/0618/4045/7924/files/Swimshorts-Arran-navy_20detail_2001.jpg?v=1738150846;;;;"{""Fits Chest"": ""42-44\"""", ""chest_cm"": 114, ""front_length_cm"": 81, ""sleeve_length_cm"": 75}";"42-44""";114;81;75
prod_8141015580868;2t-arran-tall-swim-shorts-navy;2t Arran Tall Swim Shorts (navy);;"<div><ul>
<li>Our 2t Arran Swim Shorts are designed to specifically cater to tall, slim and athletic build guys.</li>
<li>Elasticated waistband.</li>
<li>Drawstring fastening.</li>
<li>Mesh lining.</li>
<li>Side slit open pockets.</li>
<li>Open rear pocket</li>
<li>Relaxed fit.</li>
</ul></div>";published;;;;;;;;;;;;Shorts;;true;;;;44472251777220;2XLT;2t Arran Tall Swim Shorts (navy)-2XLT;;0;false;false;;;;;;;;;25.00;;Fit;2XLT;;;https://cdn.shopify.com/s/files/1/0618/4045/7924/files/Swimshorts-Arran-navy-front.jpg?v=1738150846;https://cdn.shopify.com/s/files/1/0618/4045/7924/files/Swimshorts-Arran-navy-rear.jpg?v=1738150846;https://cdn.shopify.com/s/files/1/0618/4045/7924/files/Swimshorts-Arran-navy-detail-02.jpg?v=1738150846;https://cdn.shopify.com/s/files/1/0618/4045/7924/files/Swimshorts-Arran-navy_20detail_2001.jpg?v=1738150846;;;;"{""Fits Chest"": ""44-46\"""", ""chest_cm"": 122, ""front_length_cm"": 81, ""sleeve_length_cm"": 75}";"44-46""";122;81;75
prod_7404841009348;2t-riley-slim-fit-tall-joggers-slate;2t Riley Slim Fit Tall Joggers (slate);;"<div><ul>
<li>2t Riley Slim Fit Extra Long Jogging Bottoms for tall men are made exclusively for 2tall.com.</li>
<li>Designed by us specifically to cater to tall, slim and athletic build guys.</li>
<li>Soft touch sweat pants.</li>
<li>Zipped pockets.</li>
<li>Perfect for training and loungewear.</li>
<li>Cuffed hem.</li>
<li>MT to 2XLT waist sizes available.</li>
<li>34, 36, 38 and 40 inch inside leg.</li>
</ul></div>";published;;;;;;;;;;;;Joggers;;true;;;;42327166550212;MT / 34;2t Riley Slim Fit Tall Joggers (slate)-MT-34;;0;false;false;;;;;;;;;29.00;;Fit;MT;;;https://cdn.shopify.com/s/files/1/0618/4045/7924/files/joggers_2t_slate_riley_front_reshoot.jpg?v=1698213407;https://cdn.shopify.com/s/files/1/0618/4045/7924/files/joggers_2t_riley_slate_full_02.jpg?v=1698213407;https://cdn.shopify.com/s/files/1/0618/4045/7924/files/joggers_2t_slate_riley_rear_reshoot.jpg?v=1698213408;;;;;"{""Fits Chest"": ""38-40\"""", ""chest_cm"": 104, ""front_length_cm"": 78, ""sleeve_length_cm"": 73}";"38-40""";104;78;73
prod_7404841009348;2t-riley-slim-fit-tall-joggers-slate;2t Riley Slim Fit Tall Joggers (slate);;"<div><ul>
<li>2t Riley Slim Fit Extra Long Jogging Bottoms for tall men are made exclusively for 2tall.com.</li>
<li>Designed by us specifically to cater to tall, slim and athletic build guys.</li>
<li>Soft touch sweat pants.</li>
<li>Zipped pockets.</li>
<li>Perfect for training and loungewear.</li>
<li>Cuffed hem.</li>
<li>MT to 2XLT waist sizes available.</li>
<li>34, 36, 38 and 40 inch inside leg.</li>
</ul></div>";published;;;;;;;;;;;;Joggers;;true;;;;42327166582980;MT / 36;2t Riley Slim Fit Tall Joggers (slate)-MT-36;;0;false;false;;;;;;;;;29.00;;Fit;MT;;;https://cdn.shopify.com/s/files/1/0618/4045/7924/files/joggers_2t_slate_riley_front_reshoot.jpg?v=1698213407;https://cdn.shopify.com/s/files/1/0618/4045/7924/files/joggers_2t_riley_slate_full_02.jpg?v=1698213407;https://cdn.shopify.com/s/files/1/0618/4045/7924/files/joggers_2t_slate_riley_rear_reshoot.jpg?v=1698213408;;;;;"{""Fits Chest"": ""38-40\"""", ""chest_cm"": 104, ""front_length_cm"": 78, ""sleeve_length_cm"": 73}";"38-40""";104;78;73
prod_7404841009348;2t-riley-slim-fit-tall-joggers-slate;2t Riley Slim Fit Tall Joggers (slate);;"<div><ul>
<li>2t Riley Slim Fit Extra Long Jogging Bottoms for tall men are made exclusively for 2tall.com.</li>
<li>Designed by us specifically to cater to tall, slim and athletic build guys.</li>
<li>Soft touch sweat pants.</li>
<li>Zipped pockets.</li>
<li>Perfect for training and loungewear.</li>
<li>Cuffed hem.</li>
<li>MT to 2XLT waist sizes available.</li>
<li>34, 36, 38 and 40 inch inside leg.</li>
</ul></div>";published;;;;;;;;;;;;Joggers;;true;;;;42327166615748;MT / 38;2t Riley Slim Fit Tall Joggers (slate)-MT-38;;0;false;false;;;;;;;;;29.00;;Fit;MT;;;https://cdn.shopify.com/s/files/1/0618/4045/7924/files/joggers_2t_slate_riley_front_reshoot.jpg?v=1698213407;https://cdn.shopify.com/s/files/1/0618/4045/7924/files/joggers_2t_riley_slate_full_02.jpg?v=1698213407;https://cdn.shopify.com/s/files/1/0618/4045/7924/files/joggers_2t_slate_riley_rear_reshoot.jpg?v=1698213408;;;;;"{""Fits Chest"": ""38-40\"""", ""chest_cm"": 104, ""front_length_cm"": 78, ""sleeve_length_cm"": 73}";"38-40""";104;78;73
prod_7404841009348;2t-riley-slim-fit-tall-joggers-slate;2t Riley Slim Fit Tall Joggers (slate);;"<div><ul>
<li>2t Riley Slim Fit Extra Long Jogging Bottoms for tall men are made exclusively for 2tall.com.</li>
<li>Designed by us specifically to cater to tall, slim and athletic build guys.</li>
<li>Soft touch sweat pants.</li>
<li>Zipped pockets.</li>
<li>Perfect for training and loungewear.</li>
<li>Cuffed hem.</li>
<li>MT to 2XLT waist sizes available.</li>
<li>34, 36, 38 and 40 inch inside leg.</li>
</ul></div>";published;;;;;;;;;;;;Joggers;;true;;;;42327166648516;LT / 34;2t Riley Slim Fit Tall Joggers (slate)-LT-34;;0;false;false;;;;;;;;;29.00;;Fit;LT;;;https://cdn.shopify.com/s/files/1/0618/4045/7924/files/joggers_2t_slate_riley_front_reshoot.jpg?v=1698213407;https://cdn.shopify.com/s/files/1/0618/4045/7924/files/joggers_2t_riley_slate_full_02.jpg?v=1698213407;https://cdn.shopify.com/s/files/1/0618/4045/7924/files/joggers_2t_slate_riley_rear_reshoot.jpg?v=1698213408;;;;;"{""Fits Chest"": ""40-42\"""", ""chest_cm"": 110, ""front_length_cm"": 79, ""sleeve_length_cm"": 74}";"40-42""";110;79;74
prod_7404841009348;2t-riley-slim-fit-tall-joggers-slate;2t Riley Slim Fit Tall Joggers (slate);;"<div><ul>
<li>2t Riley Slim Fit Extra Long Jogging Bottoms for tall men are made exclusively for 2tall.com.</li>
<li>Designed by us specifically to cater to tall, slim and athletic build guys.</li>
<li>Soft touch sweat pants.</li>
<li>Zipped pockets.</li>
<li>Perfect for training and loungewear.</li>
<li>Cuffed hem.</li>
<li>MT to 2XLT waist sizes available.</li>
<li>34, 36, 38 and 40 inch inside leg.</li>
</ul></div>";published;;;;;;;;;;;;Joggers;;true;;;;42327166681284;LT / 36;2t Riley Slim Fit Tall Joggers (slate)-LT-36;;0;false;false;;;;;;;;;29.00;;Fit;LT;;;https://cdn.shopify.com/s/files/1/0618/4045/7924/files/joggers_2t_slate_riley_front_reshoot.jpg?v=1698213407;https://cdn.shopify.com/s/files/1/0618/4045/7924/files/joggers_2t_riley_slate_full_02.jpg?v=1698213407;https://cdn.shopify.com/s/files/1/0618/4045/7924/files/joggers_2t_slate_riley_rear_reshoot.jpg?v=1698213408;;;;;"{""Fits Chest"": ""40-42\"""", ""chest_cm"": 110, ""front_length_cm"": 79, ""sleeve_length_cm"": 74}";"40-42""";110;79;74
prod_7404841009348;2t-riley-slim-fit-tall-joggers-slate;2t Riley Slim Fit Tall Joggers (slate);;"<div><ul>
<li>2t Riley Slim Fit Extra Long Jogging Bottoms for tall men are made exclusively for 2tall.com.</li>
<li>Designed by us specifically to cater to tall, slim and athletic build guys.</li>
<li>Soft touch sweat pants.</li>
<li>Zipped pockets.</li>
<li>Perfect for training and loungewear.</li>
<li>Cuffed hem.</li>
<li>MT to 2XLT waist sizes available.</li>
<li>34, 36, 38 and 40 inch inside leg.</li>
</ul></div>";published;;;;;;;;;;;;Joggers;;true;;;;42327166714052;LT / 38;2t Riley Slim Fit Tall Joggers (slate)-LT-38;;0;false;false;;;;;;;;;29.00;;Fit;LT;;;https://cdn.shopify.com/s/files/1/0618/4045/7924/files/joggers_2t_slate_riley_front_reshoot.jpg?v=1698213407;https://cdn.shopify.com/s/files/1/0618/4045/7924/files/joggers_2t_riley_slate_full_02.jpg?v=1698213407;https://cdn.shopify.com/s/files/1/0618/4045/7924/files/joggers_2t_slate_riley_rear_reshoot.jpg?v=1698213408;;;;;"{""Fits Chest"": ""40-42\"""", ""chest_cm"": 110, ""front_length_cm"": 79, ""sleeve_length_cm"": 74}";"40-42""";110;79;74
prod_7404841009348;2t-riley-slim-fit-tall-joggers-slate;2t Riley Slim Fit Tall Joggers (slate);;"<div><ul>
<li>2t Riley Slim Fit Extra Long Jogging Bottoms for tall men are made exclusively for 2tall.com.</li>
<li>Designed by us specifically to cater to tall, slim and athletic build guys.</li>
<li>Soft touch sweat pants.</li>
<li>Zipped pockets.</li>
<li>Perfect for training and loungewear.</li>
<li>Cuffed hem.</li>
<li>MT to 2XLT waist sizes available.</li>
<li>34, 36, 38 and 40 inch inside leg.</li>
</ul></div>";published;;;;;;;;;;;;Joggers;;true;;;;42327166746820;XLT / 34;2t Riley Slim Fit Tall Joggers (slate)-XLT-34;;0;false;false;;;;;;;;;29.00;;Fit;XLT;;;https://cdn.shopify.com/s/files/1/0618/4045/7924/files/joggers_2t_slate_riley_front_reshoot.jpg?v=1698213407;https://cdn.shopify.com/s/files/1/0618/4045/7924/files/joggers_2t_riley_slate_full_02.jpg?v=1698213407;https://cdn.shopify.com/s/files/1/0618/4045/7924/files/joggers_2t_slate_riley_rear_reshoot.jpg?v=1698213408;;;;;"{""Fits Chest"": ""42-44\"""", ""chest_cm"": 114, ""front_length_cm"": 81, ""sleeve_length_cm"": 75}";"42-44""";114;81;75
prod_7404841009348;2t-riley-slim-fit-tall-joggers-slate;2t Riley Slim Fit Tall Joggers (slate);;"<div><ul>
<li>2t Riley Slim Fit Extra Long Jogging Bottoms for tall men are made exclusively for 2tall.com.</li>
<li>Designed by us specifically to cater to tall, slim and athletic build guys.</li>
<li>Soft touch sweat pants.</li>
<li>Zipped pockets.</li>
<li>Perfect for training and loungewear.</li>
<li>Cuffed hem.</li>
<li>MT to 2XLT waist sizes available.</li>
<li>34, 36, 38 and 40 inch inside leg.</li>
</ul></div>";published;;;;;;;;;;;;Joggers;;true;;;;42327166812356;XLT / 38;2t Riley Slim Fit Tall Joggers (slate)-XLT-38;;0;false;false;;;;;;;;;29.00;;Fit;XLT;;;https://cdn.shopify.com/s/files/1/0618/4045/7924/files/joggers_2t_slate_riley_front_reshoot.jpg?v=1698213407;https://cdn.shopify.com/s/files/1/0618/4045/7924/files/joggers_2t_riley_slate_full_02.jpg?v=1698213407;https://cdn.shopify.com/s/files/1/0618/4045/7924/files/joggers_2t_slate_riley_rear_reshoot.jpg?v=1698213408;;;;;"{""Fits Chest"": ""42-44\"""", ""chest_cm"": 114, ""front_length_cm"": 81, ""sleeve_length_cm"": 75}";"42-44""";114;81;75
prod_7404841009348;2t-riley-slim-fit-tall-joggers-slate;2t Riley Slim Fit Tall Joggers (slate);;"<div><ul>
<li>2t Riley Slim Fit Extra Long Jogging Bottoms for tall men are made exclusively for 2tall.com.</li>
<li>Designed by us specifically to cater to tall, slim and athletic build guys.</li>
<li>Soft touch sweat pants.</li>
<li>Zipped pockets.</li>
<li>Perfect for training and loungewear.</li>
<li>Cuffed hem.</li>
<li>MT to 2XLT waist sizes available.</li>
<li>34, 36, 38 and 40 inch inside leg.</li>
</ul></div>";published;;;;;;;;;;;;Joggers;;true;;;;42327166779588;XLT / 36;2t Riley Slim Fit Tall Joggers (slate)-XLT-36;;0;false;false;;;;;;;;;29.00;;Fit;XLT;;;https://cdn.shopify.com/s/files/1/0618/4045/7924/files/joggers_2t_slate_riley_front_reshoot.jpg?v=1698213407;https://cdn.shopify.com/s/files/1/0618/4045/7924/files/joggers_2t_riley_slate_full_02.jpg?v=1698213407;https://cdn.shopify.com/s/files/1/0618/4045/7924/files/joggers_2t_slate_riley_rear_reshoot.jpg?v=1698213408;;;;;"{""Fits Chest"": ""42-44\"""", ""chest_cm"": 114, ""front_length_cm"": 81, ""sleeve_length_cm"": 75}";"42-44""";114;81;75
prod_7992826953924;2t-rickie-tall-cotton-roll-neck-jumper-black;2t Rickie Tall Cotton Roll Neck Jumper (black);;"<div><ul>
<li>2t Rickie Cotton Roll Neck Jumper for tall men.</li>
<li>Made exclusively for 2tall.com with extra length to the body and arms.</li>
<li>Designed specifically to cater for tall, slim and athletic built guys.</li>
<li>Available in sizes MT to 3XLT.</li>
</ul></div>";published;;;;;;;;;;;;Jumpers;;true;;;;44012116181188;MT;2t Rickie Tall Cotton Roll Neck Jumper (black)-MT;;0;false;false;;;;;;;;;45.00;;Fit;MT;;;https://cdn.shopify.com/s/files/1/0618/4045/7924/files/Jumper_20Rickie_20Roll_20Neck_20Black_20front_20cropped.jpg?v=1725318379;https://cdn.shopify.com/s/files/1/0618/4045/7924/files/Jumper_20Rickie_20Roll_20Neck_20Black_20rear.jpg?v=1725318378;https://cdn.shopify.com/s/files/1/0618/4045/7924/files/Jumper_20Rickie_20Roll_20Neck_20Black_20detail_2001.jpg?v=1725318378;https://cdn.shopify.com/s/files/1/0618/4045/7924/files/Jumper_20Rickie_20Roll_20Neck_20Black_20detail_2002.jpg?v=1725318378;https://cdn.shopify.com/s/files/1/0618/4045/7924/files/Jumper_20Rickie_20Roll_20Neck_20Black_20front_2002.jpg?v=1725318378;;;"{""Fits Chest"": ""38-40\"""", ""chest_cm"": 104, ""front_length_cm"": 78, ""sleeve_length_cm"": 73}";"38-40""";104;78;73
prod_7992826953924;2t-rickie-tall-cotton-roll-neck-jumper-black;2t Rickie Tall Cotton Roll Neck Jumper (black);;"<div><ul>
<li>2t Rickie Cotton Roll Neck Jumper for tall men.</li>
<li>Made exclusively for 2tall.com with extra length to the body and arms.</li>
<li>Designed specifically to cater for tall, slim and athletic built guys.</li>
<li>Available in sizes MT to 3XLT.</li>
</ul></div>";published;;;;;;;;;;;;Jumpers;;true;;;;44012116213956;LT;2t Rickie Tall Cotton Roll Neck Jumper (black)-LT;;0;false;false;;;;;;;;;45.00;;Fit;LT;;;https://cdn.shopify.com/s/files/1/0618/4045/7924/files/Jumper_20Rickie_20Roll_20Neck_20Black_20front_20cropped.jpg?v=1725318379;https://cdn.shopify.com/s/files/1/0618/4045/7924/files/Jumper_20Rickie_20Roll_20Neck_20Black_20rear.jpg?v=1725318378;https://cdn.shopify.com/s/files/1/0618/4045/7924/files/Jumper_20Rickie_20Roll_20Neck_20Black_20detail_2001.jpg?v=1725318378;https://cdn.shopify.com/s/files/1/0618/4045/7924/files/Jumper_20Rickie_20Roll_20Neck_20Black_20detail_2002.jpg?v=1725318378;https://cdn.shopify.com/s/files/1/0618/4045/7924/files/Jumper_20Rickie_20Roll_20Neck_20Black_20front_2002.jpg?v=1725318378;;;"{""Fits Chest"": ""40-42\"""", ""chest_cm"": 110, ""front_length_cm"": 79, ""sleeve_length_cm"": 74}";"40-42""";110;79;74
prod_7992826953924;2t-rickie-tall-cotton-roll-neck-jumper-black;2t Rickie Tall Cotton Roll Neck Jumper (black);;"<div><ul>
<li>2t Rickie Cotton Roll Neck Jumper for tall men.</li>
<li>Made exclusively for 2tall.com with extra length to the body and arms.</li>
<li>Designed specifically to cater for tall, slim and athletic built guys.</li>
<li>Available in sizes MT to 3XLT.</li>
</ul></div>";published;;;;;;;;;;;;Jumpers;;true;;;;44012116246724;XLT;2t Rickie Tall Cotton Roll Neck Jumper (black)-XLT;;0;false;false;;;;;;;;;45.00;;Fit;XLT;;;https://cdn.shopify.com/s/files/1/0618/4045/7924/files/Jumper_20Rickie_20Roll_20Neck_20Black_20front_20cropped.jpg?v=1725318379;https://cdn.shopify.com/s/files/1/0618/4045/7924/files/Jumper_20Rickie_20Roll_20Neck_20Black_20rear.jpg?v=1725318378;https://cdn.shopify.com/s/files/1/0618/4045/7924/files/Jumper_20Rickie_20Roll_20Neck_20Black_20detail_2001.jpg?v=1725318378;https://cdn.shopify.com/s/files/1/0618/4045/7924/files/Jumper_20Rickie_20Roll_20Neck_20Black_20detail_2002.jpg?v=1725318378;https://cdn.shopify.com/s/files/1/0618/4045/7924/files/Jumper_20Rickie_20Roll_20Neck_20Black_20front_2002.jpg?v=1725318378;;;"{""Fits Chest"": ""42-44\"""", ""chest_cm"": 114, ""front_length_cm"": 81, ""sleeve_length_cm"": 75}";"42-44""";114;81;75
prod_7992826953924;2t-rickie-tall-cotton-roll-neck-jumper-black;2t Rickie Tall Cotton Roll Neck Jumper (black);;"<div><ul>
<li>2t Rickie Cotton Roll Neck Jumper for tall men.</li>
<li>Made exclusively for 2tall.com with extra length to the body and arms.</li>
<li>Designed specifically to cater for tall, slim and athletic built guys.</li>
<li>Available in sizes MT to 3XLT.</li>
</ul></div>";published;;;;;;;;;;;;Jumpers;;true;;;;44012116279492;2XLT;2t Rickie Tall Cotton Roll Neck Jumper (black)-2XLT;;0;false;false;;;;;;;;;45.00;;Fit;2XLT;;;https://cdn.shopify.com/s/files/1/0618/4045/7924/files/Jumper_20Rickie_20Roll_20Neck_20Black_20front_20cropped.jpg?v=1725318379;https://cdn.shopify.com/s/files/1/0618/4045/7924/files/Jumper_20Rickie_20Roll_20Neck_20Black_20rear.jpg?v=1725318378;https://cdn.shopify.com/s/files/1/0618/4045/7924/files/Jumper_20Rickie_20Roll_20Neck_20Black_20detail_2001.jpg?v=1725318378;https://cdn.shopify.com/s/files/1/0618/4045/7924/files/Jumper_20Rickie_20Roll_20Neck_20Black_20detail_2002.jpg?v=1725318378;https://cdn.shopify.com/s/files/1/0618/4045/7924/files/Jumper_20Rickie_20Roll_20Neck_20Black_20front_2002.jpg?v=1725318378;;;"{""Fits Chest"": ""44-46\"""", ""chest_cm"": 122, ""front_length_cm"": 81, ""sleeve_length_cm"": 75}";"44-46""";122;81;75
prod_7992826953924;2t-rickie-tall-cotton-roll-neck-jumper-black;2t Rickie Tall Cotton Roll Neck Jumper (black);;"<div><ul>
<li>2t Rickie Cotton Roll Neck Jumper for tall men.</li>
<li>Made exclusively for 2tall.com with extra length to the body and arms.</li>
<li>Designed specifically to cater for tall, slim and athletic built guys.</li>
<li>Available in sizes MT to 3XLT.</li>
</ul></div>";published;;;;;;;;;;;;Jumpers;;true;;;;44012116312260;3XLT;2t Rickie Tall Cotton Roll Neck Jumper (black)-3XLT;;0;false;false;;;;;;;;;45.00;;Fit;3XLT;;;https://cdn.shopify.com/s/files/1/0618/4045/7924/files/Jumper_20Rickie_20Roll_20Neck_20Black_20front_20cropped.jpg?v=1725318379;https://cdn.shopify.com/s/files/1/0618/4045/7924/files/Jumper_20Rickie_20Roll_20Neck_20Black_20rear.jpg?v=1725318378;https://cdn.shopify.com/s/files/1/0618/4045/7924/files/Jumper_20Rickie_20Roll_20Neck_20Black_20detail_2001.jpg?v=1725318378;https://cdn.shopify.com/s/files/1/0618/4045/7924/files/Jumper_20Rickie_20Roll_20Neck_20Black_20detail_2002.jpg?v=1725318378;https://cdn.shopify.com/s/files/1/0618/4045/7924/files/Jumper_20Rickie_20Roll_20Neck_20Black_20front_2002.jpg?v=1725318378;;;"{""Fits Chest"": ""46-48\"""", ""chest_cm"": 126, ""front_length_cm"": 82, ""sleeve_length_cm"": 75}";"46-48""";126;82;75
prod_7419071758532;2t-tall-slim-fit-long-sleeve-corduroy-shirt-olive;2t Tall Slim Fit Long Sleeve Corduroy Shirt (olive);;"<div><ul>
<li>Made exclusively for 2tall.com.</li>
<li>Designed by tall men to create the perfect fit.</li>
<li>Slim fit shirt with a fitted torso.</li>
<li>Longer length in the body and sleeves.</li>
<li>Button placket.</li>
</ul></div>";published;;;;;;;;;;;;Shirts;;true;;;;42372523491524;MT;2t Tall Slim Fit Long Sleeve Corduroy Shirt (olive)-MT;;0;false;false;;;;;;;;;39.00;;Fit;MT;;;https://cdn.shopify.com/s/files/1/0618/4045/7924/files/shirt_2t_2ts-23296_olive_front.jpg?v=1698225852;https://cdn.shopify.com/s/files/1/0618/4045/7924/files/shirt_2t_2ts-23296_olive_rear.jpg?v=1698225853;https://cdn.shopify.com/s/files/1/0618/4045/7924/files/shirt_2t_2ts-23296_olive_detail.jpg?v=1698225853;https://cdn.shopify.com/s/files/1/0618/4045/7924/files/shirt_2t_2ts-23296_olive_ls.jpg?v=1698225853;;;;"{""Fits Chest"": ""38-40\"""", ""chest_cm"": 104, ""front_length_cm"": 78, ""sleeve_length_cm"": 73}";"38-40""";104;78;73
prod_7419071758532;2t-tall-slim-fit-long-sleeve-corduroy-shirt-olive;2t Tall Slim Fit Long Sleeve Corduroy Shirt (olive);;"<div><ul>
<li>Made exclusively for 2tall.com.</li>
<li>Designed by tall men to create the perfect fit.</li>
<li>Slim fit shirt with a fitted torso.</li>
<li>Longer length in the body and sleeves.</li>
<li>Button placket.</li>
</ul></div>";published;;;;;;;;;;;;Shirts;;true;;;;42372523524292;LT;2t Tall Slim Fit Long Sleeve Corduroy Shirt (olive)-LT;;0;false;false;;;;;;;;;39.00;;Fit;LT;;;https://cdn.shopify.com/s/files/1/0618/4045/7924/files/shirt_2t_2ts-23296_olive_front.jpg?v=1698225852;https://cdn.shopify.com/s/files/1/0618/4045/7924/files/shirt_2t_2ts-23296_olive_rear.jpg?v=1698225853;https://cdn.shopify.com/s/files/1/0618/4045/7924/files/shirt_2t_2ts-23296_olive_detail.jpg?v=1698225853;https://cdn.shopify.com/s/files/1/0618/4045/7924/files/shirt_2t_2ts-23296_olive_ls.jpg?v=1698225853;;;;"{""Fits Chest"": ""40-42\"""", ""chest_cm"": 110, ""front_length_cm"": 79, ""sleeve_length_cm"": 74}";"40-42""";110;79;74
prod_7419071758532;2t-tall-slim-fit-long-sleeve-corduroy-shirt-olive;2t Tall Slim Fit Long Sleeve Corduroy Shirt (olive);;"<div><ul>
<li>Made exclusively for 2tall.com.</li>
<li>Designed by tall men to create the perfect fit.</li>
<li>Slim fit shirt with a fitted torso.</li>
<li>Longer length in the body and sleeves.</li>
<li>Button placket.</li>
</ul></div>";published;;;;;;;;;;;;Shirts;;true;;;;42372523557060;XLT;2t Tall Slim Fit Long Sleeve Corduroy Shirt (olive)-XLT;;0;false;false;;;;;;;;;39.00;;Fit;XLT;;;https://cdn.shopify.com/s/files/1/0618/4045/7924/files/shirt_2t_2ts-23296_olive_front.jpg?v=1698225852;https://cdn.shopify.com/s/files/1/0618/4045/7924/files/shirt_2t_2ts-23296_olive_rear.jpg?v=1698225853;https://cdn.shopify.com/s/files/1/0618/4045/7924/files/shirt_2t_2ts-23296_olive_detail.jpg?v=1698225853;https://cdn.shopify.com/s/files/1/0618/4045/7924/files/shirt_2t_2ts-23296_olive_ls.jpg?v=1698225853;;;;"{""Fits Chest"": ""42-44\"""", ""chest_cm"": 114, ""front_length_cm"": 81, ""sleeve_length_cm"": 75}";"42-44""";114;81;75
prod_7419071758532;2t-tall-slim-fit-long-sleeve-corduroy-shirt-olive;2t Tall Slim Fit Long Sleeve Corduroy Shirt (olive);;"<div><ul>
<li>Made exclusively for 2tall.com.</li>
<li>Designed by tall men to create the perfect fit.</li>
<li>Slim fit shirt with a fitted torso.</li>
<li>Longer length in the body and sleeves.</li>
<li>Button placket.</li>
</ul></div>";published;;;;;;;;;;;;Shirts;;true;;;;42372523589828;2XLT;2t Tall Slim Fit Long Sleeve Corduroy Shirt (olive)-2XLT;;0;false;false;;;;;;;;;39.00;;Fit;2XLT;;;https://cdn.shopify.com/s/files/1/0618/4045/7924/files/shirt_2t_2ts-23296_olive_front.jpg?v=1698225852;https://cdn.shopify.com/s/files/1/0618/4045/7924/files/shirt_2t_2ts-23296_olive_rear.jpg?v=1698225853;https://cdn.shopify.com/s/files/1/0618/4045/7924/files/shirt_2t_2ts-23296_olive_detail.jpg?v=1698225853;https://cdn.shopify.com/s/files/1/0618/4045/7924/files/shirt_2t_2ts-23296_olive_ls.jpg?v=1698225853;;;;"{""Fits Chest"": ""44-46\"""", ""chest_cm"": 122, ""front_length_cm"": 81, ""sleeve_length_cm"": 75}";"44-46""";122;81;75
prod_7419071758532;2t-tall-slim-fit-long-sleeve-corduroy-shirt-olive;2t Tall Slim Fit Long Sleeve Corduroy Shirt (olive);;"<div><ul>
<li>Made exclusively for 2tall.com.</li>
<li>Designed by tall men to create the perfect fit.</li>
<li>Slim fit shirt with a fitted torso.</li>
<li>Longer length in the body and sleeves.</li>
<li>Button placket.</li>
</ul></div>";published;;;;;;;;;;;;Shirts;;true;;;;42372523622596;3XLT;2t Tall Slim Fit Long Sleeve Corduroy Shirt (olive)-3XLT;;0;false;false;;;;;;;;;39.00;;Fit;3XLT;;;https://cdn.shopify.com/s/files/1/0618/4045/7924/files/shirt_2t_2ts-23296_olive_front.jpg?v=1698225852;https://cdn.shopify.com/s/files/1/0618/4045/7924/files/shirt_2t_2ts-23296_olive_rear.jpg?v=1698225853;https://cdn.shopify.com/s/files/1/0618/4045/7924/files/shirt_2t_2ts-23296_olive_detail.jpg?v=1698225853;https://cdn.shopify.com/s/files/1/0618/4045/7924/files/shirt_2t_2ts-23296_olive_ls.jpg?v=1698225853;;;;"{""Fits Chest"": ""46-48\"""", ""chest_cm"": 126, ""front_length_cm"": 82, ""sleeve_length_cm"": 75}";"46-48""";126;82;75
prod_7404733694148;2t-tall-t-shirt-burgundy;2t Tall T-Shirt (burgundy);;"<div><li>Our extra long T-Shirts are designed specifically to cater for tall, slim and athletic built guys.</li>
<li>4 inches (10cm) longer than regular t-shirts.</li></div>";published;;;;;;;;;;;;T-Shirts;;true;;;;42326830907588;MT;2t Tall Mens T-Shirt (burgundy)-MT;;0;false;false;;;;;;;;;10.00;;Fit;MT;;;https://cdn.shopify.com/s/files/1/0618/4045/7924/files/t-shirt_2tall_burgandy_front.jpg?v=1698196897;https://cdn.shopify.com/s/files/1/0618/4045/7924/files/t-shirt_2tall_burgandy_back.jpg?v=1698196897;;;;;;"{""Fits Chest"": ""38-40\"""", ""chest_cm"": 104, ""front_length_cm"": 78, ""sleeve_length_cm"": 73}";"38-40""";104;78;73
prod_7404733694148;2t-tall-t-shirt-burgundy;2t Tall T-Shirt (burgundy);;"<div><li>Our extra long T-Shirts are designed specifically to cater for tall, slim and athletic built guys.</li>
<li>4 inches (10cm) longer than regular t-shirts.</li></div>";published;;;;;;;;;;;;T-Shirts;;true;;;;42326830940356;LT;2t Tall Mens T-Shirt (burgundy)-LT;;0;false;false;;;;;;;;;10.00;;Fit;LT;;;https://cdn.shopify.com/s/files/1/0618/4045/7924/files/t-shirt_2tall_burgandy_front.jpg?v=1698196897;https://cdn.shopify.com/s/files/1/0618/4045/7924/files/t-shirt_2tall_burgandy_back.jpg?v=1698196897;;;;;;"{""Fits Chest"": ""40-42\"""", ""chest_cm"": 110, ""front_length_cm"": 79, ""sleeve_length_cm"": 74}";"40-42""";110;79;74
prod_7404733694148;2t-tall-t-shirt-burgundy;2t Tall T-Shirt (burgundy);;"<div><li>Our extra long T-Shirts are designed specifically to cater for tall, slim and athletic built guys.</li>
<li>4 inches (10cm) longer than regular t-shirts.</li></div>";published;;;;;;;;;;;;T-Shirts;;true;;;;42326830973124;XLT;2t Tall Mens T-Shirt (burgundy)-XLT;;0;false;false;;;;;;;;;10.00;;Fit;XLT;;;https://cdn.shopify.com/s/files/1/0618/4045/7924/files/t-shirt_2tall_burgandy_front.jpg?v=1698196897;https://cdn.shopify.com/s/files/1/0618/4045/7924/files/t-shirt_2tall_burgandy_back.jpg?v=1698196897;;;;;;"{""Fits Chest"": ""42-44\"""", ""chest_cm"": 114, ""front_length_cm"": 81, ""sleeve_length_cm"": 75}";"42-44""";114;81;75
prod_7404733694148;2t-tall-t-shirt-burgundy;2t Tall T-Shirt (burgundy);;"<div><li>Our extra long T-Shirts are designed specifically to cater for tall, slim and athletic built guys.</li>
<li>4 inches (10cm) longer than regular t-shirts.</li></div>";published;;;;;;;;;;;;T-Shirts;;true;;;;42326831005892;2XLT;2t Tall Mens T-Shirt (burgundy)-2XLT;;0;false;false;;;;;;;;;10.00;;Fit;2XLT;;;https://cdn.shopify.com/s/files/1/0618/4045/7924/files/t-shirt_2tall_burgandy_front.jpg?v=1698196897;https://cdn.shopify.com/s/files/1/0618/4045/7924/files/t-shirt_2tall_burgandy_back.jpg?v=1698196897;;;;;;"{""Fits Chest"": ""44-46\"""", ""chest_cm"": 122, ""front_length_cm"": 81, ""sleeve_length_cm"": 75}";"44-46""";122;81;75
prod_7404733694148;2t-tall-t-shirt-burgundy;2t Tall T-Shirt (burgundy);;"<div><li>Our extra long T-Shirts are designed specifically to cater for tall, slim and athletic built guys.</li>
<li>4 inches (10cm) longer than regular t-shirts.</li></div>";published;;;;;;;;;;;;T-Shirts;;true;;;;42326831038660;3XLT;2t Tall Mens T-Shirt (burgundy)-3XLT;;0;false;false;;;;;;;;;10.00;;Fit;3XLT;;;https://cdn.shopify.com/s/files/1/0618/4045/7924/files/t-shirt_2tall_burgandy_front.jpg?v=1698196897;https://cdn.shopify.com/s/files/1/0618/4045/7924/files/t-shirt_2tall_burgandy_back.jpg?v=1698196897;;;;;;"{""Fits Chest"": ""46-48\"""", ""chest_cm"": 126, ""front_length_cm"": 82, ""sleeve_length_cm"": 75}";"46-48""";126;82;75
prod_7404804636868;2t-long-sleeve-tall-baselayer-navy;2t Long Sleeve Tall Baselayer (navy);;"<div><li>2t Long Sleeve Tall Baselayer</li>
<li>The added body length and slight taper of the garment make them ideal for tall men who are 6'4"" and over.</li>
<li>4 inches (10cm) longer than the high street.</li>
<li>Nylon and Polyester composition helps keeps the sweat away from the skin as you exercise, which helps you stay nice and cool.</li></div>";published;;;;;;;;;;;;T-Shirts;;true;;;;42327032266948;MT;2t Long Sleeve Tall Baselayer (navy)-MT;;0;false;false;;;;;;;;;25.00;;Fit;MT;;;https://cdn.shopify.com/s/files/1/0618/4045/7924/files/baselayer_2t_navy_front1.jpg?v=1698207038;https://cdn.shopify.com/s/files/1/0618/4045/7924/files/baselayer_2t_navy_rear.jpg?v=1698207038;;;;;;"{""Fits Chest"": ""38-40\"""", ""chest_cm"": 104, ""front_length_cm"": 78, ""sleeve_length_cm"": 73}";"38-40""";104;78;73
prod_7404804636868;2t-long-sleeve-tall-baselayer-navy;2t Long Sleeve Tall Baselayer (navy);;"<div><li>2t Long Sleeve Tall Baselayer</li>
<li>The added body length and slight taper of the garment make them ideal for tall men who are 6'4"" and over.</li>
<li>4 inches (10cm) longer than the high street.</li>
<li>Nylon and Polyester composition helps keeps the sweat away from the skin as you exercise, which helps you stay nice and cool.</li></div>";published;;;;;;;;;;;;T-Shirts;;true;;;;42327032299716;LT;2t Long Sleeve Tall Baselayer (navy)-LT;;0;false;false;;;;;;;;;25.00;;Fit;LT;;;https://cdn.shopify.com/s/files/1/0618/4045/7924/files/baselayer_2t_navy_front1.jpg?v=1698207038;https://cdn.shopify.com/s/files/1/0618/4045/7924/files/baselayer_2t_navy_rear.jpg?v=1698207038;;;;;;"{""Fits Chest"": ""40-42\"""", ""chest_cm"": 110, ""front_length_cm"": 79, ""sleeve_length_cm"": 74}";"40-42""";110;79;74
prod_7404804636868;2t-long-sleeve-tall-baselayer-navy;2t Long Sleeve Tall Baselayer (navy);;"<div><li>2t Long Sleeve Tall Baselayer</li>
<li>The added body length and slight taper of the garment make them ideal for tall men who are 6'4"" and over.</li>
<li>4 inches (10cm) longer than the high street.</li>
<li>Nylon and Polyester composition helps keeps the sweat away from the skin as you exercise, which helps you stay nice and cool.</li></div>";published;;;;;;;;;;;;T-Shirts;;true;;;;42327032332484;XLT;2t Long Sleeve Tall Baselayer (navy)-XLT;;0;false;false;;;;;;;;;25.00;;Fit;XLT;;;https://cdn.shopify.com/s/files/1/0618/4045/7924/files/baselayer_2t_navy_front1.jpg?v=1698207038;https://cdn.shopify.com/s/files/1/0618/4045/7924/files/baselayer_2t_navy_rear.jpg?v=1698207038;;;;;;"{""Fits Chest"": ""42-44\"""", ""chest_cm"": 114, ""front_length_cm"": 81, ""sleeve_length_cm"": 75}";"42-44""";114;81;75
prod_7404804636868;2t-long-sleeve-tall-baselayer-navy;2t Long Sleeve Tall Baselayer (navy);;"<div><li>2t Long Sleeve Tall Baselayer</li>
<li>The added body length and slight taper of the garment make them ideal for tall men who are 6'4"" and over.</li>
<li>4 inches (10cm) longer than the high street.</li>
<li>Nylon and Polyester composition helps keeps the sweat away from the skin as you exercise, which helps you stay nice and cool.</li></div>";published;;;;;;;;;;;;T-Shirts;;true;;;;42327032365252;2XLT;2t Long Sleeve Tall Baselayer (navy)-2XLT;;0;false;false;;;;;;;;;25.00;;Fit;2XLT;;;https://cdn.shopify.com/s/files/1/0618/4045/7924/files/baselayer_2t_navy_front1.jpg?v=1698207038;https://cdn.shopify.com/s/files/1/0618/4045/7924/files/baselayer_2t_navy_rear.jpg?v=1698207038;;;;;;"{""Fits Chest"": ""44-46\"""", ""chest_cm"": 122, ""front_length_cm"": 81, ""sleeve_length_cm"": 75}";"44-46""";122;81;75
prod_7404804636868;2t-long-sleeve-tall-baselayer-navy;2t Long Sleeve Tall Baselayer (navy);;"<div><li>2t Long Sleeve Tall Baselayer</li>
<li>The added body length and slight taper of the garment make them ideal for tall men who are 6'4"" and over.</li>
<li>4 inches (10cm) longer than the high street.</li>
<li>Nylon and Polyester composition helps keeps the sweat away from the skin as you exercise, which helps you stay nice and cool.</li></div>";published;;;;;;;;;;;;T-Shirts;;true;;;;42327032398020;3XLT;2t Long Sleeve Tall Baselayer (navy)-3XLT;;0;false;false;;;;;;;;;25.00;;Fit;3XLT;;;https://cdn.shopify.com/s/files/1/0618/4045/7924/files/baselayer_2t_navy_front1.jpg?v=1698207038;https://cdn.shopify.com/s/files/1/0618/4045/7924/files/baselayer_2t_navy_rear.jpg?v=1698207038;;;;;;"{""Fits Chest"": ""46-48\"""", ""chest_cm"": 126, ""front_length_cm"": 82, ""sleeve_length_cm"": 75}";"46-48""";126;82;75
prod_8167509590212;2t-tall-harrington-jacket-oatmeal;2t Tall Harrington Jacket (oatmeal);;"<div><ul>
<li>2t Harrington Jacket for tall men.</li>
<li>Extra length in the body and arms.</li>
<li>Regular fit.</li>
<li>Placket with zip fastening</li>
<li>Collar front.</li>
<li>Available in sizes MT to 3XLT.</li>
</ul></div>";published;;;;;;;;;;;;Jackets;;true;;;;44557310820548;MT;2t Tall Harrington Jacket (oatmeal)-MT;;0;false;false;;;;;;;;;79.00;;Fit;MT;;;https://cdn.shopify.com/s/files/1/0618/4045/7924/files/Jacket_202T_20Harrington_20Oatmeal_20front_2002_20crop.jpg?v=1737937512;https://cdn.shopify.com/s/files/1/0618/4045/7924/files/Jacket_202T_20Harrington_20Oatmeal_20Rear.jpg?v=1737937512;https://cdn.shopify.com/s/files/1/0618/4045/7924/files/Jacket_202T_20Harrington_20Oatmeal_20detail_2001.jpg?v=1737937512;https://cdn.shopify.com/s/files/1/0618/4045/7924/files/Jacket_202T_20Harrington_20Oatmeal_20detail_2002.jpg?v=1737937512;https://cdn.shopify.com/s/files/1/0618/4045/7924/files/Jacket_202T_20Harrington_20Oatmeal_20front_2002.jpg?v=1737937512;;;"{""Fits Chest"": ""38-40\"""", ""chest_cm"": 104, ""front_length_cm"": 78, ""sleeve_length_cm"": 73}";"38-40""";104;78;73
prod_8167509590212;2t-tall-harrington-jacket-oatmeal;2t Tall Harrington Jacket (oatmeal);;"<div><ul>
<li>2t Harrington Jacket for tall men.</li>
<li>Extra length in the body and arms.</li>
<li>Regular fit.</li>
<li>Placket with zip fastening</li>
<li>Collar front.</li>
<li>Available in sizes MT to 3XLT.</li>
</ul></div>";published;;;;;;;;;;;;Jackets;;true;;;;44557310853316;LT;2t Tall Harrington Jacket (oatmeal)-LT;;0;false;false;;;;;;;;;79.00;;Fit;LT;;;https://cdn.shopify.com/s/files/1/0618/4045/7924/files/Jacket_202T_20Harrington_20Oatmeal_20front_2002_20crop.jpg?v=1737937512;https://cdn.shopify.com/s/files/1/0618/4045/7924/files/Jacket_202T_20Harrington_20Oatmeal_20Rear.jpg?v=1737937512;https://cdn.shopify.com/s/files/1/0618/4045/7924/files/Jacket_202T_20Harrington_20Oatmeal_20detail_2001.jpg?v=1737937512;https://cdn.shopify.com/s/files/1/0618/4045/7924/files/Jacket_202T_20Harrington_20Oatmeal_20detail_2002.jpg?v=1737937512;https://cdn.shopify.com/s/files/1/0618/4045/7924/files/Jacket_202T_20Harrington_20Oatmeal_20front_2002.jpg?v=1737937512;;;"{""Fits Chest"": ""40-42\"""", ""chest_cm"": 110, ""front_length_cm"": 79, ""sleeve_length_cm"": 74}";"40-42""";110;79;74
prod_8167509590212;2t-tall-harrington-jacket-oatmeal;2t Tall Harrington Jacket (oatmeal);;"<div><ul>
<li>2t Harrington Jacket for tall men.</li>
<li>Extra length in the body and arms.</li>
<li>Regular fit.</li>
<li>Placket with zip fastening</li>
<li>Collar front.</li>
<li>Available in sizes MT to 3XLT.</li>
</ul></div>";published;;;;;;;;;;;;Jackets;;true;;;;44557310886084;XLT;2t Tall Harrington Jacket (oatmeal)-XLT;;0;false;false;;;;;;;;;79.00;;Fit;XLT;;;https://cdn.shopify.com/s/files/1/0618/4045/7924/files/Jacket_202T_20Harrington_20Oatmeal_20front_2002_20crop.jpg?v=1737937512;https://cdn.shopify.com/s/files/1/0618/4045/7924/files/Jacket_202T_20Harrington_20Oatmeal_20Rear.jpg?v=1737937512;https://cdn.shopify.com/s/files/1/0618/4045/7924/files/Jacket_202T_20Harrington_20Oatmeal_20detail_2001.jpg?v=1737937512;https://cdn.shopify.com/s/files/1/0618/4045/7924/files/Jacket_202T_20Harrington_20Oatmeal_20detail_2002.jpg?v=1737937512;https://cdn.shopify.com/s/files/1/0618/4045/7924/files/Jacket_202T_20Harrington_20Oatmeal_20front_2002.jpg?v=1737937512;;;"{""Fits Chest"": ""42-44\"""", ""chest_cm"": 114, ""front_length_cm"": 81, ""sleeve_length_cm"": 75}";"42-44""";114;81;75
prod_8167509590212;2t-tall-harrington-jacket-oatmeal;2t Tall Harrington Jacket (oatmeal);;"<div><ul>
<li>2t Harrington Jacket for tall men.</li>
<li>Extra length in the body and arms.</li>
<li>Regular fit.</li>
<li>Placket with zip fastening</li>
<li>Collar front.</li>
<li>Available in sizes MT to 3XLT.</li>
</ul></div>";published;;;;;;;;;;;;Jackets;;true;;;;44557310918852;2XLT;2t Tall Harrington Jacket (oatmeal)-2XLT;;0;false;false;;;;;;;;;79.00;;Fit;2XLT;;;https://cdn.shopify.com/s/files/1/0618/4045/7924/files/Jacket_202T_20Harrington_20Oatmeal_20front_2002_20crop.jpg?v=1737937512;https://cdn.shopify.com/s/files/1/0618/4045/7924/files/Jacket_202T_20Harrington_20Oatmeal_20Rear.jpg?v=1737937512;https://cdn.shopify.com/s/files/1/0618/4045/7924/files/Jacket_202T_20Harrington_20Oatmeal_20detail_2001.jpg?v=1737937512;https://cdn.shopify.com/s/files/1/0618/4045/7924/files/Jacket_202T_20Harrington_20Oatmeal_20detail_2002.jpg?v=1737937512;https://cdn.shopify.com/s/files/1/0618/4045/7924/files/Jacket_202T_20Harrington_20Oatmeal_20front_2002.jpg?v=1737937512;;;"{""Fits Chest"": ""44-46\"""", ""chest_cm"": 122, ""front_length_cm"": 81, ""sleeve_length_cm"": 75}";"44-46""";122;81;75
prod_8167509590212;2t-tall-harrington-jacket-oatmeal;2t Tall Harrington Jacket (oatmeal);;"<div><ul>
<li>2t Harrington Jacket for tall men.</li>
<li>Extra length in the body and arms.</li>
<li>Regular fit.</li>
<li>Placket with zip fastening</li>
<li>Collar front.</li>
<li>Available in sizes MT to 3XLT.</li>
</ul></div>";published;;;;;;;;;;;;Jackets;;true;;;;44557310951620;3XLT;2t Tall Harrington Jacket (oatmeal)-3XLT;;0;false;false;;;;;;;;;79.00;;Fit;3XLT;;;https://cdn.shopify.com/s/files/1/0618/4045/7924/files/Jacket_202T_20Harrington_20Oatmeal_20front_2002_20crop.jpg?v=1737937512;https://cdn.shopify.com/s/files/1/0618/4045/7924/files/Jacket_202T_20Harrington_20Oatmeal_20Rear.jpg?v=1737937512;https://cdn.shopify.com/s/files/1/0618/4045/7924/files/Jacket_202T_20Harrington_20Oatmeal_20detail_2001.jpg?v=1737937512;https://cdn.shopify.com/s/files/1/0618/4045/7924/files/Jacket_202T_20Harrington_20Oatmeal_20detail_2002.jpg?v=1737937512;https://cdn.shopify.com/s/files/1/0618/4045/7924/files/Jacket_202T_20Harrington_20Oatmeal_20front_2002.jpg?v=1737937512;;;"{""Fits Chest"": ""46-48\"""", ""chest_cm"": 126, ""front_length_cm"": 82, ""sleeve_length_cm"": 75}";"46-48""";126;82;75
prod_8155528724676;essentalls-tall-sweatshirt-grey-marl;Essentalls Tall Sweatshirt (grey marl);;"<div><ul>
<li>Essentalls Sweatshirts for tall men are made exclusively for 2tall.com.</li>
<li>Made with extra length in the body and arms.</li>
<li>Perfect for lounging or training.</li>
<li>Available in sizes MT to 3XLT. </li>
</ul></div>";published;;;;;;;;;;;;Sweat Shirts;;true;;;;44511755796676;MT;Essentalls Tall Sweatshirt (grey marl)-MT;;0;false;false;;;;;;;;;29.00;;Fit;MT;;;https://cdn.shopify.com/s/files/1/0618/4045/7924/files/Sweatshirt_20Essentalls_20Grey_20Marlfront_2001_20crop.jpg?v=1737937329;https://cdn.shopify.com/s/files/1/0618/4045/7924/files/Sweatshirt_20Essentalls_20Grey_20Marl_20rear.jpg?v=1737937329;https://cdn.shopify.com/s/files/1/0618/4045/7924/files/Sweatshirt_20Essentalls_20Grey_20Marl_20detail_2002.jpg?v=1737937329;https://cdn.shopify.com/s/files/1/0618/4045/7924/files/Sweatshirt_20Essentalls_20Grey_20Marl_20front_2002.jpg?v=1737937329;;;;"{""Fits Chest"": ""38-40\"""", ""chest_cm"": 104, ""front_length_cm"": 78, ""sleeve_length_cm"": 73}";"38-40""";104;78;73
prod_8155528724676;essentalls-tall-sweatshirt-grey-marl;Essentalls Tall Sweatshirt (grey marl);;"<div><ul>
<li>Essentalls Sweatshirts for tall men are made exclusively for 2tall.com.</li>
<li>Made with extra length in the body and arms.</li>
<li>Perfect for lounging or training.</li>
<li>Available in sizes MT to 3XLT. </li>
</ul></div>";published;;;;;;;;;;;;Sweat Shirts;;true;;;;44511755829444;LT;Essentalls Tall Sweatshirt (grey marl)-LT;;0;false;false;;;;;;;;;29.00;;Fit;LT;;;https://cdn.shopify.com/s/files/1/0618/4045/7924/files/Sweatshirt_20Essentalls_20Grey_20Marlfront_2001_20crop.jpg?v=1737937329;https://cdn.shopify.com/s/files/1/0618/4045/7924/files/Sweatshirt_20Essentalls_20Grey_20Marl_20rear.jpg?v=1737937329;https://cdn.shopify.com/s/files/1/0618/4045/7924/files/Sweatshirt_20Essentalls_20Grey_20Marl_20detail_2002.jpg?v=1737937329;https://cdn.shopify.com/s/files/1/0618/4045/7924/files/Sweatshirt_20Essentalls_20Grey_20Marl_20front_2002.jpg?v=1737937329;;;;"{""Fits Chest"": ""40-42\"""", ""chest_cm"": 110, ""front_length_cm"": 79, ""sleeve_length_cm"": 74}";"40-42""";110;79;74
prod_8155528724676;essentalls-tall-sweatshirt-grey-marl;Essentalls Tall Sweatshirt (grey marl);;"<div><ul>
<li>Essentalls Sweatshirts for tall men are made exclusively for 2tall.com.</li>
<li>Made with extra length in the body and arms.</li>
<li>Perfect for lounging or training.</li>
<li>Available in sizes MT to 3XLT. </li>
</ul></div>";published;;;;;;;;;;;;Sweat Shirts;;true;;;;44511755862212;XLT;Essentalls Tall Sweatshirt (grey marl)-XLT;;0;false;false;;;;;;;;;29.00;;Fit;XLT;;;https://cdn.shopify.com/s/files/1/0618/4045/7924/files/Sweatshirt_20Essentalls_20Grey_20Marlfront_2001_20crop.jpg?v=1737937329;https://cdn.shopify.com/s/files/1/0618/4045/7924/files/Sweatshirt_20Essentalls_20Grey_20Marl_20rear.jpg?v=1737937329;https://cdn.shopify.com/s/files/1/0618/4045/7924/files/Sweatshirt_20Essentalls_20Grey_20Marl_20detail_2002.jpg?v=1737937329;https://cdn.shopify.com/s/files/1/0618/4045/7924/files/Sweatshirt_20Essentalls_20Grey_20Marl_20front_2002.jpg?v=1737937329;;;;"{""Fits Chest"": ""42-44\"""", ""chest_cm"": 114, ""front_length_cm"": 81, ""sleeve_length_cm"": 75}";"42-44""";114;81;75
prod_8155528724676;essentalls-tall-sweatshirt-grey-marl;Essentalls Tall Sweatshirt (grey marl);;"<div><ul>
<li>Essentalls Sweatshirts for tall men are made exclusively for 2tall.com.</li>
<li>Made with extra length in the body and arms.</li>
<li>Perfect for lounging or training.</li>
<li>Available in sizes MT to 3XLT. </li>
</ul></div>";published;;;;;;;;;;;;Sweat Shirts;;true;;;;44511755894980;2XLT;Essentalls Tall Sweatshirt (grey marl)-2XLT;;0;false;false;;;;;;;;;29.00;;Fit;2XLT;;;https://cdn.shopify.com/s/files/1/0618/4045/7924/files/Sweatshirt_20Essentalls_20Grey_20Marlfront_2001_20crop.jpg?v=1737937329;https://cdn.shopify.com/s/files/1/0618/4045/7924/files/Sweatshirt_20Essentalls_20Grey_20Marl_20rear.jpg?v=1737937329;https://cdn.shopify.com/s/files/1/0618/4045/7924/files/Sweatshirt_20Essentalls_20Grey_20Marl_20detail_2002.jpg?v=1737937329;https://cdn.shopify.com/s/files/1/0618/4045/7924/files/Sweatshirt_20Essentalls_20Grey_20Marl_20front_2002.jpg?v=1737937329;;;;"{""Fits Chest"": ""44-46\"""", ""chest_cm"": 122, ""front_length_cm"": 81, ""sleeve_length_cm"": 75}";"44-46""";122;81;75
prod_8155528724676;essentalls-tall-sweatshirt-grey-marl;Essentalls Tall Sweatshirt (grey marl);;"<div><ul>
<li>Essentalls Sweatshirts for tall men are made exclusively for 2tall.com.</li>
<li>Made with extra length in the body and arms.</li>
<li>Perfect for lounging or training.</li>
<li>Available in sizes MT to 3XLT. </li>
</ul></div>";published;;;;;;;;;;;;Sweat Shirts;;true;;;;44511755927748;3XLT;Essentalls Tall Sweatshirt (grey marl)-3XLT;;0;false;false;;;;;;;;;29.00;;Fit;3XLT;;;https://cdn.shopify.com/s/files/1/0618/4045/7924/files/Sweatshirt_20Essentalls_20Grey_20Marlfront_2001_20crop.jpg?v=1737937329;https://cdn.shopify.com/s/files/1/0618/4045/7924/files/Sweatshirt_20Essentalls_20Grey_20Marl_20rear.jpg?v=1737937329;https://cdn.shopify.com/s/files/1/0618/4045/7924/files/Sweatshirt_20Essentalls_20Grey_20Marl_20detail_2002.jpg?v=1737937329;https://cdn.shopify.com/s/files/1/0618/4045/7924/files/Sweatshirt_20Essentalls_20Grey_20Marl_20front_2002.jpg?v=1737937329;;;;"{""Fits Chest"": ""46-48\"""", ""chest_cm"": 126, ""front_length_cm"": 82, ""sleeve_length_cm"": 75}";"46-48""";126;82;75
prod_8155525120196;essentalls-tall-sweatshirt-black;Essentalls Tall Sweatshirt (black);;"<div><ul>
<li>Essentalls Sweatshirts for tall men are made exclusively for 2tall.com.</li>
<li>Made with extra length in the body and arms.</li>
<li>Perfect for lounging or training.</li>
<li>Available in sizes MT to 3XLT. </li>
</ul></div>";published;;;;;;;;;;;;Sweat Shirts;;true;;;;44511714607300;MT;Essentalls Tall Sweatshirt (black)-MT;;0;false;false;;;;;;;;;29.00;;Fit;MT;;;https://cdn.shopify.com/s/files/1/0618/4045/7924/files/Sweatshirt_20Essentalls_20Black_20front_2002_20crop.jpg?v=1737937049;https://cdn.shopify.com/s/files/1/0618/4045/7924/files/Sweatshirt_20Essentalls_20Black_20rear.jpg?v=1737937049;https://cdn.shopify.com/s/files/1/0618/4045/7924/files/Sweatshirt_20Essentalls_20Black_20detail.jpg?v=1737937049;https://cdn.shopify.com/s/files/1/0618/4045/7924/files/Sweatshirt_20Essentalls_20Black_20front_2001.jpg?v=1737937049;;;;"{""Fits Chest"": ""38-40\"""", ""chest_cm"": 104, ""front_length_cm"": 78, ""sleeve_length_cm"": 73}";"38-40""";104;78;73
prod_8155525120196;essentalls-tall-sweatshirt-black;Essentalls Tall Sweatshirt (black);;"<div><ul>
<li>Essentalls Sweatshirts for tall men are made exclusively for 2tall.com.</li>
<li>Made with extra length in the body and arms.</li>
<li>Perfect for lounging or training.</li>
<li>Available in sizes MT to 3XLT. </li>
</ul></div>";published;;;;;;;;;;;;Sweat Shirts;;true;;;;44511714640068;LT;Essentalls Tall Sweatshirt (black)-LT;;0;false;false;;;;;;;;;29.00;;Fit;LT;;;https://cdn.shopify.com/s/files/1/0618/4045/7924/files/Sweatshirt_20Essentalls_20Black_20front_2002_20crop.jpg?v=1737937049;https://cdn.shopify.com/s/files/1/0618/4045/7924/files/Sweatshirt_20Essentalls_20Black_20rear.jpg?v=1737937049;https://cdn.shopify.com/s/files/1/0618/4045/7924/files/Sweatshirt_20Essentalls_20Black_20detail.jpg?v=1737937049;https://cdn.shopify.com/s/files/1/0618/4045/7924/files/Sweatshirt_20Essentalls_20Black_20front_2001.jpg?v=1737937049;;;;"{""Fits Chest"": ""40-42\"""", ""chest_cm"": 110, ""front_length_cm"": 79, ""sleeve_length_cm"": 74}";"40-42""";110;79;74
prod_8155525120196;essentalls-tall-sweatshirt-black;Essentalls Tall Sweatshirt (black);;"<div><ul>
<li>Essentalls Sweatshirts for tall men are made exclusively for 2tall.com.</li>
<li>Made with extra length in the body and arms.</li>
<li>Perfect for lounging or training.</li>
<li>Available in sizes MT to 3XLT. </li>
</ul></div>";published;;;;;;;;;;;;Sweat Shirts;;true;;;;44511714672836;XLT;Essentalls Tall Sweatshirt (black)-XLT;;0;false;false;;;;;;;;;29.00;;Fit;XLT;;;https://cdn.shopify.com/s/files/1/0618/4045/7924/files/Sweatshirt_20Essentalls_20Black_20front_2002_20crop.jpg?v=1737937049;https://cdn.shopify.com/s/files/1/0618/4045/7924/files/Sweatshirt_20Essentalls_20Black_20rear.jpg?v=1737937049;https://cdn.shopify.com/s/files/1/0618/4045/7924/files/Sweatshirt_20Essentalls_20Black_20detail.jpg?v=1737937049;https://cdn.shopify.com/s/files/1/0618/4045/7924/files/Sweatshirt_20Essentalls_20Black_20front_2001.jpg?v=1737937049;;;;"{""Fits Chest"": ""42-44\"""", ""chest_cm"": 114, ""front_length_cm"": 81, ""sleeve_length_cm"": 75}";"42-44""";114;81;75
prod_8155525120196;essentalls-tall-sweatshirt-black;Essentalls Tall Sweatshirt (black);;"<div><ul>
<li>Essentalls Sweatshirts for tall men are made exclusively for 2tall.com.</li>
<li>Made with extra length in the body and arms.</li>
<li>Perfect for lounging or training.</li>
<li>Available in sizes MT to 3XLT. </li>
</ul></div>";published;;;;;;;;;;;;Sweat Shirts;;true;;;;44511714705604;2XLT;Essentalls Tall Sweatshirt (black)-2XLT;;0;false;false;;;;;;;;;29.00;;Fit;2XLT;;;https://cdn.shopify.com/s/files/1/0618/4045/7924/files/Sweatshirt_20Essentalls_20Black_20front_2002_20crop.jpg?v=1737937049;https://cdn.shopify.com/s/files/1/0618/4045/7924/files/Sweatshirt_20Essentalls_20Black_20rear.jpg?v=1737937049;https://cdn.shopify.com/s/files/1/0618/4045/7924/files/Sweatshirt_20Essentalls_20Black_20detail.jpg?v=1737937049;https://cdn.shopify.com/s/files/1/0618/4045/7924/files/Sweatshirt_20Essentalls_20Black_20front_2001.jpg?v=1737937049;;;;"{""Fits Chest"": ""44-46\"""", ""chest_cm"": 122, ""front_length_cm"": 81, ""sleeve_length_cm"": 75}";"44-46""";122;81;75
prod_8155525120196;essentalls-tall-sweatshirt-black;Essentalls Tall Sweatshirt (black);;"<div><ul>
<li>Essentalls Sweatshirts for tall men are made exclusively for 2tall.com.</li>
<li>Made with extra length in the body and arms.</li>
<li>Perfect for lounging or training.</li>
<li>Available in sizes MT to 3XLT. </li>
</ul></div>";published;;;;;;;;;;;;Sweat Shirts;;true;;;;44511714738372;3XLT;Essentalls Tall Sweatshirt (black)-3XLT;;0;false;false;;;;;;;;;29.00;;Fit;3XLT;;;https://cdn.shopify.com/s/files/1/0618/4045/7924/files/Sweatshirt_20Essentalls_20Black_20front_2002_20crop.jpg?v=1737937049;https://cdn.shopify.com/s/files/1/0618/4045/7924/files/Sweatshirt_20Essentalls_20Black_20rear.jpg?v=1737937049;https://cdn.shopify.com/s/files/1/0618/4045/7924/files/Sweatshirt_20Essentalls_20Black_20detail.jpg?v=1737937049;https://cdn.shopify.com/s/files/1/0618/4045/7924/files/Sweatshirt_20Essentalls_20Black_20front_2001.jpg?v=1737937049;;;;"{""Fits Chest"": ""46-48\"""", ""chest_cm"": 126, ""front_length_cm"": 82, ""sleeve_length_cm"": 75}";"46-48""";126;82;75
prod_8155527512260;essentalls-tall-sweatshirt-light-green;Essentalls Tall Sweatshirt (light green);;"<div><ul>
<li>Essentalls Sweatshirts for tall men are made exclusively for 2tall.com.</li>
<li>Made with extra length in the body and arms.</li>
<li>Perfect for lounging or training.</li>
<li>Available in sizes MT to 3XLT. </li>
</ul></div>";published;;;;;;;;;;;;Sweat Shirts;;true;;;;44511740133572;MT;Essentalls Tall Sweatshirt (light green)-MT;;0;false;false;;;;;;;;;29.00;;Fit;MT;;;https://cdn.shopify.com/s/files/1/0618/4045/7924/files/Sweatshirt_20Essentalls_20Light_20Green_20front_2002_20crop.jpg?v=1737937001;https://cdn.shopify.com/s/files/1/0618/4045/7924/files/Sweatshirt_20Essentalls_20Light_20Green_20rear.jpg?v=1737937001;https://cdn.shopify.com/s/files/1/0618/4045/7924/files/Sweatshirt_20Essentalls_20Light_20Green_20detail_2002.jpg?v=1737937001;https://cdn.shopify.com/s/files/1/0618/4045/7924/files/Sweatshirt_20Essentalls_20Light_20Green_20front_2002.jpg?v=1737937001;;;;"{""Fits Chest"": ""38-40\"""", ""chest_cm"": 104, ""front_length_cm"": 78, ""sleeve_length_cm"": 73}";"38-40""";104;78;73
prod_8155527512260;essentalls-tall-sweatshirt-light-green;Essentalls Tall Sweatshirt (light green);;"<div><ul>
<li>Essentalls Sweatshirts for tall men are made exclusively for 2tall.com.</li>
<li>Made with extra length in the body and arms.</li>
<li>Perfect for lounging or training.</li>
<li>Available in sizes MT to 3XLT. </li>
</ul></div>";published;;;;;;;;;;;;Sweat Shirts;;true;;;;44511740166340;LT;Essentalls Tall Sweatshirt (light green)-LT;;0;false;false;;;;;;;;;29.00;;Fit;LT;;;https://cdn.shopify.com/s/files/1/0618/4045/7924/files/Sweatshirt_20Essentalls_20Light_20Green_20front_2002_20crop.jpg?v=1737937001;https://cdn.shopify.com/s/files/1/0618/4045/7924/files/Sweatshirt_20Essentalls_20Light_20Green_20rear.jpg?v=1737937001;https://cdn.shopify.com/s/files/1/0618/4045/7924/files/Sweatshirt_20Essentalls_20Light_20Green_20detail_2002.jpg?v=1737937001;https://cdn.shopify.com/s/files/1/0618/4045/7924/files/Sweatshirt_20Essentalls_20Light_20Green_20front_2002.jpg?v=1737937001;;;;"{""Fits Chest"": ""40-42\"""", ""chest_cm"": 110, ""front_length_cm"": 79, ""sleeve_length_cm"": 74}";"40-42""";110;79;74
prod_8155527512260;essentalls-tall-sweatshirt-light-green;Essentalls Tall Sweatshirt (light green);;"<div><ul>
<li>Essentalls Sweatshirts for tall men are made exclusively for 2tall.com.</li>
<li>Made with extra length in the body and arms.</li>
<li>Perfect for lounging or training.</li>
<li>Available in sizes MT to 3XLT. </li>
</ul></div>";published;;;;;;;;;;;;Sweat Shirts;;true;;;;44511740199108;XLT;Essentalls Tall Sweatshirt (light green)-XLT;;0;false;false;;;;;;;;;29.00;;Fit;XLT;;;https://cdn.shopify.com/s/files/1/0618/4045/7924/files/Sweatshirt_20Essentalls_20Light_20Green_20front_2002_20crop.jpg?v=1737937001;https://cdn.shopify.com/s/files/1/0618/4045/7924/files/Sweatshirt_20Essentalls_20Light_20Green_20rear.jpg?v=1737937001;https://cdn.shopify.com/s/files/1/0618/4045/7924/files/Sweatshirt_20Essentalls_20Light_20Green_20detail_2002.jpg?v=1737937001;https://cdn.shopify.com/s/files/1/0618/4045/7924/files/Sweatshirt_20Essentalls_20Light_20Green_20front_2002.jpg?v=1737937001;;;;"{""Fits Chest"": ""42-44\"""", ""chest_cm"": 114, ""front_length_cm"": 81, ""sleeve_length_cm"": 75}";"42-44""";114;81;75
prod_8155527512260;essentalls-tall-sweatshirt-light-green;Essentalls Tall Sweatshirt (light green);;"<div><ul>
<li>Essentalls Sweatshirts for tall men are made exclusively for 2tall.com.</li>
<li>Made with extra length in the body and arms.</li>
<li>Perfect for lounging or training.</li>
<li>Available in sizes MT to 3XLT. </li>
</ul></div>";published;;;;;;;;;;;;Sweat Shirts;;true;;;;44511740231876;2XLT;Essentalls Tall Sweatshirt (light green)-2XLT;;0;false;false;;;;;;;;;29.00;;Fit;2XLT;;;https://cdn.shopify.com/s/files/1/0618/4045/7924/files/Sweatshirt_20Essentalls_20Light_20Green_20front_2002_20crop.jpg?v=1737937001;https://cdn.shopify.com/s/files/1/0618/4045/7924/files/Sweatshirt_20Essentalls_20Light_20Green_20rear.jpg?v=1737937001;https://cdn.shopify.com/s/files/1/0618/4045/7924/files/Sweatshirt_20Essentalls_20Light_20Green_20detail_2002.jpg?v=1737937001;https://cdn.shopify.com/s/files/1/0618/4045/7924/files/Sweatshirt_20Essentalls_20Light_20Green_20front_2002.jpg?v=1737937001;;;;"{""Fits Chest"": ""44-46\"""", ""chest_cm"": 122, ""front_length_cm"": 81, ""sleeve_length_cm"": 75}";"44-46""";122;81;75
prod_8155527512260;essentalls-tall-sweatshirt-light-green;Essentalls Tall Sweatshirt (light green);;"<div><ul>
<li>Essentalls Sweatshirts for tall men are made exclusively for 2tall.com.</li>
<li>Made with extra length in the body and arms.</li>
<li>Perfect for lounging or training.</li>
<li>Available in sizes MT to 3XLT. </li>
</ul></div>";published;;;;;;;;;;;;Sweat Shirts;;true;;;;44511740264644;3XLT;Essentalls Tall Sweatshirt (light green)-3XLT;;0;false;false;;;;;;;;;29.00;;Fit;3XLT;;;https://cdn.shopify.com/s/files/1/0618/4045/7924/files/Sweatshirt_20Essentalls_20Light_20Green_20front_2002_20crop.jpg?v=1737937001;https://cdn.shopify.com/s/files/1/0618/4045/7924/files/Sweatshirt_20Essentalls_20Light_20Green_20rear.jpg?v=1737937001;https://cdn.shopify.com/s/files/1/0618/4045/7924/files/Sweatshirt_20Essentalls_20Light_20Green_20detail_2002.jpg?v=1737937001;https://cdn.shopify.com/s/files/1/0618/4045/7924/files/Sweatshirt_20Essentalls_20Light_20Green_20front_2002.jpg?v=1737937001;;;;"{""Fits Chest"": ""46-48\"""", ""chest_cm"": 126, ""front_length_cm"": 82, ""sleeve_length_cm"": 75}";"46-48""";126;82;75
prod_8119867375812;2t-aiden-regular-fit-tall-cargo-joggers-navy;2t Aiden Regular Fit Tall Cargo Joggers (navy);;"<div><ul>
<li>2t Aiden Slim Fit Extra Long Cargo Jogging Bottoms for tall men are made exclusively for 2tall.com.</li>
<li>Designed by us specifically to cater to tall, slim and athletic build guys.</li>
<li>Perfect for training and lounging</li>
<li>Zip up hem.</li>
<li>Side pockets with zip fastening.</li>
Cargo pockets on legs with zip up and velcro fastening.
<li>MT to 2XLT waist sizes available.</li>
<li>34, 36 and 38 inch inside leg lengths available.</li>
</ul></div>";published;;;;;;;;;;;;Joggers;;true;;;;44416210239684;MT / 34;2t Aiden Tall Cargo Joggers (navy)-MT-34;;0;false;false;;;;;;;;;49.00;;Fit;MT;;;https://cdn.shopify.com/s/files/1/0618/4045/7924/files/Joggers_202T_20Aiden_20Cargo_20Navy_20front_2001.jpg?v=1737936647;https://cdn.shopify.com/s/files/1/0618/4045/7924/files/Joggers_202T_20Aiden_20Cargo_20Navy_20rear.jpg?v=1737936647;https://cdn.shopify.com/s/files/1/0618/4045/7924/files/Joggers_202T_20Aiden_20Cargo_20Navy_20detail_2001.jpg?v=1737936647;https://cdn.shopify.com/s/files/1/0618/4045/7924/files/Joggers_202T_20Aiden_20Cargo_20Navy_20detail_2002.jpg?v=1737936647;https://cdn.shopify.com/s/files/1/0618/4045/7924/files/Joggers_202T_20Aiden_20Cargo_20Navy_20detail_2003.jpg?v=1737936647;https://cdn.shopify.com/s/files/1/0618/4045/7924/files/Joggers_202T_20Aiden_20Cargo_20Navy_20front_2002.jpg?v=1737936647;;"{""Fits Chest"": ""38-40\"""", ""chest_cm"": 104, ""front_length_cm"": 78, ""sleeve_length_cm"": 73}";"38-40""";104;78;73
prod_8119867375812;2t-aiden-regular-fit-tall-cargo-joggers-navy;2t Aiden Regular Fit Tall Cargo Joggers (navy);;"<div><ul>
<li>2t Aiden Slim Fit Extra Long Cargo Jogging Bottoms for tall men are made exclusively for 2tall.com.</li>
<li>Designed by us specifically to cater to tall, slim and athletic build guys.</li>
<li>Perfect for training and lounging</li>
<li>Zip up hem.</li>
<li>Side pockets with zip fastening.</li>
Cargo pockets on legs with zip up and velcro fastening.
<li>MT to 2XLT waist sizes available.</li>
<li>34, 36 and 38 inch inside leg lengths available.</li>
</ul></div>";published;;;;;;;;;;;;Joggers;;true;;;;44416210272452;MT / 36;2t Aiden Tall Cargo Joggers (navy)-MT-36;;0;false;false;;;;;;;;;49.00;;Fit;MT;;;https://cdn.shopify.com/s/files/1/0618/4045/7924/files/Joggers_202T_20Aiden_20Cargo_20Navy_20front_2001.jpg?v=1737936647;https://cdn.shopify.com/s/files/1/0618/4045/7924/files/Joggers_202T_20Aiden_20Cargo_20Navy_20rear.jpg?v=1737936647;https://cdn.shopify.com/s/files/1/0618/4045/7924/files/Joggers_202T_20Aiden_20Cargo_20Navy_20detail_2001.jpg?v=1737936647;https://cdn.shopify.com/s/files/1/0618/4045/7924/files/Joggers_202T_20Aiden_20Cargo_20Navy_20detail_2002.jpg?v=1737936647;https://cdn.shopify.com/s/files/1/0618/4045/7924/files/Joggers_202T_20Aiden_20Cargo_20Navy_20detail_2003.jpg?v=1737936647;https://cdn.shopify.com/s/files/1/0618/4045/7924/files/Joggers_202T_20Aiden_20Cargo_20Navy_20front_2002.jpg?v=1737936647;;"{""Fits Chest"": ""38-40\"""", ""chest_cm"": 104, ""front_length_cm"": 78, ""sleeve_length_cm"": 73}";"38-40""";104;78;73
prod_8119867375812;2t-aiden-regular-fit-tall-cargo-joggers-navy;2t Aiden Regular Fit Tall Cargo Joggers (navy);;"<div><ul>
<li>2t Aiden Slim Fit Extra Long Cargo Jogging Bottoms for tall men are made exclusively for 2tall.com.</li>
<li>Designed by us specifically to cater to tall, slim and athletic build guys.</li>
<li>Perfect for training and lounging</li>
<li>Zip up hem.</li>
<li>Side pockets with zip fastening.</li>
Cargo pockets on legs with zip up and velcro fastening.
<li>MT to 2XLT waist sizes available.</li>
<li>34, 36 and 38 inch inside leg lengths available.</li>
</ul></div>";published;;;;;;;;;;;;Joggers;;true;;;;44416210305220;MT / 38;2t Aiden Tall Cargo Joggers (navy)-MT-38;;0;false;false;;;;;;;;;49.00;;Fit;MT;;;https://cdn.shopify.com/s/files/1/0618/4045/7924/files/Joggers_202T_20Aiden_20Cargo_20Navy_20front_2001.jpg?v=1737936647;https://cdn.shopify.com/s/files/1/0618/4045/7924/files/Joggers_202T_20Aiden_20Cargo_20Navy_20rear.jpg?v=1737936647;https://cdn.shopify.com/s/files/1/0618/4045/7924/files/Joggers_202T_20Aiden_20Cargo_20Navy_20detail_2001.jpg?v=1737936647;https://cdn.shopify.com/s/files/1/0618/4045/7924/files/Joggers_202T_20Aiden_20Cargo_20Navy_20detail_2002.jpg?v=1737936647;https://cdn.shopify.com/s/files/1/0618/4045/7924/files/Joggers_202T_20Aiden_20Cargo_20Navy_20detail_2003.jpg?v=1737936647;https://cdn.shopify.com/s/files/1/0618/4045/7924/files/Joggers_202T_20Aiden_20Cargo_20Navy_20front_2002.jpg?v=1737936647;;"{""Fits Chest"": ""38-40\"""", ""chest_cm"": 104, ""front_length_cm"": 78, ""sleeve_length_cm"": 73}";"38-40""";104;78;73
prod_8119867375812;2t-aiden-regular-fit-tall-cargo-joggers-navy;2t Aiden Regular Fit Tall Cargo Joggers (navy);;"<div><ul>
<li>2t Aiden Slim Fit Extra Long Cargo Jogging Bottoms for tall men are made exclusively for 2tall.com.</li>
<li>Designed by us specifically to cater to tall, slim and athletic build guys.</li>
<li>Perfect for training and lounging</li>
<li>Zip up hem.</li>
<li>Side pockets with zip fastening.</li>
Cargo pockets on legs with zip up and velcro fastening.
<li>MT to 2XLT waist sizes available.</li>
<li>34, 36 and 38 inch inside leg lengths available.</li>
</ul></div>";published;;;;;;;;;;;;Joggers;;true;;;;44416210337988;LT / 34;2t Aiden Tall Cargo Joggers (navy)-LT-34;;0;false;false;;;;;;;;;49.00;;Fit;LT;;;https://cdn.shopify.com/s/files/1/0618/4045/7924/files/Joggers_202T_20Aiden_20Cargo_20Navy_20front_2001.jpg?v=1737936647;https://cdn.shopify.com/s/files/1/0618/4045/7924/files/Joggers_202T_20Aiden_20Cargo_20Navy_20rear.jpg?v=1737936647;https://cdn.shopify.com/s/files/1/0618/4045/7924/files/Joggers_202T_20Aiden_20Cargo_20Navy_20detail_2001.jpg?v=1737936647;https://cdn.shopify.com/s/files/1/0618/4045/7924/files/Joggers_202T_20Aiden_20Cargo_20Navy_20detail_2002.jpg?v=1737936647;https://cdn.shopify.com/s/files/1/0618/4045/7924/files/Joggers_202T_20Aiden_20Cargo_20Navy_20detail_2003.jpg?v=1737936647;https://cdn.shopify.com/s/files/1/0618/4045/7924/files/Joggers_202T_20Aiden_20Cargo_20Navy_20front_2002.jpg?v=1737936647;;"{""Fits Chest"": ""40-42\"""", ""chest_cm"": 110, ""front_length_cm"": 79, ""sleeve_length_cm"": 74}";"40-42""";110;79;74
prod_8119867375812;2t-aiden-regular-fit-tall-cargo-joggers-navy;2t Aiden Regular Fit Tall Cargo Joggers (navy);;"<div><ul>
<li>2t Aiden Slim Fit Extra Long Cargo Jogging Bottoms for tall men are made exclusively for 2tall.com.</li>
<li>Designed by us specifically to cater to tall, slim and athletic build guys.</li>
<li>Perfect for training and lounging</li>
<li>Zip up hem.</li>
<li>Side pockets with zip fastening.</li>
Cargo pockets on legs with zip up and velcro fastening.
<li>MT to 2XLT waist sizes available.</li>
<li>34, 36 and 38 inch inside leg lengths available.</li>
</ul></div>";published;;;;;;;;;;;;Joggers;;true;;;;44416210370756;LT / 36;2t Aiden Tall Cargo Joggers (navy)-LT-36;;0;false;false;;;;;;;;;49.00;;Fit;LT;;;https://cdn.shopify.com/s/files/1/0618/4045/7924/files/Joggers_202T_20Aiden_20Cargo_20Navy_20front_2001.jpg?v=1737936647;https://cdn.shopify.com/s/files/1/0618/4045/7924/files/Joggers_202T_20Aiden_20Cargo_20Navy_20rear.jpg?v=1737936647;https://cdn.shopify.com/s/files/1/0618/4045/7924/files/Joggers_202T_20Aiden_20Cargo_20Navy_20detail_2001.jpg?v=1737936647;https://cdn.shopify.com/s/files/1/0618/4045/7924/files/Joggers_202T_20Aiden_20Cargo_20Navy_20detail_2002.jpg?v=1737936647;https://cdn.shopify.com/s/files/1/0618/4045/7924/files/Joggers_202T_20Aiden_20Cargo_20Navy_20detail_2003.jpg?v=1737936647;https://cdn.shopify.com/s/files/1/0618/4045/7924/files/Joggers_202T_20Aiden_20Cargo_20Navy_20front_2002.jpg?v=1737936647;;"{""Fits Chest"": ""40-42\"""", ""chest_cm"": 110, ""front_length_cm"": 79, ""sleeve_length_cm"": 74}";"40-42""";110;79;74
prod_8119867375812;2t-aiden-regular-fit-tall-cargo-joggers-navy;2t Aiden Regular Fit Tall Cargo Joggers (navy);;"<div><ul>
<li>2t Aiden Slim Fit Extra Long Cargo Jogging Bottoms for tall men are made exclusively for 2tall.com.</li>
<li>Designed by us specifically to cater to tall, slim and athletic build guys.</li>
<li>Perfect for training and lounging</li>
<li>Zip up hem.</li>
<li>Side pockets with zip fastening.</li>
Cargo pockets on legs with zip up and velcro fastening.
<li>MT to 2XLT waist sizes available.</li>
<li>34, 36 and 38 inch inside leg lengths available.</li>
</ul></div>";published;;;;;;;;;;;;Joggers;;true;;;;44416210403524;LT / 38;2t Aiden Tall Cargo Joggers (navy)-LT-38;;0;false;false;;;;;;;;;49.00;;Fit;LT;;;https://cdn.shopify.com/s/files/1/0618/4045/7924/files/Joggers_202T_20Aiden_20Cargo_20Navy_20front_2001.jpg?v=1737936647;https://cdn.shopify.com/s/files/1/0618/4045/7924/files/Joggers_202T_20Aiden_20Cargo_20Navy_20rear.jpg?v=1737936647;https://cdn.shopify.com/s/files/1/0618/4045/7924/files/Joggers_202T_20Aiden_20Cargo_20Navy_20detail_2001.jpg?v=1737936647;https://cdn.shopify.com/s/files/1/0618/4045/7924/files/Joggers_202T_20Aiden_20Cargo_20Navy_20detail_2002.jpg?v=1737936647;https://cdn.shopify.com/s/files/1/0618/4045/7924/files/Joggers_202T_20Aiden_20Cargo_20Navy_20detail_2003.jpg?v=1737936647;https://cdn.shopify.com/s/files/1/0618/4045/7924/files/Joggers_202T_20Aiden_20Cargo_20Navy_20front_2002.jpg?v=1737936647;;"{""Fits Chest"": ""40-42\"""", ""chest_cm"": 110, ""front_length_cm"": 79, ""sleeve_length_cm"": 74}";"40-42""";110;79;74
prod_8119867375812;2t-aiden-regular-fit-tall-cargo-joggers-navy;2t Aiden Regular Fit Tall Cargo Joggers (navy);;"<div><ul>
<li>2t Aiden Slim Fit Extra Long Cargo Jogging Bottoms for tall men are made exclusively for 2tall.com.</li>
<li>Designed by us specifically to cater to tall, slim and athletic build guys.</li>
<li>Perfect for training and lounging</li>
<li>Zip up hem.</li>
<li>Side pockets with zip fastening.</li>
Cargo pockets on legs with zip up and velcro fastening.
<li>MT to 2XLT waist sizes available.</li>
<li>34, 36 and 38 inch inside leg lengths available.</li>
</ul></div>";published;;;;;;;;;;;;Joggers;;true;;;;44416210436292;XLT / 34;2t Aiden Tall Cargo Joggers (navy)-XLT-34;;0;false;false;;;;;;;;;49.00;;Fit;XLT;;;https://cdn.shopify.com/s/files/1/0618/4045/7924/files/Joggers_202T_20Aiden_20Cargo_20Navy_20front_2001.jpg?v=1737936647;https://cdn.shopify.com/s/files/1/0618/4045/7924/files/Joggers_202T_20Aiden_20Cargo_20Navy_20rear.jpg?v=1737936647;https://cdn.shopify.com/s/files/1/0618/4045/7924/files/Joggers_202T_20Aiden_20Cargo_20Navy_20detail_2001.jpg?v=1737936647;https://cdn.shopify.com/s/files/1/0618/4045/7924/files/Joggers_202T_20Aiden_20Cargo_20Navy_20detail_2002.jpg?v=1737936647;https://cdn.shopify.com/s/files/1/0618/4045/7924/files/Joggers_202T_20Aiden_20Cargo_20Navy_20detail_2003.jpg?v=1737936647;https://cdn.shopify.com/s/files/1/0618/4045/7924/files/Joggers_202T_20Aiden_20Cargo_20Navy_20front_2002.jpg?v=1737936647;;"{""Fits Chest"": ""42-44\"""", ""chest_cm"": 114, ""front_length_cm"": 81, ""sleeve_length_cm"": 75}";"42-44""";114;81;75
prod_8119867375812;2t-aiden-regular-fit-tall-cargo-joggers-navy;2t Aiden Regular Fit Tall Cargo Joggers (navy);;"<div><ul>
<li>2t Aiden Slim Fit Extra Long Cargo Jogging Bottoms for tall men are made exclusively for 2tall.com.</li>
<li>Designed by us specifically to cater to tall, slim and athletic build guys.</li>
<li>Perfect for training and lounging</li>
<li>Zip up hem.</li>
<li>Side pockets with zip fastening.</li>
Cargo pockets on legs with zip up and velcro fastening.
<li>MT to 2XLT waist sizes available.</li>
<li>34, 36 and 38 inch inside leg lengths available.</li>
</ul></div>";published;;;;;;;;;;;;Joggers;;true;;;;44416210469060;XLT / 36;2t Aiden Tall Cargo Joggers (navy)-XLT-36;;0;false;false;;;;;;;;;49.00;;Fit;XLT;;;https://cdn.shopify.com/s/files/1/0618/4045/7924/files/Joggers_202T_20Aiden_20Cargo_20Navy_20front_2001.jpg?v=1737936647;https://cdn.shopify.com/s/files/1/0618/4045/7924/files/Joggers_202T_20Aiden_20Cargo_20Navy_20rear.jpg?v=1737936647;https://cdn.shopify.com/s/files/1/0618/4045/7924/files/Joggers_202T_20Aiden_20Cargo_20Navy_20detail_2001.jpg?v=1737936647;https://cdn.shopify.com/s/files/1/0618/4045/7924/files/Joggers_202T_20Aiden_20Cargo_20Navy_20detail_2002.jpg?v=1737936647;https://cdn.shopify.com/s/files/1/0618/4045/7924/files/Joggers_202T_20Aiden_20Cargo_20Navy_20detail_2003.jpg?v=1737936647;https://cdn.shopify.com/s/files/1/0618/4045/7924/files/Joggers_202T_20Aiden_20Cargo_20Navy_20front_2002.jpg?v=1737936647;;"{""Fits Chest"": ""42-44\"""", ""chest_cm"": 114, ""front_length_cm"": 81, ""sleeve_length_cm"": 75}";"42-44""";114;81;75
prod_8119867375812;2t-aiden-regular-fit-tall-cargo-joggers-navy;2t Aiden Regular Fit Tall Cargo Joggers (navy);;"<div><ul>
<li>2t Aiden Slim Fit Extra Long Cargo Jogging Bottoms for tall men are made exclusively for 2tall.com.</li>
<li>Designed by us specifically to cater to tall, slim and athletic build guys.</li>
<li>Perfect for training and lounging</li>
<li>Zip up hem.</li>
<li>Side pockets with zip fastening.</li>
Cargo pockets on legs with zip up and velcro fastening.
<li>MT to 2XLT waist sizes available.</li>
<li>34, 36 and 38 inch inside leg lengths available.</li>
</ul></div>";published;;;;;;;;;;;;Joggers;;true;;;;44416210501828;XLT / 38;2t Aiden Tall Cargo Joggers (navy)-XLT-38;;0;false;false;;;;;;;;;49.00;;Fit;XLT;;;https://cdn.shopify.com/s/files/1/0618/4045/7924/files/Joggers_202T_20Aiden_20Cargo_20Navy_20front_2001.jpg?v=1737936647;https://cdn.shopify.com/s/files/1/0618/4045/7924/files/Joggers_202T_20Aiden_20Cargo_20Navy_20rear.jpg?v=1737936647;https://cdn.shopify.com/s/files/1/0618/4045/7924/files/Joggers_202T_20Aiden_20Cargo_20Navy_20detail_2001.jpg?v=1737936647;https://cdn.shopify.com/s/files/1/0618/4045/7924/files/Joggers_202T_20Aiden_20Cargo_20Navy_20detail_2002.jpg?v=1737936647;https://cdn.shopify.com/s/files/1/0618/4045/7924/files/Joggers_202T_20Aiden_20Cargo_20Navy_20detail_2003.jpg?v=1737936647;https://cdn.shopify.com/s/files/1/0618/4045/7924/files/Joggers_202T_20Aiden_20Cargo_20Navy_20front_2002.jpg?v=1737936647;;"{""Fits Chest"": ""42-44\"""", ""chest_cm"": 114, ""front_length_cm"": 81, ""sleeve_length_cm"": 75}";"42-44""";114;81;75
prod_8119867375812;2t-aiden-regular-fit-tall-cargo-joggers-navy;2t Aiden Regular Fit Tall Cargo Joggers (navy);;"<div><ul>
<li>2t Aiden Slim Fit Extra Long Cargo Jogging Bottoms for tall men are made exclusively for 2tall.com.</li>
<li>Designed by us specifically to cater to tall, slim and athletic build guys.</li>
<li>Perfect for training and lounging</li>
<li>Zip up hem.</li>
<li>Side pockets with zip fastening.</li>
Cargo pockets on legs with zip up and velcro fastening.
<li>MT to 2XLT waist sizes available.</li>
<li>34, 36 and 38 inch inside leg lengths available.</li>
</ul></div>";published;;;;;;;;;;;;Joggers;;true;;;;44416210534596;2XLT / 34;2t Aiden Tall Cargo Joggers (navy)-2XLT-34;;0;false;false;;;;;;;;;49.00;;Fit;2XLT;;;https://cdn.shopify.com/s/files/1/0618/4045/7924/files/Joggers_202T_20Aiden_20Cargo_20Navy_20front_2001.jpg?v=1737936647;https://cdn.shopify.com/s/files/1/0618/4045/7924/files/Joggers_202T_20Aiden_20Cargo_20Navy_20rear.jpg?v=1737936647;https://cdn.shopify.com/s/files/1/0618/4045/7924/files/Joggers_202T_20Aiden_20Cargo_20Navy_20detail_2001.jpg?v=1737936647;https://cdn.shopify.com/s/files/1/0618/4045/7924/files/Joggers_202T_20Aiden_20Cargo_20Navy_20detail_2002.jpg?v=1737936647;https://cdn.shopify.com/s/files/1/0618/4045/7924/files/Joggers_202T_20Aiden_20Cargo_20Navy_20detail_2003.jpg?v=1737936647;https://cdn.shopify.com/s/files/1/0618/4045/7924/files/Joggers_202T_20Aiden_20Cargo_20Navy_20front_2002.jpg?v=1737936647;;"{""Fits Chest"": ""44-46\"""", ""chest_cm"": 122, ""front_length_cm"": 81, ""sleeve_length_cm"": 75}";"44-46""";122;81;75
prod_8119867375812;2t-aiden-regular-fit-tall-cargo-joggers-navy;2t Aiden Regular Fit Tall Cargo Joggers (navy);;"<div><ul>
<li>2t Aiden Slim Fit Extra Long Cargo Jogging Bottoms for tall men are made exclusively for 2tall.com.</li>
<li>Designed by us specifically to cater to tall, slim and athletic build guys.</li>
<li>Perfect for training and lounging</li>
<li>Zip up hem.</li>
<li>Side pockets with zip fastening.</li>
Cargo pockets on legs with zip up and velcro fastening.
<li>MT to 2XLT waist sizes available.</li>
<li>34, 36 and 38 inch inside leg lengths available.</li>
</ul></div>";published;;;;;;;;;;;;Joggers;;true;;;;44416210567364;2XLT / 36;2t Aiden Tall Cargo Joggers (navy)-2XLT-36;;0;false;false;;;;;;;;;49.00;;Fit;2XLT;;;https://cdn.shopify.com/s/files/1/0618/4045/7924/files/Joggers_202T_20Aiden_20Cargo_20Navy_20front_2001.jpg?v=1737936647;https://cdn.shopify.com/s/files/1/0618/4045/7924/files/Joggers_202T_20Aiden_20Cargo_20Navy_20rear.jpg?v=1737936647;https://cdn.shopify.com/s/files/1/0618/4045/7924/files/Joggers_202T_20Aiden_20Cargo_20Navy_20detail_2001.jpg?v=1737936647;https://cdn.shopify.com/s/files/1/0618/4045/7924/files/Joggers_202T_20Aiden_20Cargo_20Navy_20detail_2002.jpg?v=1737936647;https://cdn.shopify.com/s/files/1/0618/4045/7924/files/Joggers_202T_20Aiden_20Cargo_20Navy_20detail_2003.jpg?v=1737936647;https://cdn.shopify.com/s/files/1/0618/4045/7924/files/Joggers_202T_20Aiden_20Cargo_20Navy_20front_2002.jpg?v=1737936647;;"{""Fits Chest"": ""44-46\"""", ""chest_cm"": 122, ""front_length_cm"": 81, ""sleeve_length_cm"": 75}";"44-46""";122;81;75
prod_8119867375812;2t-aiden-regular-fit-tall-cargo-joggers-navy;2t Aiden Regular Fit Tall Cargo Joggers (navy);;"<div><ul>
<li>2t Aiden Slim Fit Extra Long Cargo Jogging Bottoms for tall men are made exclusively for 2tall.com.</li>
<li>Designed by us specifically to cater to tall, slim and athletic build guys.</li>
<li>Perfect for training and lounging</li>
<li>Zip up hem.</li>
<li>Side pockets with zip fastening.</li>
Cargo pockets on legs with zip up and velcro fastening.
<li>MT to 2XLT waist sizes available.</li>
<li>34, 36 and 38 inch inside leg lengths available.</li>
</ul></div>";published;;;;;;;;;;;;Joggers;;true;;;;44416210600132;2XLT / 38;2t Aiden Tall Cargo Joggers (navy)-2XLT-38;;0;false;false;;;;;;;;;49.00;;Fit;2XLT;;;https://cdn.shopify.com/s/files/1/0618/4045/7924/files/Joggers_202T_20Aiden_20Cargo_20Navy_20front_2001.jpg?v=1737936647;https://cdn.shopify.com/s/files/1/0618/4045/7924/files/Joggers_202T_20Aiden_20Cargo_20Navy_20rear.jpg?v=1737936647;https://cdn.shopify.com/s/files/1/0618/4045/7924/files/Joggers_202T_20Aiden_20Cargo_20Navy_20detail_2001.jpg?v=1737936647;https://cdn.shopify.com/s/files/1/0618/4045/7924/files/Joggers_202T_20Aiden_20Cargo_20Navy_20detail_2002.jpg?v=1737936647;https://cdn.shopify.com/s/files/1/0618/4045/7924/files/Joggers_202T_20Aiden_20Cargo_20Navy_20detail_2003.jpg?v=1737936647;https://cdn.shopify.com/s/files/1/0618/4045/7924/files/Joggers_202T_20Aiden_20Cargo_20Navy_20front_2002.jpg?v=1737936647;;"{""Fits Chest"": ""44-46\"""", ""chest_cm"": 122, ""front_length_cm"": 81, ""sleeve_length_cm"": 75}";"44-46""";122;81;75
prod_8155525906628;essentalls-tall-sweatshirt-navy;Essentalls Tall Sweatshirt (navy);;"<div><ul>
<li>Essentalls Sweatshirts for tall men are made exclusively for 2tall.com.</li>
<li>Made with extra length in the body and arms.</li>
<li>Perfect for lounging or training.</li>
<li>Available in sizes MT to 3XLT. </li>
</ul></div>";published;;;;;;;;;;;;Sweat Shirts;;true;;;;44511725125828;MT;Essentalls Tall Sweatshirt (navy)-MT;;0;false;false;;;;;;;;;29.00;;Fit;MT;;;https://cdn.shopify.com/s/files/1/0618/4045/7924/files/Sweatshirt_20Essentalls_20Navy_20front_2001.jpg?v=1737936520;https://cdn.shopify.com/s/files/1/0618/4045/7924/files/Sweatshirt_20Essentalls_20Navy_20rear.jpg?v=1737936520;https://cdn.shopify.com/s/files/1/0618/4045/7924/files/Sweatshirt_20Essentalls_20Navy_20detail_2001.jpg?v=1737936520;https://cdn.shopify.com/s/files/1/0618/4045/7924/files/Sweatshirt_20Essentalls_20Navy_20detail_2002.jpg?v=1737936520;https://cdn.shopify.com/s/files/1/0618/4045/7924/files/Sweatshirt_20Essentalls_20Navy_20front_2002.jpg?v=1737936520;;;"{""Fits Chest"": ""38-40\"""", ""chest_cm"": 104, ""front_length_cm"": 78, ""sleeve_length_cm"": 73}";"38-40""";104;78;73
prod_8155525906628;essentalls-tall-sweatshirt-navy;Essentalls Tall Sweatshirt (navy);;"<div><ul>
<li>Essentalls Sweatshirts for tall men are made exclusively for 2tall.com.</li>
<li>Made with extra length in the body and arms.</li>
<li>Perfect for lounging or training.</li>
<li>Available in sizes MT to 3XLT. </li>
</ul></div>";published;;;;;;;;;;;;Sweat Shirts;;true;;;;44511725158596;LT;Essentalls Tall Sweatshirt (navy)-LT;;0;false;false;;;;;;;;;29.00;;Fit;LT;;;https://cdn.shopify.com/s/files/1/0618/4045/7924/files/Sweatshirt_20Essentalls_20Navy_20front_2001.jpg?v=1737936520;https://cdn.shopify.com/s/files/1/0618/4045/7924/files/Sweatshirt_20Essentalls_20Navy_20rear.jpg?v=1737936520;https://cdn.shopify.com/s/files/1/0618/4045/7924/files/Sweatshirt_20Essentalls_20Navy_20detail_2001.jpg?v=1737936520;https://cdn.shopify.com/s/files/1/0618/4045/7924/files/Sweatshirt_20Essentalls_20Navy_20detail_2002.jpg?v=1737936520;https://cdn.shopify.com/s/files/1/0618/4045/7924/files/Sweatshirt_20Essentalls_20Navy_20front_2002.jpg?v=1737936520;;;"{""Fits Chest"": ""40-42\"""", ""chest_cm"": 110, ""front_length_cm"": 79, ""sleeve_length_cm"": 74}";"40-42""";110;79;74
prod_8155525906628;essentalls-tall-sweatshirt-navy;Essentalls Tall Sweatshirt (navy);;"<div><ul>
<li>Essentalls Sweatshirts for tall men are made exclusively for 2tall.com.</li>
<li>Made with extra length in the body and arms.</li>
<li>Perfect for lounging or training.</li>
<li>Available in sizes MT to 3XLT. </li>
</ul></div>";published;;;;;;;;;;;;Sweat Shirts;;true;;;;44511725191364;XLT;Essentalls Tall Sweatshirt (navy)-XLT;;0;false;false;;;;;;;;;29.00;;Fit;XLT;;;https://cdn.shopify.com/s/files/1/0618/4045/7924/files/Sweatshirt_20Essentalls_20Navy_20front_2001.jpg?v=1737936520;https://cdn.shopify.com/s/files/1/0618/4045/7924/files/Sweatshirt_20Essentalls_20Navy_20rear.jpg?v=1737936520;https://cdn.shopify.com/s/files/1/0618/4045/7924/files/Sweatshirt_20Essentalls_20Navy_20detail_2001.jpg?v=1737936520;https://cdn.shopify.com/s/files/1/0618/4045/7924/files/Sweatshirt_20Essentalls_20Navy_20detail_2002.jpg?v=1737936520;https://cdn.shopify.com/s/files/1/0618/4045/7924/files/Sweatshirt_20Essentalls_20Navy_20front_2002.jpg?v=1737936520;;;"{""Fits Chest"": ""42-44\"""", ""chest_cm"": 114, ""front_length_cm"": 81, ""sleeve_length_cm"": 75}";"42-44""";114;81;75
prod_8155525906628;essentalls-tall-sweatshirt-navy;Essentalls Tall Sweatshirt (navy);;"<div><ul>
<li>Essentalls Sweatshirts for tall men are made exclusively for 2tall.com.</li>
<li>Made with extra length in the body and arms.</li>
<li>Perfect for lounging or training.</li>
<li>Available in sizes MT to 3XLT. </li>
</ul></div>";published;;;;;;;;;;;;Sweat Shirts;;true;;;;44511725224132;2XLT;Essentalls Tall Sweatshirt (navy)-2XLT;;0;false;false;;;;;;;;;29.00;;Fit;2XLT;;;https://cdn.shopify.com/s/files/1/0618/4045/7924/files/Sweatshirt_20Essentalls_20Navy_20front_2001.jpg?v=1737936520;https://cdn.shopify.com/s/files/1/0618/4045/7924/files/Sweatshirt_20Essentalls_20Navy_20rear.jpg?v=1737936520;https://cdn.shopify.com/s/files/1/0618/4045/7924/files/Sweatshirt_20Essentalls_20Navy_20detail_2001.jpg?v=1737936520;https://cdn.shopify.com/s/files/1/0618/4045/7924/files/Sweatshirt_20Essentalls_20Navy_20detail_2002.jpg?v=1737936520;https://cdn.shopify.com/s/files/1/0618/4045/7924/files/Sweatshirt_20Essentalls_20Navy_20front_2002.jpg?v=1737936520;;;"{""Fits Chest"": ""44-46\"""", ""chest_cm"": 122, ""front_length_cm"": 81, ""sleeve_length_cm"": 75}";"44-46""";122;81;75
prod_8155525906628;essentalls-tall-sweatshirt-navy;Essentalls Tall Sweatshirt (navy);;"<div><ul>
<li>Essentalls Sweatshirts for tall men are made exclusively for 2tall.com.</li>
<li>Made with extra length in the body and arms.</li>
<li>Perfect for lounging or training.</li>
<li>Available in sizes MT to 3XLT. </li>
</ul></div>";published;;;;;;;;;;;;Sweat Shirts;;true;;;;44511725256900;3XLT;Essentalls Tall Sweatshirt (navy)-3XLT;;0;false;false;;;;;;;;;29.00;;Fit;3XLT;;;https://cdn.shopify.com/s/files/1/0618/4045/7924/files/Sweatshirt_20Essentalls_20Navy_20front_2001.jpg?v=1737936520;https://cdn.shopify.com/s/files/1/0618/4045/7924/files/Sweatshirt_20Essentalls_20Navy_20rear.jpg?v=1737936520;https://cdn.shopify.com/s/files/1/0618/4045/7924/files/Sweatshirt_20Essentalls_20Navy_20detail_2001.jpg?v=1737936520;https://cdn.shopify.com/s/files/1/0618/4045/7924/files/Sweatshirt_20Essentalls_20Navy_20detail_2002.jpg?v=1737936520;https://cdn.shopify.com/s/files/1/0618/4045/7924/files/Sweatshirt_20Essentalls_20Navy_20front_2002.jpg?v=1737936520;;;"{""Fits Chest"": ""46-48\"""", ""chest_cm"": 126, ""front_length_cm"": 82, ""sleeve_length_cm"": 75}";"46-48""";126;82;75
prod_7507930448068;2t-slim-fit-long-sleeve-tall-checked-shirt-red-navy;2t Slim Fit Long Sleeve Tall Checked Shirt (red/navy);;"<div><ul>
<li>Made exclusively for 2tall.com.</li>
<li>Designed by tall men to create the perfect fit.</li>
<li>Slim fit shirt with a fitted torso.</li>
<li>Longer length in the body and sleeves.</li>
<li>Button placket.</li>
<li>Button down collar.</li>
</ul></div>";published;;;;;;;;;;;;Shirts;;true;;;;42616889868484;MT;2t Slim Fit Long Sleeve Tall Checked Shirt (red/navy)-MT;;0;false;false;;;;;;;;;30.00;;Fit;MT;;;https://cdn.shopify.com/s/files/1/0618/4045/7924/files/shirt_2tall_l60_red_check_front.jpg?v=1700881189;https://cdn.shopify.com/s/files/1/0618/4045/7924/files/shirt_2tall_l60_red_check_rear.jpg?v=1700881189;https://cdn.shopify.com/s/files/1/0618/4045/7924/files/shirt_2tall_l60_red_check_detail.jpg?v=1700881189;https://cdn.shopify.com/s/files/1/0618/4045/7924/files/shirt_2tall_l60_red_check_ls.jpg?v=1700881189;;;;"{""Fits Chest"": ""38-40\"""", ""chest_cm"": 104, ""front_length_cm"": 78, ""sleeve_length_cm"": 73}";"38-40""";104;78;73
prod_7507930448068;2t-slim-fit-long-sleeve-tall-checked-shirt-red-navy;2t Slim Fit Long Sleeve Tall Checked Shirt (red/navy);;"<div><ul>
<li>Made exclusively for 2tall.com.</li>
<li>Designed by tall men to create the perfect fit.</li>
<li>Slim fit shirt with a fitted torso.</li>
<li>Longer length in the body and sleeves.</li>
<li>Button placket.</li>
<li>Button down collar.</li>
</ul></div>";published;;;;;;;;;;;;Shirts;;true;;;;42616889901252;LT;2t Slim Fit Long Sleeve Tall Checked Shirt (red/navy)-LT;;0;false;false;;;;;;;;;30.00;;Fit;LT;;;https://cdn.shopify.com/s/files/1/0618/4045/7924/files/shirt_2tall_l60_red_check_front.jpg?v=1700881189;https://cdn.shopify.com/s/files/1/0618/4045/7924/files/shirt_2tall_l60_red_check_rear.jpg?v=1700881189;https://cdn.shopify.com/s/files/1/0618/4045/7924/files/shirt_2tall_l60_red_check_detail.jpg?v=1700881189;https://cdn.shopify.com/s/files/1/0618/4045/7924/files/shirt_2tall_l60_red_check_ls.jpg?v=1700881189;;;;"{""Fits Chest"": ""40-42\"""", ""chest_cm"": 110, ""front_length_cm"": 79, ""sleeve_length_cm"": 74}";"40-42""";110;79;74
prod_7507930448068;2t-slim-fit-long-sleeve-tall-checked-shirt-red-navy;2t Slim Fit Long Sleeve Tall Checked Shirt (red/navy);;"<div><ul>
<li>Made exclusively for 2tall.com.</li>
<li>Designed by tall men to create the perfect fit.</li>
<li>Slim fit shirt with a fitted torso.</li>
<li>Longer length in the body and sleeves.</li>
<li>Button placket.</li>
<li>Button down collar.</li>
</ul></div>";published;;;;;;;;;;;;Shirts;;true;;;;42616889934020;XLT;2t Slim Fit Long Sleeve Tall Checked Shirt (red/navy)-XLT;;0;false;false;;;;;;;;;30.00;;Fit;XLT;;;https://cdn.shopify.com/s/files/1/0618/4045/7924/files/shirt_2tall_l60_red_check_front.jpg?v=1700881189;https://cdn.shopify.com/s/files/1/0618/4045/7924/files/shirt_2tall_l60_red_check_rear.jpg?v=1700881189;https://cdn.shopify.com/s/files/1/0618/4045/7924/files/shirt_2tall_l60_red_check_detail.jpg?v=1700881189;https://cdn.shopify.com/s/files/1/0618/4045/7924/files/shirt_2tall_l60_red_check_ls.jpg?v=1700881189;;;;"{""Fits Chest"": ""42-44\"""", ""chest_cm"": 114, ""front_length_cm"": 81, ""sleeve_length_cm"": 75}";"42-44""";114;81;75
prod_7507930448068;2t-slim-fit-long-sleeve-tall-checked-shirt-red-navy;2t Slim Fit Long Sleeve Tall Checked Shirt (red/navy);;"<div><ul>
<li>Made exclusively for 2tall.com.</li>
<li>Designed by tall men to create the perfect fit.</li>
<li>Slim fit shirt with a fitted torso.</li>
<li>Longer length in the body and sleeves.</li>
<li>Button placket.</li>
<li>Button down collar.</li>
</ul></div>";published;;;;;;;;;;;;Shirts;;true;;;;42616889966788;2XLT;2t Slim Fit Long Sleeve Tall Checked Shirt (red/navy)-2XLT;;0;false;false;;;;;;;;;30.00;;Fit;2XLT;;;https://cdn.shopify.com/s/files/1/0618/4045/7924/files/shirt_2tall_l60_red_check_front.jpg?v=1700881189;https://cdn.shopify.com/s/files/1/0618/4045/7924/files/shirt_2tall_l60_red_check_rear.jpg?v=1700881189;https://cdn.shopify.com/s/files/1/0618/4045/7924/files/shirt_2tall_l60_red_check_detail.jpg?v=1700881189;https://cdn.shopify.com/s/files/1/0618/4045/7924/files/shirt_2tall_l60_red_check_ls.jpg?v=1700881189;;;;"{""Fits Chest"": ""44-46\"""", ""chest_cm"": 122, ""front_length_cm"": 81, ""sleeve_length_cm"": 75}";"44-46""";122;81;75
prod_7507930448068;2t-slim-fit-long-sleeve-tall-checked-shirt-red-navy;2t Slim Fit Long Sleeve Tall Checked Shirt (red/navy);;"<div><ul>
<li>Made exclusively for 2tall.com.</li>
<li>Designed by tall men to create the perfect fit.</li>
<li>Slim fit shirt with a fitted torso.</li>
<li>Longer length in the body and sleeves.</li>
<li>Button placket.</li>
<li>Button down collar.</li>
</ul></div>";published;;;;;;;;;;;;Shirts;;true;;;;42616889999556;3XLT;2t Slim Fit Long Sleeve Tall Checked Shirt (red/navy)-3XLT;;0;false;false;;;;;;;;;30.00;;Fit;3XLT;;;https://cdn.shopify.com/s/files/1/0618/4045/7924/files/shirt_2tall_l60_red_check_front.jpg?v=1700881189;https://cdn.shopify.com/s/files/1/0618/4045/7924/files/shirt_2tall_l60_red_check_rear.jpg?v=1700881189;https://cdn.shopify.com/s/files/1/0618/4045/7924/files/shirt_2tall_l60_red_check_detail.jpg?v=1700881189;https://cdn.shopify.com/s/files/1/0618/4045/7924/files/shirt_2tall_l60_red_check_ls.jpg?v=1700881189;;;;"{""Fits Chest"": ""46-48\"""", ""chest_cm"": 126, ""front_length_cm"": 82, ""sleeve_length_cm"": 75}";"46-48""";126;82;75
prod_8166456983748;parell-evolve-tall-pullover-hoodie-titanium-blue;Parell Evolve Tall Pullover Hoodie (titanium blue);;"<div><ul>
<li>Parell Evolve Oversized Pullover Hoodie for tall men.</li>
<li>Designed to specifically cater to tall, slim and athletic build guys.</li>
<li>Made with extra length in the body and arms.</li>
<li>Parell branded rubber back print.</li>
<li>Available in sizes MT to 3XLT. </li>
</ul></div>";published;;;;;;;;;;;;Hoodies;;true;;;;44554400825540;MT;Parell Evolve Tall Pullover Hoodie (titanium blue)-MT;;0;false;false;;;;;;;;;55.00;;Fit;MT;;;https://cdn.shopify.com/s/files/1/0618/4045/7924/files/Evolve-Hoodie-Titanium-Blue-1.jpg?v=1737711309;https://cdn.shopify.com/s/files/1/0618/4045/7924/files/Evolve-Hoodie-Titanium-Blue-2.jpg?v=1737711309;https://cdn.shopify.com/s/files/1/0618/4045/7924/files/Evolve-Hoodie-Titanium-Blue-3.jpg?v=1737711309;https://cdn.shopify.com/s/files/1/0618/4045/7924/files/Evolve-Hoodie-Titanium-Blue-4.jpg?v=1737711413;;;;"{""Fits Chest"": ""38-40\"""", ""chest_cm"": 104, ""front_length_cm"": 78, ""sleeve_length_cm"": 73}";"38-40""";104;78;73
prod_8166456983748;parell-evolve-tall-pullover-hoodie-titanium-blue;Parell Evolve Tall Pullover Hoodie (titanium blue);;"<div><ul>
<li>Parell Evolve Oversized Pullover Hoodie for tall men.</li>
<li>Designed to specifically cater to tall, slim and athletic build guys.</li>
<li>Made with extra length in the body and arms.</li>
<li>Parell branded rubber back print.</li>
<li>Available in sizes MT to 3XLT. </li>
</ul></div>";published;;;;;;;;;;;;Hoodies;;true;;;;44554400858308;LT;Parell Evolve Tall Pullover Hoodie (titanium blue)-LT;;0;false;false;;;;;;;;;55.00;;Fit;LT;;;https://cdn.shopify.com/s/files/1/0618/4045/7924/files/Evolve-Hoodie-Titanium-Blue-1.jpg?v=1737711309;https://cdn.shopify.com/s/files/1/0618/4045/7924/files/Evolve-Hoodie-Titanium-Blue-2.jpg?v=1737711309;https://cdn.shopify.com/s/files/1/0618/4045/7924/files/Evolve-Hoodie-Titanium-Blue-3.jpg?v=1737711309;https://cdn.shopify.com/s/files/1/0618/4045/7924/files/Evolve-Hoodie-Titanium-Blue-4.jpg?v=1737711413;;;;"{""Fits Chest"": ""40-42\"""", ""chest_cm"": 110, ""front_length_cm"": 79, ""sleeve_length_cm"": 74}";"40-42""";110;79;74
prod_8166456983748;parell-evolve-tall-pullover-hoodie-titanium-blue;Parell Evolve Tall Pullover Hoodie (titanium blue);;"<div><ul>
<li>Parell Evolve Oversized Pullover Hoodie for tall men.</li>
<li>Designed to specifically cater to tall, slim and athletic build guys.</li>
<li>Made with extra length in the body and arms.</li>
<li>Parell branded rubber back print.</li>
<li>Available in sizes MT to 3XLT. </li>
</ul></div>";published;;;;;;;;;;;;Hoodies;;true;;;;44554400891076;XLT;Parell Evolve Tall Pullover Hoodie (titanium blue)-XLT;;0;false;false;;;;;;;;;55.00;;Fit;XLT;;;https://cdn.shopify.com/s/files/1/0618/4045/7924/files/Evolve-Hoodie-Titanium-Blue-1.jpg?v=1737711309;https://cdn.shopify.com/s/files/1/0618/4045/7924/files/Evolve-Hoodie-Titanium-Blue-2.jpg?v=1737711309;https://cdn.shopify.com/s/files/1/0618/4045/7924/files/Evolve-Hoodie-Titanium-Blue-3.jpg?v=1737711309;https://cdn.shopify.com/s/files/1/0618/4045/7924/files/Evolve-Hoodie-Titanium-Blue-4.jpg?v=1737711413;;;;"{""Fits Chest"": ""42-44\"""", ""chest_cm"": 114, ""front_length_cm"": 81, ""sleeve_length_cm"": 75}";"42-44""";114;81;75
prod_8166456983748;parell-evolve-tall-pullover-hoodie-titanium-blue;Parell Evolve Tall Pullover Hoodie (titanium blue);;"<div><ul>
<li>Parell Evolve Oversized Pullover Hoodie for tall men.</li>
<li>Designed to specifically cater to tall, slim and athletic build guys.</li>
<li>Made with extra length in the body and arms.</li>
<li>Parell branded rubber back print.</li>
<li>Available in sizes MT to 3XLT. </li>
</ul></div>";published;;;;;;;;;;;;Hoodies;;true;;;;44554400923844;2XLT;Parell Evolve Tall Pullover Hoodie (titanium blue)-2XLT;;0;false;false;;;;;;;;;55.00;;Fit;2XLT;;;https://cdn.shopify.com/s/files/1/0618/4045/7924/files/Evolve-Hoodie-Titanium-Blue-1.jpg?v=1737711309;https://cdn.shopify.com/s/files/1/0618/4045/7924/files/Evolve-Hoodie-Titanium-Blue-2.jpg?v=1737711309;https://cdn.shopify.com/s/files/1/0618/4045/7924/files/Evolve-Hoodie-Titanium-Blue-3.jpg?v=1737711309;https://cdn.shopify.com/s/files/1/0618/4045/7924/files/Evolve-Hoodie-Titanium-Blue-4.jpg?v=1737711413;;;;"{""Fits Chest"": ""44-46\"""", ""chest_cm"": 122, ""front_length_cm"": 81, ""sleeve_length_cm"": 75}";"44-46""";122;81;75
prod_8166456983748;parell-evolve-tall-pullover-hoodie-titanium-blue;Parell Evolve Tall Pullover Hoodie (titanium blue);;"<div><ul>
<li>Parell Evolve Oversized Pullover Hoodie for tall men.</li>
<li>Designed to specifically cater to tall, slim and athletic build guys.</li>
<li>Made with extra length in the body and arms.</li>
<li>Parell branded rubber back print.</li>
<li>Available in sizes MT to 3XLT. </li>
</ul></div>";published;;;;;;;;;;;;Hoodies;;true;;;;44554400956612;3XLT;Parell Evolve Tall Pullover Hoodie (titanium blue)-3XLT;;0;false;false;;;;;;;;;55.00;;Fit;3XLT;;;https://cdn.shopify.com/s/files/1/0618/4045/7924/files/Evolve-Hoodie-Titanium-Blue-1.jpg?v=1737711309;https://cdn.shopify.com/s/files/1/0618/4045/7924/files/Evolve-Hoodie-Titanium-Blue-2.jpg?v=1737711309;https://cdn.shopify.com/s/files/1/0618/4045/7924/files/Evolve-Hoodie-Titanium-Blue-3.jpg?v=1737711309;https://cdn.shopify.com/s/files/1/0618/4045/7924/files/Evolve-Hoodie-Titanium-Blue-4.jpg?v=1737711413;;;;"{""Fits Chest"": ""46-48\"""", ""chest_cm"": 126, ""front_length_cm"": 82, ""sleeve_length_cm"": 75}";"46-48""";126;82;75
prod_8167093240004;parell-evolve-tall-shorts-titanium-blue;Parell Evolve Tall Shorts (titanium blue);;"<div><li>Parell Evolve Jogger Shorts for tall men.</li>
<li>Designed to specifically cater to tall, slim and athletic build guys.</li>
<li>Perfect for lounging or training.</li>
<li>Reflective Parell logo.</li>
<li> Elasticated waistband with drawstring.</li>
<li> Features two open side slit pockets.</li>
<li>UV Protection - tested up to UPF 50+.</li>
<li>Available in waist sizes MT to 2XLT.</li></div>";published;;;;;;;;;;;;Shorts;;true;;;;44556492013764;MT;Parell Evolve Tall Shorts (titanium blue)-MT;;0;false;false;;;;;;;;;35.00;;Fit;MT;;;https://cdn.shopify.com/s/files/1/0618/4045/7924/files/DSC07817-75_c08cb653-51fa-4040-85c9-7e3c0ab70b29.jpg?v=1737710616;https://cdn.shopify.com/s/files/1/0618/4045/7924/files/DSC07821-76_393906e0-31e3-4d0d-9892-f8cced966834.jpg?v=1737710616;https://cdn.shopify.com/s/files/1/0618/4045/7924/files/DSC07814-74_30d86bec-7b3a-4c96-8f28-baf713fd7c76.jpg?v=1737710616;https://cdn.shopify.com/s/files/1/0618/4045/7924/files/DSC07805-69_e665e102-a122-4d4a-8c5d-da60d9979ea2.jpg?v=1737710616;https://cdn.shopify.com/s/files/1/0618/4045/7924/files/DSC07806-70_bc30bfd1-02f3-4583-a74a-aa6d69a37246.jpg?v=1737710616;;;"{""Fits Chest"": ""38-40\"""", ""chest_cm"": 104, ""front_length_cm"": 78, ""sleeve_length_cm"": 73}";"38-40""";104;78;73
prod_8167093240004;parell-evolve-tall-shorts-titanium-blue;Parell Evolve Tall Shorts (titanium blue);;"<div><li>Parell Evolve Jogger Shorts for tall men.</li>
<li>Designed to specifically cater to tall, slim and athletic build guys.</li>
<li>Perfect for lounging or training.</li>
<li>Reflective Parell logo.</li>
<li> Elasticated waistband with drawstring.</li>
<li> Features two open side slit pockets.</li>
<li>UV Protection - tested up to UPF 50+.</li>
<li>Available in waist sizes MT to 2XLT.</li></div>";published;;;;;;;;;;;;Shorts;;true;;;;44556492046532;LT;Parell Evolve Tall Shorts (titanium blue)-LT;;0;false;false;;;;;;;;;35.00;;Fit;LT;;;https://cdn.shopify.com/s/files/1/0618/4045/7924/files/DSC07817-75_c08cb653-51fa-4040-85c9-7e3c0ab70b29.jpg?v=1737710616;https://cdn.shopify.com/s/files/1/0618/4045/7924/files/DSC07821-76_393906e0-31e3-4d0d-9892-f8cced966834.jpg?v=1737710616;https://cdn.shopify.com/s/files/1/0618/4045/7924/files/DSC07814-74_30d86bec-7b3a-4c96-8f28-baf713fd7c76.jpg?v=1737710616;https://cdn.shopify.com/s/files/1/0618/4045/7924/files/DSC07805-69_e665e102-a122-4d4a-8c5d-da60d9979ea2.jpg?v=1737710616;https://cdn.shopify.com/s/files/1/0618/4045/7924/files/DSC07806-70_bc30bfd1-02f3-4583-a74a-aa6d69a37246.jpg?v=1737710616;;;"{""Fits Chest"": ""40-42\"""", ""chest_cm"": 110, ""front_length_cm"": 79, ""sleeve_length_cm"": 74}";"40-42""";110;79;74
prod_8167093240004;parell-evolve-tall-shorts-titanium-blue;Parell Evolve Tall Shorts (titanium blue);;"<div><li>Parell Evolve Jogger Shorts for tall men.</li>
<li>Designed to specifically cater to tall, slim and athletic build guys.</li>
<li>Perfect for lounging or training.</li>
<li>Reflective Parell logo.</li>
<li> Elasticated waistband with drawstring.</li>
<li> Features two open side slit pockets.</li>
<li>UV Protection - tested up to UPF 50+.</li>
<li>Available in waist sizes MT to 2XLT.</li></div>";published;;;;;;;;;;;;Shorts;;true;;;;44556492079300;XLT;Parell Evolve Tall Shorts (titanium blue)-XLT;;0;false;false;;;;;;;;;35.00;;Fit;XLT;;;https://cdn.shopify.com/s/files/1/0618/4045/7924/files/DSC07817-75_c08cb653-51fa-4040-85c9-7e3c0ab70b29.jpg?v=1737710616;https://cdn.shopify.com/s/files/1/0618/4045/7924/files/DSC07821-76_393906e0-31e3-4d0d-9892-f8cced966834.jpg?v=1737710616;https://cdn.shopify.com/s/files/1/0618/4045/7924/files/DSC07814-74_30d86bec-7b3a-4c96-8f28-baf713fd7c76.jpg?v=1737710616;https://cdn.shopify.com/s/files/1/0618/4045/7924/files/DSC07805-69_e665e102-a122-4d4a-8c5d-da60d9979ea2.jpg?v=1737710616;https://cdn.shopify.com/s/files/1/0618/4045/7924/files/DSC07806-70_bc30bfd1-02f3-4583-a74a-aa6d69a37246.jpg?v=1737710616;;;"{""Fits Chest"": ""42-44\"""", ""chest_cm"": 114, ""front_length_cm"": 81, ""sleeve_length_cm"": 75}";"42-44""";114;81;75
prod_8167093240004;parell-evolve-tall-shorts-titanium-blue;Parell Evolve Tall Shorts (titanium blue);;"<div><li>Parell Evolve Jogger Shorts for tall men.</li>
<li>Designed to specifically cater to tall, slim and athletic build guys.</li>
<li>Perfect for lounging or training.</li>
<li>Reflective Parell logo.</li>
<li> Elasticated waistband with drawstring.</li>
<li> Features two open side slit pockets.</li>
<li>UV Protection - tested up to UPF 50+.</li>
<li>Available in waist sizes MT to 2XLT.</li></div>";published;;;;;;;;;;;;Shorts;;true;;;;44556492112068;2XLT;Parell Evolve Tall Shorts (titanium blue)-2XLT;;0;false;false;;;;;;;;;35.00;;Fit;2XLT;;;https://cdn.shopify.com/s/files/1/0618/4045/7924/files/DSC07817-75_c08cb653-51fa-4040-85c9-7e3c0ab70b29.jpg?v=1737710616;https://cdn.shopify.com/s/files/1/0618/4045/7924/files/DSC07821-76_393906e0-31e3-4d0d-9892-f8cced966834.jpg?v=1737710616;https://cdn.shopify.com/s/files/1/0618/4045/7924/files/DSC07814-74_30d86bec-7b3a-4c96-8f28-baf713fd7c76.jpg?v=1737710616;https://cdn.shopify.com/s/files/1/0618/4045/7924/files/DSC07805-69_e665e102-a122-4d4a-8c5d-da60d9979ea2.jpg?v=1737710616;https://cdn.shopify.com/s/files/1/0618/4045/7924/files/DSC07806-70_bc30bfd1-02f3-4583-a74a-aa6d69a37246.jpg?v=1737710616;;;"{""Fits Chest"": ""44-46\"""", ""chest_cm"": 122, ""front_length_cm"": 81, ""sleeve_length_cm"": 75}";"44-46""";122;81;75
prod_8167838154948;parell-evolve-tall-quarter-zip-training-top-titanium-blue;Parell Evolve Tall Quarter Zip Training Top (titanium blue);;"<div><li>Parell Evolve Long Sleeve Quarter-Zip Training Top for tall men.</li>
<li>The added body length and slight taper of the garment make them ideal for tall men who are 6'4"" and over.</li>
<li>4 inches (10cm) longer than the high street.</li>
<li>UV Protection - tested up to UPF 50+.</li>
<li>Reflective Parell logo.</li>
<li>Perfect for running, training and the gym.</li>
<li>Polyester composition helps  keeps the sweat away from the skin as you exercise, which helps you stay nice and cool.</li>
<li>Available in sizes MT to 3XLT.</li></div>";published;;;;;;;;;;;;T-Shirts;;true;;;;44558056980676;MT;Parell Evolve Tall Quarter Zip Training Top (titanium blue)-MT;;0;false;false;;;;;;;;;49.00;;Fit;MT;;;https://cdn.shopify.com/s/files/1/0618/4045/7924/files/DSC07486-3.jpg?v=1737646471;https://cdn.shopify.com/s/files/1/0618/4045/7924/files/DSC07506-6.jpg?v=1737646471;https://cdn.shopify.com/s/files/1/0618/4045/7924/files/DSC07503-5.jpg?v=1737646471;https://cdn.shopify.com/s/files/1/0618/4045/7924/files/DSC07508-7.jpg?v=1737646471;https://cdn.shopify.com/s/files/1/0618/4045/7924/files/DSC07499-4.jpg?v=1737646471;https://cdn.shopify.com/s/files/1/0618/4045/7924/files/DSC07478-2.jpg?v=1737646471;;"{""Fits Chest"": ""38-40\"""", ""chest_cm"": 104, ""front_length_cm"": 78, ""sleeve_length_cm"": 73}";"38-40""";104;78;73
prod_8167838154948;parell-evolve-tall-quarter-zip-training-top-titanium-blue;Parell Evolve Tall Quarter Zip Training Top (titanium blue);;"<div><li>Parell Evolve Long Sleeve Quarter-Zip Training Top for tall men.</li>
<li>The added body length and slight taper of the garment make them ideal for tall men who are 6'4"" and over.</li>
<li>4 inches (10cm) longer than the high street.</li>
<li>UV Protection - tested up to UPF 50+.</li>
<li>Reflective Parell logo.</li>
<li>Perfect for running, training and the gym.</li>
<li>Polyester composition helps  keeps the sweat away from the skin as you exercise, which helps you stay nice and cool.</li>
<li>Available in sizes MT to 3XLT.</li></div>";published;;;;;;;;;;;;T-Shirts;;true;;;;44558057013444;LT;Parell Evolve Tall Quarter Zip Training Top (titanium blue)-LT;;0;false;false;;;;;;;;;49.00;;Fit;LT;;;https://cdn.shopify.com/s/files/1/0618/4045/7924/files/DSC07486-3.jpg?v=1737646471;https://cdn.shopify.com/s/files/1/0618/4045/7924/files/DSC07506-6.jpg?v=1737646471;https://cdn.shopify.com/s/files/1/0618/4045/7924/files/DSC07503-5.jpg?v=1737646471;https://cdn.shopify.com/s/files/1/0618/4045/7924/files/DSC07508-7.jpg?v=1737646471;https://cdn.shopify.com/s/files/1/0618/4045/7924/files/DSC07499-4.jpg?v=1737646471;https://cdn.shopify.com/s/files/1/0618/4045/7924/files/DSC07478-2.jpg?v=1737646471;;"{""Fits Chest"": ""40-42\"""", ""chest_cm"": 110, ""front_length_cm"": 79, ""sleeve_length_cm"": 74}";"40-42""";110;79;74
prod_8167838154948;parell-evolve-tall-quarter-zip-training-top-titanium-blue;Parell Evolve Tall Quarter Zip Training Top (titanium blue);;"<div><li>Parell Evolve Long Sleeve Quarter-Zip Training Top for tall men.</li>
<li>The added body length and slight taper of the garment make them ideal for tall men who are 6'4"" and over.</li>
<li>4 inches (10cm) longer than the high street.</li>
<li>UV Protection - tested up to UPF 50+.</li>
<li>Reflective Parell logo.</li>
<li>Perfect for running, training and the gym.</li>
<li>Polyester composition helps  keeps the sweat away from the skin as you exercise, which helps you stay nice and cool.</li>
<li>Available in sizes MT to 3XLT.</li></div>";published;;;;;;;;;;;;T-Shirts;;true;;;;44558057046212;XLT;Parell Evolve Tall Quarter Zip Training Top (titanium blue)-XLT;;0;false;false;;;;;;;;;49.00;;Fit;XLT;;;https://cdn.shopify.com/s/files/1/0618/4045/7924/files/DSC07486-3.jpg?v=1737646471;https://cdn.shopify.com/s/files/1/0618/4045/7924/files/DSC07506-6.jpg?v=1737646471;https://cdn.shopify.com/s/files/1/0618/4045/7924/files/DSC07503-5.jpg?v=1737646471;https://cdn.shopify.com/s/files/1/0618/4045/7924/files/DSC07508-7.jpg?v=1737646471;https://cdn.shopify.com/s/files/1/0618/4045/7924/files/DSC07499-4.jpg?v=1737646471;https://cdn.shopify.com/s/files/1/0618/4045/7924/files/DSC07478-2.jpg?v=1737646471;;"{""Fits Chest"": ""42-44\"""", ""chest_cm"": 114, ""front_length_cm"": 81, ""sleeve_length_cm"": 75}";"42-44""";114;81;75
prod_8167838154948;parell-evolve-tall-quarter-zip-training-top-titanium-blue;Parell Evolve Tall Quarter Zip Training Top (titanium blue);;"<div><li>Parell Evolve Long Sleeve Quarter-Zip Training Top for tall men.</li>
<li>The added body length and slight taper of the garment make them ideal for tall men who are 6'4"" and over.</li>
<li>4 inches (10cm) longer than the high street.</li>
<li>UV Protection - tested up to UPF 50+.</li>
<li>Reflective Parell logo.</li>
<li>Perfect for running, training and the gym.</li>
<li>Polyester composition helps  keeps the sweat away from the skin as you exercise, which helps you stay nice and cool.</li>
<li>Available in sizes MT to 3XLT.</li></div>";published;;;;;;;;;;;;T-Shirts;;true;;;;44558057078980;2XLT;Parell Evolve Tall Quarter Zip Training Top (titanium blue)-2XLT;;0;false;false;;;;;;;;;49.00;;Fit;2XLT;;;https://cdn.shopify.com/s/files/1/0618/4045/7924/files/DSC07486-3.jpg?v=1737646471;https://cdn.shopify.com/s/files/1/0618/4045/7924/files/DSC07506-6.jpg?v=1737646471;https://cdn.shopify.com/s/files/1/0618/4045/7924/files/DSC07503-5.jpg?v=1737646471;https://cdn.shopify.com/s/files/1/0618/4045/7924/files/DSC07508-7.jpg?v=1737646471;https://cdn.shopify.com/s/files/1/0618/4045/7924/files/DSC07499-4.jpg?v=1737646471;https://cdn.shopify.com/s/files/1/0618/4045/7924/files/DSC07478-2.jpg?v=1737646471;;"{""Fits Chest"": ""44-46\"""", ""chest_cm"": 122, ""front_length_cm"": 81, ""sleeve_length_cm"": 75}";"44-46""";122;81;75
prod_8167838154948;parell-evolve-tall-quarter-zip-training-top-titanium-blue;Parell Evolve Tall Quarter Zip Training Top (titanium blue);;"<div><li>Parell Evolve Long Sleeve Quarter-Zip Training Top for tall men.</li>
<li>The added body length and slight taper of the garment make them ideal for tall men who are 6'4"" and over.</li>
<li>4 inches (10cm) longer than the high street.</li>
<li>UV Protection - tested up to UPF 50+.</li>
<li>Reflective Parell logo.</li>
<li>Perfect for running, training and the gym.</li>
<li>Polyester composition helps  keeps the sweat away from the skin as you exercise, which helps you stay nice and cool.</li>
<li>Available in sizes MT to 3XLT.</li></div>";published;;;;;;;;;;;;T-Shirts;;true;;;;44558057111748;3XLT;Parell Evolve Tall Quarter Zip Training Top (titanium blue)-3XLT;;0;false;false;;;;;;;;;49.00;;Fit;3XLT;;;https://cdn.shopify.com/s/files/1/0618/4045/7924/files/DSC07486-3.jpg?v=1737646471;https://cdn.shopify.com/s/files/1/0618/4045/7924/files/DSC07506-6.jpg?v=1737646471;https://cdn.shopify.com/s/files/1/0618/4045/7924/files/DSC07503-5.jpg?v=1737646471;https://cdn.shopify.com/s/files/1/0618/4045/7924/files/DSC07508-7.jpg?v=1737646471;https://cdn.shopify.com/s/files/1/0618/4045/7924/files/DSC07499-4.jpg?v=1737646471;https://cdn.shopify.com/s/files/1/0618/4045/7924/files/DSC07478-2.jpg?v=1737646471;;"{""Fits Chest"": ""46-48\"""", ""chest_cm"": 126, ""front_length_cm"": 82, ""sleeve_length_cm"": 75}";"46-48""";126;82;75
prod_7961437864132;parell-evolve-tall-spacedye-training-top-black;Parell Evolve Tall Spacedye Training Top (black);;"<div><li>Parell Evolve Tall Mens Spacedye  Training T-Shirt.</li>
<li>Perfect for the gym and training.</li>
<li>The added body length and slight taper of the garment make them ideal for tall men who are 6'4"" and over.</li>
<li>4 inches (10cm) longer than regular t-shirts.</li>
<li>UV Protection - tested up to UPF 50+.</li>
<li>Reflective Parell logo.</li>
<li>Available in sizes MT to 3XLT.</li></div>";published;;;;;;;;;;;;T-Shirts;;true;;;;43897740787908;MT;Parell Evolve Tall Spacedye Training Top (black)-MT;;0;false;false;;;;;;;;;19.00;;Fit;MT;;;https://cdn.shopify.com/s/files/1/0618/4045/7924/files/Evolve-Spacedye-Training-Top-Black-1.jpg?v=1737049255;https://cdn.shopify.com/s/files/1/0618/4045/7924/files/Evolve-Spacedye-Training-Top-Black-2.jpg?v=1737049255;https://cdn.shopify.com/s/files/1/0618/4045/7924/files/Evolve-Spacedye-Training-Top-Black-3.jpg?v=1737049255;https://cdn.shopify.com/s/files/1/0618/4045/7924/files/Evolve-Spacedye-Training-Top-Black-4.jpg?v=1737049255;https://cdn.shopify.com/s/files/1/0618/4045/7924/files/Evolve-Spacedye-Training-Top-Black-5.jpg?v=1737049255;https://cdn.shopify.com/s/files/1/0618/4045/7924/files/Evolve-Spacedye-Training-Top-Black-6.jpg?v=1737049255;;"{""Fits Chest"": ""38-40\"""", ""chest_cm"": 104, ""front_length_cm"": 78, ""sleeve_length_cm"": 73}";"38-40""";104;78;73
prod_7961437864132;parell-evolve-tall-spacedye-training-top-black;Parell Evolve Tall Spacedye Training Top (black);;"<div><li>Parell Evolve Tall Mens Spacedye  Training T-Shirt.</li>
<li>Perfect for the gym and training.</li>
<li>The added body length and slight taper of the garment make them ideal for tall men who are 6'4"" and over.</li>
<li>4 inches (10cm) longer than regular t-shirts.</li>
<li>UV Protection - tested up to UPF 50+.</li>
<li>Reflective Parell logo.</li>
<li>Available in sizes MT to 3XLT.</li></div>";published;;;;;;;;;;;;T-Shirts;;true;;;;43897740820676;LT;Parell Evolve Tall Spacedye Training Top (black)-LT;;0;false;false;;;;;;;;;19.00;;Fit;LT;;;https://cdn.shopify.com/s/files/1/0618/4045/7924/files/Evolve-Spacedye-Training-Top-Black-1.jpg?v=1737049255;https://cdn.shopify.com/s/files/1/0618/4045/7924/files/Evolve-Spacedye-Training-Top-Black-2.jpg?v=1737049255;https://cdn.shopify.com/s/files/1/0618/4045/7924/files/Evolve-Spacedye-Training-Top-Black-3.jpg?v=1737049255;https://cdn.shopify.com/s/files/1/0618/4045/7924/files/Evolve-Spacedye-Training-Top-Black-4.jpg?v=1737049255;https://cdn.shopify.com/s/files/1/0618/4045/7924/files/Evolve-Spacedye-Training-Top-Black-5.jpg?v=1737049255;https://cdn.shopify.com/s/files/1/0618/4045/7924/files/Evolve-Spacedye-Training-Top-Black-6.jpg?v=1737049255;;"{""Fits Chest"": ""40-42\"""", ""chest_cm"": 110, ""front_length_cm"": 79, ""sleeve_length_cm"": 74}";"40-42""";110;79;74
prod_7961437864132;parell-evolve-tall-spacedye-training-top-black;Parell Evolve Tall Spacedye Training Top (black);;"<div><li>Parell Evolve Tall Mens Spacedye  Training T-Shirt.</li>
<li>Perfect for the gym and training.</li>
<li>The added body length and slight taper of the garment make them ideal for tall men who are 6'4"" and over.</li>
<li>4 inches (10cm) longer than regular t-shirts.</li>
<li>UV Protection - tested up to UPF 50+.</li>
<li>Reflective Parell logo.</li>
<li>Available in sizes MT to 3XLT.</li></div>";published;;;;;;;;;;;;T-Shirts;;true;;;;43897740853444;XLT;Parell Evolve Tall Spacedye Training Top (black)-XLT;;0;false;false;;;;;;;;;19.00;;Fit;XLT;;;https://cdn.shopify.com/s/files/1/0618/4045/7924/files/Evolve-Spacedye-Training-Top-Black-1.jpg?v=1737049255;https://cdn.shopify.com/s/files/1/0618/4045/7924/files/Evolve-Spacedye-Training-Top-Black-2.jpg?v=1737049255;https://cdn.shopify.com/s/files/1/0618/4045/7924/files/Evolve-Spacedye-Training-Top-Black-3.jpg?v=1737049255;https://cdn.shopify.com/s/files/1/0618/4045/7924/files/Evolve-Spacedye-Training-Top-Black-4.jpg?v=1737049255;https://cdn.shopify.com/s/files/1/0618/4045/7924/files/Evolve-Spacedye-Training-Top-Black-5.jpg?v=1737049255;https://cdn.shopify.com/s/files/1/0618/4045/7924/files/Evolve-Spacedye-Training-Top-Black-6.jpg?v=1737049255;;"{""Fits Chest"": ""42-44\"""", ""chest_cm"": 114, ""front_length_cm"": 81, ""sleeve_length_cm"": 75}";"42-44""";114;81;75
prod_7961437864132;parell-evolve-tall-spacedye-training-top-black;Parell Evolve Tall Spacedye Training Top (black);;"<div><li>Parell Evolve Tall Mens Spacedye  Training T-Shirt.</li>
<li>Perfect for the gym and training.</li>
<li>The added body length and slight taper of the garment make them ideal for tall men who are 6'4"" and over.</li>
<li>4 inches (10cm) longer than regular t-shirts.</li>
<li>UV Protection - tested up to UPF 50+.</li>
<li>Reflective Parell logo.</li>
<li>Available in sizes MT to 3XLT.</li></div>";published;;;;;;;;;;;;T-Shirts;;true;;;;43897740886212;2XLT;Parell Evolve Tall Spacedye Training Top (black)-2XLT;;0;false;false;;;;;;;;;19.00;;Fit;2XLT;;;https://cdn.shopify.com/s/files/1/0618/4045/7924/files/Evolve-Spacedye-Training-Top-Black-1.jpg?v=1737049255;https://cdn.shopify.com/s/files/1/0618/4045/7924/files/Evolve-Spacedye-Training-Top-Black-2.jpg?v=1737049255;https://cdn.shopify.com/s/files/1/0618/4045/7924/files/Evolve-Spacedye-Training-Top-Black-3.jpg?v=1737049255;https://cdn.shopify.com/s/files/1/0618/4045/7924/files/Evolve-Spacedye-Training-Top-Black-4.jpg?v=1737049255;https://cdn.shopify.com/s/files/1/0618/4045/7924/files/Evolve-Spacedye-Training-Top-Black-5.jpg?v=1737049255;https://cdn.shopify.com/s/files/1/0618/4045/7924/files/Evolve-Spacedye-Training-Top-Black-6.jpg?v=1737049255;;"{""Fits Chest"": ""44-46\"""", ""chest_cm"": 122, ""front_length_cm"": 81, ""sleeve_length_cm"": 75}";"44-46""";122;81;75
prod_7961437864132;parell-evolve-tall-spacedye-training-top-black;Parell Evolve Tall Spacedye Training Top (black);;"<div><li>Parell Evolve Tall Mens Spacedye  Training T-Shirt.</li>
<li>Perfect for the gym and training.</li>
<li>The added body length and slight taper of the garment make them ideal for tall men who are 6'4"" and over.</li>
<li>4 inches (10cm) longer than regular t-shirts.</li>
<li>UV Protection - tested up to UPF 50+.</li>
<li>Reflective Parell logo.</li>
<li>Available in sizes MT to 3XLT.</li></div>";published;;;;;;;;;;;;T-Shirts;;true;;;;43897740918980;3XLT;Parell Evolve Tall Spacedye Training Top (black)-3XLT;;0;false;false;;;;;;;;;19.00;;Fit;3XLT;;;https://cdn.shopify.com/s/files/1/0618/4045/7924/files/Evolve-Spacedye-Training-Top-Black-1.jpg?v=1737049255;https://cdn.shopify.com/s/files/1/0618/4045/7924/files/Evolve-Spacedye-Training-Top-Black-2.jpg?v=1737049255;https://cdn.shopify.com/s/files/1/0618/4045/7924/files/Evolve-Spacedye-Training-Top-Black-3.jpg?v=1737049255;https://cdn.shopify.com/s/files/1/0618/4045/7924/files/Evolve-Spacedye-Training-Top-Black-4.jpg?v=1737049255;https://cdn.shopify.com/s/files/1/0618/4045/7924/files/Evolve-Spacedye-Training-Top-Black-5.jpg?v=1737049255;https://cdn.shopify.com/s/files/1/0618/4045/7924/files/Evolve-Spacedye-Training-Top-Black-6.jpg?v=1737049255;;"{""Fits Chest"": ""46-48\"""", ""chest_cm"": 126, ""front_length_cm"": 82, ""sleeve_length_cm"": 75}";"46-48""";126;82;75
prod_7961426559172;parell-evolve-tall-joggers-khaki;Parell Evolve Tall Joggers (khaki);;"<div><ul>
<li>Parell Evolve Fit Extra Long Joggers for tall men.</li>
<li>Designed to specifically to cater to tall, slim and athletic build guys.</li>
<li>Soft touch sweat pants.</li>
<li>Perfect for training and loungewear.</li>
<li>Cuffed hem.</li>
<li>MT to 2XLT waist sizes available.</li>
<li>36 and 38 inch inside leg sizes available.</li>
</ul></div>";published;;;;;;;;;;;;Joggers;;true;;;;43897706283204;MT / 36;Parell Evolve Tall Joggers (khaki)-MT/36;;0;false;false;;;;;;;;;45.00;;Fit;MT;;;https://cdn.shopify.com/s/files/1/0618/4045/7924/files/Evolve-Oversized-Joggers-Khaki-1.jpg?v=1737048667;https://cdn.shopify.com/s/files/1/0618/4045/7924/files/Evolve-Oversized-Joggers-Khaki-2.jpg?v=1737048667;https://cdn.shopify.com/s/files/1/0618/4045/7924/files/Evolve-Oversized-Joggers-Khaki-3.jpg?v=1737048667;https://cdn.shopify.com/s/files/1/0618/4045/7924/files/Evolve-Oversized-Joggers-Khaki-4.jpg?v=1737048667;https://cdn.shopify.com/s/files/1/0618/4045/7924/files/Evolve-Oversized-Joggers-Khaki-5.jpg?v=1737048667;https://cdn.shopify.com/s/files/1/0618/4045/7924/files/Evolve-Oversized-Joggers-Khaki-6.jpg?v=1737048667;;"{""Fits Chest"": ""38-40\"""", ""chest_cm"": 104, ""front_length_cm"": 78, ""sleeve_length_cm"": 73}";"38-40""";104;78;73
prod_7961426559172;parell-evolve-tall-joggers-khaki;Parell Evolve Tall Joggers (khaki);;"<div><ul>
<li>Parell Evolve Fit Extra Long Joggers for tall men.</li>
<li>Designed to specifically to cater to tall, slim and athletic build guys.</li>
<li>Soft touch sweat pants.</li>
<li>Perfect for training and loungewear.</li>
<li>Cuffed hem.</li>
<li>MT to 2XLT waist sizes available.</li>
<li>36 and 38 inch inside leg sizes available.</li>
</ul></div>";published;;;;;;;;;;;;Joggers;;true;;;;43897706315972;MT / 38;Parell Evolve Tall Joggers (khaki)-MT/38;;0;false;false;;;;;;;;;45.00;;Fit;MT;;;https://cdn.shopify.com/s/files/1/0618/4045/7924/files/Evolve-Oversized-Joggers-Khaki-1.jpg?v=1737048667;https://cdn.shopify.com/s/files/1/0618/4045/7924/files/Evolve-Oversized-Joggers-Khaki-2.jpg?v=1737048667;https://cdn.shopify.com/s/files/1/0618/4045/7924/files/Evolve-Oversized-Joggers-Khaki-3.jpg?v=1737048667;https://cdn.shopify.com/s/files/1/0618/4045/7924/files/Evolve-Oversized-Joggers-Khaki-4.jpg?v=1737048667;https://cdn.shopify.com/s/files/1/0618/4045/7924/files/Evolve-Oversized-Joggers-Khaki-5.jpg?v=1737048667;https://cdn.shopify.com/s/files/1/0618/4045/7924/files/Evolve-Oversized-Joggers-Khaki-6.jpg?v=1737048667;;"{""Fits Chest"": ""38-40\"""", ""chest_cm"": 104, ""front_length_cm"": 78, ""sleeve_length_cm"": 73}";"38-40""";104;78;73
prod_7961426559172;parell-evolve-tall-joggers-khaki;Parell Evolve Tall Joggers (khaki);;"<div><ul>
<li>Parell Evolve Fit Extra Long Joggers for tall men.</li>
<li>Designed to specifically to cater to tall, slim and athletic build guys.</li>
<li>Soft touch sweat pants.</li>
<li>Perfect for training and loungewear.</li>
<li>Cuffed hem.</li>
<li>MT to 2XLT waist sizes available.</li>
<li>36 and 38 inch inside leg sizes available.</li>
</ul></div>";published;;;;;;;;;;;;Joggers;;true;;;;43897706348740;LT / 36;Parell Evolve Tall Joggers (khaki)-LT/36;;0;false;false;;;;;;;;;45.00;;Fit;LT;;;https://cdn.shopify.com/s/files/1/0618/4045/7924/files/Evolve-Oversized-Joggers-Khaki-1.jpg?v=1737048667;https://cdn.shopify.com/s/files/1/0618/4045/7924/files/Evolve-Oversized-Joggers-Khaki-2.jpg?v=1737048667;https://cdn.shopify.com/s/files/1/0618/4045/7924/files/Evolve-Oversized-Joggers-Khaki-3.jpg?v=1737048667;https://cdn.shopify.com/s/files/1/0618/4045/7924/files/Evolve-Oversized-Joggers-Khaki-4.jpg?v=1737048667;https://cdn.shopify.com/s/files/1/0618/4045/7924/files/Evolve-Oversized-Joggers-Khaki-5.jpg?v=1737048667;https://cdn.shopify.com/s/files/1/0618/4045/7924/files/Evolve-Oversized-Joggers-Khaki-6.jpg?v=1737048667;;"{""Fits Chest"": ""40-42\"""", ""chest_cm"": 110, ""front_length_cm"": 79, ""sleeve_length_cm"": 74}";"40-42""";110;79;74
prod_7961426559172;parell-evolve-tall-joggers-khaki;Parell Evolve Tall Joggers (khaki);;"<div><ul>
<li>Parell Evolve Fit Extra Long Joggers for tall men.</li>
<li>Designed to specifically to cater to tall, slim and athletic build guys.</li>
<li>Soft touch sweat pants.</li>
<li>Perfect for training and loungewear.</li>
<li>Cuffed hem.</li>
<li>MT to 2XLT waist sizes available.</li>
<li>36 and 38 inch inside leg sizes available.</li>
</ul></div>";published;;;;;;;;;;;;Joggers;;true;;;;43897706381508;LT / 38;Parell Evolve Tall Joggers (khaki)-LT/38;;0;false;false;;;;;;;;;45.00;;Fit;LT;;;https://cdn.shopify.com/s/files/1/0618/4045/7924/files/Evolve-Oversized-Joggers-Khaki-1.jpg?v=1737048667;https://cdn.shopify.com/s/files/1/0618/4045/7924/files/Evolve-Oversized-Joggers-Khaki-2.jpg?v=1737048667;https://cdn.shopify.com/s/files/1/0618/4045/7924/files/Evolve-Oversized-Joggers-Khaki-3.jpg?v=1737048667;https://cdn.shopify.com/s/files/1/0618/4045/7924/files/Evolve-Oversized-Joggers-Khaki-4.jpg?v=1737048667;https://cdn.shopify.com/s/files/1/0618/4045/7924/files/Evolve-Oversized-Joggers-Khaki-5.jpg?v=1737048667;https://cdn.shopify.com/s/files/1/0618/4045/7924/files/Evolve-Oversized-Joggers-Khaki-6.jpg?v=1737048667;;"{""Fits Chest"": ""40-42\"""", ""chest_cm"": 110, ""front_length_cm"": 79, ""sleeve_length_cm"": 74}";"40-42""";110;79;74
prod_7961426559172;parell-evolve-tall-joggers-khaki;Parell Evolve Tall Joggers (khaki);;"<div><ul>
<li>Parell Evolve Fit Extra Long Joggers for tall men.</li>
<li>Designed to specifically to cater to tall, slim and athletic build guys.</li>
<li>Soft touch sweat pants.</li>
<li>Perfect for training and loungewear.</li>
<li>Cuffed hem.</li>
<li>MT to 2XLT waist sizes available.</li>
<li>36 and 38 inch inside leg sizes available.</li>
</ul></div>";published;;;;;;;;;;;;Joggers;;true;;;;43897706414276;XLT / 36;Parell Evolve Tall Joggers (khaki)-XLT/36;;0;false;false;;;;;;;;;45.00;;Fit;XLT;;;https://cdn.shopify.com/s/files/1/0618/4045/7924/files/Evolve-Oversized-Joggers-Khaki-1.jpg?v=1737048667;https://cdn.shopify.com/s/files/1/0618/4045/7924/files/Evolve-Oversized-Joggers-Khaki-2.jpg?v=1737048667;https://cdn.shopify.com/s/files/1/0618/4045/7924/files/Evolve-Oversized-Joggers-Khaki-3.jpg?v=1737048667;https://cdn.shopify.com/s/files/1/0618/4045/7924/files/Evolve-Oversized-Joggers-Khaki-4.jpg?v=1737048667;https://cdn.shopify.com/s/files/1/0618/4045/7924/files/Evolve-Oversized-Joggers-Khaki-5.jpg?v=1737048667;https://cdn.shopify.com/s/files/1/0618/4045/7924/files/Evolve-Oversized-Joggers-Khaki-6.jpg?v=1737048667;;"{""Fits Chest"": ""42-44\"""", ""chest_cm"": 114, ""front_length_cm"": 81, ""sleeve_length_cm"": 75}";"42-44""";114;81;75
prod_7961426559172;parell-evolve-tall-joggers-khaki;Parell Evolve Tall Joggers (khaki);;"<div><ul>
<li>Parell Evolve Fit Extra Long Joggers for tall men.</li>
<li>Designed to specifically to cater to tall, slim and athletic build guys.</li>
<li>Soft touch sweat pants.</li>
<li>Perfect for training and loungewear.</li>
<li>Cuffed hem.</li>
<li>MT to 2XLT waist sizes available.</li>
<li>36 and 38 inch inside leg sizes available.</li>
</ul></div>";published;;;;;;;;;;;;Joggers;;true;;;;43897706447044;XLT / 38;Parell Evolve Tall Joggers (khaki)-XLT/38;;0;false;false;;;;;;;;;45.00;;Fit;XLT;;;https://cdn.shopify.com/s/files/1/0618/4045/7924/files/Evolve-Oversized-Joggers-Khaki-1.jpg?v=1737048667;https://cdn.shopify.com/s/files/1/0618/4045/7924/files/Evolve-Oversized-Joggers-Khaki-2.jpg?v=1737048667;https://cdn.shopify.com/s/files/1/0618/4045/7924/files/Evolve-Oversized-Joggers-Khaki-3.jpg?v=1737048667;https://cdn.shopify.com/s/files/1/0618/4045/7924/files/Evolve-Oversized-Joggers-Khaki-4.jpg?v=1737048667;https://cdn.shopify.com/s/files/1/0618/4045/7924/files/Evolve-Oversized-Joggers-Khaki-5.jpg?v=1737048667;https://cdn.shopify.com/s/files/1/0618/4045/7924/files/Evolve-Oversized-Joggers-Khaki-6.jpg?v=1737048667;;"{""Fits Chest"": ""42-44\"""", ""chest_cm"": 114, ""front_length_cm"": 81, ""sleeve_length_cm"": 75}";"42-44""";114;81;75
prod_7961426559172;parell-evolve-tall-joggers-khaki;Parell Evolve Tall Joggers (khaki);;"<div><ul>
<li>Parell Evolve Fit Extra Long Joggers for tall men.</li>
<li>Designed to specifically to cater to tall, slim and athletic build guys.</li>
<li>Soft touch sweat pants.</li>
<li>Perfect for training and loungewear.</li>
<li>Cuffed hem.</li>
<li>MT to 2XLT waist sizes available.</li>
<li>36 and 38 inch inside leg sizes available.</li>
</ul></div>";published;;;;;;;;;;;;Joggers;;true;;;;43897706479812;2XLT / 36;Parell Evolve Tall Joggers (khaki)-2XLT/36;;0;false;false;;;;;;;;;45.00;;Fit;2XLT;;;https://cdn.shopify.com/s/files/1/0618/4045/7924/files/Evolve-Oversized-Joggers-Khaki-1.jpg?v=1737048667;https://cdn.shopify.com/s/files/1/0618/4045/7924/files/Evolve-Oversized-Joggers-Khaki-2.jpg?v=1737048667;https://cdn.shopify.com/s/files/1/0618/4045/7924/files/Evolve-Oversized-Joggers-Khaki-3.jpg?v=1737048667;https://cdn.shopify.com/s/files/1/0618/4045/7924/files/Evolve-Oversized-Joggers-Khaki-4.jpg?v=1737048667;https://cdn.shopify.com/s/files/1/0618/4045/7924/files/Evolve-Oversized-Joggers-Khaki-5.jpg?v=1737048667;https://cdn.shopify.com/s/files/1/0618/4045/7924/files/Evolve-Oversized-Joggers-Khaki-6.jpg?v=1737048667;;"{""Fits Chest"": ""44-46\"""", ""chest_cm"": 122, ""front_length_cm"": 81, ""sleeve_length_cm"": 75}";"44-46""";122;81;75
prod_7961426559172;parell-evolve-tall-joggers-khaki;Parell Evolve Tall Joggers (khaki);;"<div><ul>
<li>Parell Evolve Fit Extra Long Joggers for tall men.</li>
<li>Designed to specifically to cater to tall, slim and athletic build guys.</li>
<li>Soft touch sweat pants.</li>
<li>Perfect for training and loungewear.</li>
<li>Cuffed hem.</li>
<li>MT to 2XLT waist sizes available.</li>
<li>36 and 38 inch inside leg sizes available.</li>
</ul></div>";published;;;;;;;;;;;;Joggers;;true;;;;43897706545348;2XLT / 38;Parell Evolve Tall Joggers (khaki)-2XLT/38;;0;false;false;;;;;;;;;45.00;;Fit;2XLT;;;https://cdn.shopify.com/s/files/1/0618/4045/7924/files/Evolve-Oversized-Joggers-Khaki-1.jpg?v=1737048667;https://cdn.shopify.com/s/files/1/0618/4045/7924/files/Evolve-Oversized-Joggers-Khaki-2.jpg?v=1737048667;https://cdn.shopify.com/s/files/1/0618/4045/7924/files/Evolve-Oversized-Joggers-Khaki-3.jpg?v=1737048667;https://cdn.shopify.com/s/files/1/0618/4045/7924/files/Evolve-Oversized-Joggers-Khaki-4.jpg?v=1737048667;https://cdn.shopify.com/s/files/1/0618/4045/7924/files/Evolve-Oversized-Joggers-Khaki-5.jpg?v=1737048667;https://cdn.shopify.com/s/files/1/0618/4045/7924/files/Evolve-Oversized-Joggers-Khaki-6.jpg?v=1737048667;;"{""Fits Chest"": ""44-46\"""", ""chest_cm"": 122, ""front_length_cm"": 81, ""sleeve_length_cm"": 75}";"44-46""";122;81;75
